examId,questionId,number,answer,explanationSource,flags,duplicateOptions,hasImageContext,hasScript,quarantinedExplanation,translationSignal,alternativesSignal,summarySignal,changedAnswer,previousAnswer,semanticReview
"toan-n3-202512-full","toan_q_2025_12_1","1","3","embedded","","","false","false","false","true","true","false","false","3","not_certified_by_automation"
"toan-n3-202512-full","toan_q_2025_12_2","2","2","embedded","","","false","false","false","true","false","false","false","2","not_certified_by_automation"
"toan-n3-202512-full","toan_q_2025_12_3","3","4","embedded","","","false","false","false","true","true","false","false","4","not_certified_by_automation"
"toan-n3-202512-full","toan_q_2025_12_4","4","1","embedded","","","false","false","false","true","false","false","false","1","not_certified_by_automation"
"toan-n3-202512-full","toan_q_2025_12_5","5","2","embedded","","","false","false","false","true","false","false","false","2","not_certified_by_automation"
"toan-n3-202512-full","toan_q_2025_12_6","6","3","embedded","","","false","false","false","true","false","false","false","3","not_certified_by_automation"
"toan-n3-202512-full","toan_q_2025_12_7","7","1","embedded","","","false","false","false","true","false","false","false","1","not_certified_by_automation"
"toan-n3-202512-full","toan_q_2025_12_8","8","4","embedded","","","false","false","false","true","true","false","false","4","not_certified_by_automation"
"toan-n3-202512-full","toan_q_2025_12_9","9","2","embedded","","","false","false","false","true","false","false","false","2","not_certified_by_automation"
"toan-n3-202512-full","toan_q_2025_12_10","10","2","embedded","","","false","false","false","true","false","false","false","2","not_certified_by_automation"
"toan-n3-202512-full","toan_q_2025_12_11","11","4","embedded","","","false","false","false","true","false","false","false","4","not_certified_by_automation"
"toan-n3-202512-full","toan_q_2025_12_12","12","3","embedded","","","false","false","false","true","false","false","false","3","not_certified_by_automation"
"toan-n3-202512-full","toan_q_2025_12_13","13","1","embedded","","","false","false","false","true","false","false","false","1","not_certified_by_automation"
"toan-n3-202512-full","toan_q_2025_12_14","14","3","embedded","","","false","false","false","true","true","false","false","3","not_certified_by_automation"
"toan-n3-202512-full","toan_q_2025_12_15","15","4","embedded","","","false","false","false","true","true","false","false","4","not_certified_by_automation"
"toan-n3-202512-full","toan_q_2025_12_16","16","3","embedded","","","false","false","false","true","true","false","false","3","not_certified_by_automation"
"toan-n3-202512-full","toan_q_2025_12_17","17","2","embedded","","","false","false","false","true","true","false","false","2","not_certified_by_automation"
"toan-n3-202512-full","toan_q_2025_12_18","18","3","embedded","","","false","false","false","true","true","false","false","3","not_certified_by_automation"
"toan-n3-202512-full","toan_q_2025_12_19","19","1","embedded","","","false","false","false","true","true","false","false","1","not_certified_by_automation"
"toan-n3-202512-full","toan_q_2025_12_20","20","2","embedded","","","false","false","false","true","true","false","false","2","not_certified_by_automation"
"toan-n3-202512-full","toan_q_2025_12_21","21","4","embedded","","","false","false","false","true","true","false","false","4","not_certified_by_automation"
"toan-n3-202512-full","toan_q_2025_12_22","22","1","embedded","","","false","false","false","true","true","false","false","1","not_certified_by_automation"
"toan-n3-202512-full","toan_q_2025_12_23","23","3","embedded","","","false","false","false","true","true","false","false","3","not_certified_by_automation"
"toan-n3-202512-full","toan_q_2025_12_24","24","4","embedded","","","false","false","false","true","true","false","false","4","not_certified_by_automation"
"toan-n3-202512-full","toan_q_2025_12_25","25","1","embedded","","","false","false","false","true","true","false","false","1","not_certified_by_automation"
"toan-n3-202512-full","toan_q_2025_12_26","26","4","embedded","","","false","false","false","true","true","true","false","4","not_certified_by_automation"
"toan-n3-202512-full","toan_q_2025_12_27","27","3","embedded","","","false","false","false","true","true","false","false","3","not_certified_by_automation"
"toan-n3-202512-full","toan_q_2025_12_28","28","2","embedded","","","false","false","false","true","true","false","false","2","not_certified_by_automation"
"toan-n3-202512-full","toan_q_2025_12_29","29","4","embedded","","","false","false","false","true","true","false","false","4","not_certified_by_automation"
"toan-n3-202512-full","toan_q_2025_12_30","30","3","embedded","","","false","false","false","true","true","true","false","3","not_certified_by_automation"
"toan-n3-202512-full","toan_q_2025_12_31","31","2","embedded","","","false","false","false","true","false","true","false","2","not_certified_by_automation"
"toan-n3-202512-full","toan_q_2025_12_32","32","3","embedded","","","false","false","false","true","true","true","false","3","not_certified_by_automation"
"toan-n3-202512-full","toan_q_2025_12_33","33","4","embedded","","","false","false","false","true","false","true","false","4","not_certified_by_automation"
"toan-n3-202512-full","toan_q_2025_12_34","34","1","embedded","","","false","false","false","true","false","true","false","1","not_certified_by_automation"
"toan-n3-202512-full","toan_q_2025_12_35","35","3","embedded","","","false","false","false","true","false","true","false","3","not_certified_by_automation"
"toan-n3-202512-full","toan_q_2025_12_36","36","1","embedded","","","false","false","false","true","true","true","false","1","not_certified_by_automation"
"toan-n3-202512-full","toan_q_2025_12_37","37","4","embedded","","","false","false","false","true","true","true","false","4","not_certified_by_automation"
"toan-n3-202512-full","toan_q_2025_12_38","38","1","embedded","","","false","false","false","true","false","true","false","1","not_certified_by_automation"
"toan-n3-202512-full","toan_q_2025_12_39","39","2","embedded","","","false","false","false","true","true","true","false","2","not_certified_by_automation"
"toan-n3-202512-full","toan_q_2025_12_40","40","3","embedded","","","false","false","false","true","true","true","false","3","not_certified_by_automation"
"toan-n3-202512-full","toan_q_2025_12_41","41","4","embedded","","","false","false","false","true","false","true","false","4","not_certified_by_automation"
"toan-n3-202512-full","toan_q_2025_12_42","42","4","embedded","","","false","false","false","true","false","true","false","4","not_certified_by_automation"
"toan-n3-202512-full","toan_q_2025_12_43","43","2","embedded","","","false","false","false","true","true","true","false","2","not_certified_by_automation"
"toan-n3-202512-full","toan_q_2025_12_44","44","3","embedded","","","false","false","false","true","true","true","false","3","not_certified_by_automation"
"toan-n3-202512-full","toan_q_2025_12_45","45","4","embedded","","","false","false","false","true","false","true","false","4","not_certified_by_automation"
"toan-n3-202512-full","toan_q_2025_12_46","46","2","embedded","","","false","false","false","true","true","true","false","2","not_certified_by_automation"
"toan-n3-202512-full","toan_q_2025_12_47","47","3","embedded","","","false","false","false","true","true","true","false","3","not_certified_by_automation"
"toan-n3-202512-full","toan_q_2025_12_48","48","1","embedded","","","false","false","false","true","false","true","false","1","not_certified_by_automation"
"toan-n3-202512-full","toan_q_2025_12_49","49","3","curated","","","false","false","false","true","false","false","false","3","not_certified_by_automation"
"toan-n3-202512-full","toan_q_2025_12_50","50","1","embedded","","","false","false","false","true","false","false","false","1","not_certified_by_automation"
"toan-n3-202512-full","toan_q_2025_12_51","51","4","curated","","","false","false","false","true","false","true","false","4","not_certified_by_automation"
"toan-n3-202512-full","toan_q_2025_12_52","52","2","curated","","","false","false","false","true","false","false","false","2","not_certified_by_automation"
"toan-n3-202512-full","toan_q_2025_12_53","53","3","curated","","","false","false","false","true","false","false","false","3","not_certified_by_automation"
"toan-n3-202512-full","toan_q_2025_12_54","54","3","embedded","","","false","false","false","true","false","true","false","3","not_certified_by_automation"
"toan-n3-202512-full","toan_q_2025_12_55","55","4","embedded","","","false","false","false","true","true","true","false","4","not_certified_by_automation"
"toan-n3-202512-full","toan_q_2025_12_56","56","1","embedded","","","false","false","false","true","false","true","false","1","not_certified_by_automation"
"toan-n3-202512-full","toan_q_2025_12_57","57","2","embedded","","","false","false","false","true","false","true","false","2","not_certified_by_automation"
"toan-n3-202512-full","toan_q_2025_12_58","58","2","curated","","","false","false","false","false","false","false","false","2","not_certified_by_automation"
"toan-n3-202512-full","toan_q_2025_12_59","59","4","curated","","","false","false","false","false","false","false","false","4","not_certified_by_automation"
"toan-n3-202512-full","toan_q_2025_12_60","60","2","curated","","","false","false","false","false","false","true","false","2","not_certified_by_automation"
"toan-n3-202512-full","toan_q_2025_12_61","61","1","curated","","","false","false","false","false","false","false","false","1","not_certified_by_automation"
"toan-n3-202512-full","toan_q_2025_12_62","62","1","curated","","","false","false","false","false","false","false","false","1","not_certified_by_automation"
"toan-n3-202512-full","toan_q_2025_12_63","63","4","curated","","","false","false","false","false","false","false","false","4","not_certified_by_automation"
"toan-n3-202512-full","toan_q_2025_12_64","64","3","curated","","","false","false","false","false","false","false","false","3","not_certified_by_automation"
"toan-n3-202512-full","toan_q_2025_12_65","65","4","curated","","","false","false","false","false","false","false","false","4","not_certified_by_automation"
"toan-n3-202512-full","toan_q_2025_12_66","66","3","curated","","","false","false","false","false","true","false","false","3","not_certified_by_automation"
"toan-n3-202512-full","toan_q_2025_12_67","67","2","curated","","","false","false","false","false","false","false","false","2","not_certified_by_automation"
"toan-n3-202512-full","toan_q_2025_12_68","68","3","curated","","","false","false","false","false","false","false","false","3","not_certified_by_automation"
"toan-n3-202512-full","toan_q_2025_12_69","69","3","curated","","","false","false","false","false","false","false","false","3","not_certified_by_automation"
"toan-n3-202512-full","toan_q_2025_12_70","70","4","curated","","","false","false","false","false","false","false","false","4","not_certified_by_automation"
"toan-n3-202512-full","toan_q_2025_12_71","71","4","curated","","","false","false","false","false","false","false","false","4","not_certified_by_automation"
"toan-n3-202512-full","toan_q_2025_12_72","72","1","curated","","","false","false","false","false","false","false","false","1","not_certified_by_automation"
"toan-n3-202512-full","toan_q_2025_12_73","73","1","curated","","","false","false","false","false","false","false","false","1","not_certified_by_automation"
"toan-n3-202512-full","toan_q_2025_12_74","74","2","curated","","","false","true","false","false","false","false","false","2","not_certified_by_automation"
"toan-n3-202512-full","toan_q_2025_12_75","75","4","curated","","","false","true","false","false","false","false","false","4","not_certified_by_automation"
"toan-n3-202512-full","toan_q_2025_12_76","76","3","curated","","","true","true","false","false","false","false","false","3","not_certified_by_automation"
"toan-n3-202512-full","toan_q_2025_12_77","77","2","curated","","","false","true","false","false","false","false","false","2","not_certified_by_automation"
"toan-n3-202512-full","toan_q_2025_12_78","78","1","curated","","","false","true","false","false","false","false","false","1","not_certified_by_automation"
"toan-n3-202512-full","toan_q_2025_12_79","79","3","curated","","","false","true","false","false","false","false","false","3","not_certified_by_automation"
"toan-n3-202512-full","toan_q_2025_12_80","80","4","curated","","","false","true","false","false","false","false","false","4","not_certified_by_automation"
"toan-n3-202512-full","toan_q_2025_12_81","81","1","curated","","","false","true","false","false","false","false","false","1","not_certified_by_automation"
"toan-n3-202512-full","toan_q_2025_12_82","82","2","curated","","","false","true","false","false","false","false","false","2","not_certified_by_automation"
"toan-n3-202512-full","toan_q_2025_12_83","83","2","curated","","","false","true","false","false","false","false","false","2","not_certified_by_automation"
"toan-n3-202512-full","toan_q_2025_12_84","84","3","curated","","","false","true","false","false","false","false","false","3","not_certified_by_automation"
"toan-n3-202512-full","toan_q_2025_12_85","85","1","curated","","","false","true","false","false","false","false","false","1","not_certified_by_automation"
"toan-n3-202512-full","toan_q_2025_12_86","86","2","curated","","","false","true","false","false","false","false","false","2","not_certified_by_automation"
"toan-n3-202512-full","toan_q_2025_12_87","87","3","curated","","","false","true","false","false","false","true","false","3","not_certified_by_automation"
"toan-n3-202512-full","toan_q_2025_12_88","88","4","curated","","","false","true","false","false","false","false","true","3","not_certified_by_automation"
"toan-n3-202512-full","toan_q_2025_12_89","89","3","curated","","","true","true","false","true","false","false","true","2","not_certified_by_automation"
"toan-n3-202512-full","toan_q_2025_12_90","90","2","curated","","","true","true","false","false","false","false","false","2","not_certified_by_automation"
"toan-n3-202512-full","toan_q_2025_12_91","91","1","curated","","","true","true","false","false","false","false","false","1","not_certified_by_automation"
"toan-n3-202512-full","toan_q_2025_12_92","92","1","curated","","","true","true","false","false","false","false","false","1","not_certified_by_automation"
"toan-n3-202512-full","toan_q_2025_12_93","93","3","curated","","","false","true","false","false","true","false","false","3","not_certified_by_automation"
"toan-n3-202512-full","toan_q_2025_12_94","94","1","curated","","","false","true","false","true","false","false","false","1","not_certified_by_automation"
"toan-n3-202512-full","toan_q_2025_12_95","95","1","curated","","","false","true","false","false","false","false","false","1","not_certified_by_automation"
"toan-n3-202512-full","toan_q_2025_12_96","96","3","curated","","","false","true","false","true","false","false","false","3","not_certified_by_automation"
"toan-n3-202512-full","toan_q_2025_12_97","97","2","curated","","","false","true","false","false","false","false","false","2","not_certified_by_automation"
"toan-n3-202512-full","toan_q_2025_12_98","98","3","curated","","","false","true","false","false","false","false","false","3","not_certified_by_automation"
"toan-n3-202512-full","toan_q_2025_12_99","99","3","curated","","","false","true","false","false","true","false","false","3","not_certified_by_automation"
"toan-n3-202512-full","toan_q_2025_12_100","100","2","curated","","","false","true","false","false","true","false","false","2","not_certified_by_automation"
"toan-n3-202512-full","toan_q_2025_12_101","101","1","curated","","","false","true","false","false","true","false","false","1","not_certified_by_automation"
"toan-n3-202507-full","toan_q_2025_07_1","1","1","embedded","","","false","false","false","true","false","false","false","1","not_certified_by_automation"
"toan-n3-202507-full","toan_q_2025_07_2","2","1","embedded","","","false","false","false","true","false","false","false","1","not_certified_by_automation"
"toan-n3-202507-full","toan_q_2025_07_3","3","3","embedded","","","false","false","false","true","true","false","false","3","not_certified_by_automation"
"toan-n3-202507-full","toan_q_2025_07_4","4","4","embedded","","","false","false","false","true","false","false","false","4","not_certified_by_automation"
"toan-n3-202507-full","toan_q_2025_07_5","5","2","embedded","","","false","false","false","true","false","false","false","2","not_certified_by_automation"
"toan-n3-202507-full","toan_q_2025_07_6","6","2","embedded","","","false","false","false","true","false","true","false","2","not_certified_by_automation"
"toan-n3-202507-full","toan_q_2025_07_7","7","3","embedded","","","false","false","false","true","false","false","false","3","not_certified_by_automation"
"toan-n3-202507-full","toan_q_2025_07_8","8","3","embedded","","","false","false","false","true","false","false","false","3","not_certified_by_automation"
"toan-n3-202507-full","toan_q_2025_07_9","9","2","embedded","","","false","false","false","true","false","false","false","2","not_certified_by_automation"
"toan-n3-202507-full","toan_q_2025_07_10","10","1","embedded","","","false","false","false","true","false","false","false","1","not_certified_by_automation"
"toan-n3-202507-full","toan_q_2025_07_11","11","2","embedded","","","false","false","false","true","false","false","false","2","not_certified_by_automation"
"toan-n3-202507-full","toan_q_2025_07_12","12","4","embedded","","","false","false","false","true","false","false","false","4","not_certified_by_automation"
"toan-n3-202507-full","toan_q_2025_07_13","13","1","embedded","","","false","false","false","true","false","false","false","1","not_certified_by_automation"
"toan-n3-202507-full","toan_q_2025_07_14","14","3","embedded","","","false","false","false","true","false","false","false","3","not_certified_by_automation"
"toan-n3-202507-full","toan_q_2025_07_15","15","4","embedded","","","false","false","false","true","false","false","false","4","not_certified_by_automation"
"toan-n3-202507-full","toan_q_2025_07_16","16","3","embedded","","","false","false","false","true","false","false","false","3","not_certified_by_automation"
"toan-n3-202507-full","toan_q_2025_07_17","17","2","embedded","","","false","false","false","true","false","false","false","2","not_certified_by_automation"
"toan-n3-202507-full","toan_q_2025_07_18","18","1","embedded","","","false","false","false","true","false","false","false","1","not_certified_by_automation"
"toan-n3-202507-full","toan_q_2025_07_19","19","4","embedded","","","false","false","false","true","false","false","false","4","not_certified_by_automation"
"toan-n3-202507-full","toan_q_2025_07_20","20","2","embedded","","","false","false","false","true","false","false","false","2","not_certified_by_automation"
"toan-n3-202507-full","toan_q_2025_07_21","21","4","embedded","","","false","false","false","true","false","false","false","4","not_certified_by_automation"
"toan-n3-202507-full","toan_q_2025_07_22","22","1","embedded","","","false","false","false","true","false","false","false","1","not_certified_by_automation"
"toan-n3-202507-full","toan_q_2025_07_23","23","1","embedded","","","false","false","false","true","false","false","false","1","not_certified_by_automation"
"toan-n3-202507-full","toan_q_2025_07_24","24","3","embedded","","","false","false","false","true","false","false","false","3","not_certified_by_automation"
"toan-n3-202507-full","toan_q_2025_07_25","25","2","embedded","","","false","false","false","true","false","false","false","2","not_certified_by_automation"
"toan-n3-202507-full","toan_q_2025_07_26","26","2","embedded","","","false","false","false","true","false","false","false","2","not_certified_by_automation"
"toan-n3-202507-full","toan_q_2025_07_27","27","1","embedded","","","false","false","false","true","false","false","false","1","not_certified_by_automation"
"toan-n3-202507-full","toan_q_2025_07_28","28","4","embedded","","","false","false","false","true","false","false","false","4","not_certified_by_automation"
"toan-n3-202507-full","toan_q_2025_07_29","29","4","embedded","","","false","false","false","true","false","false","false","4","not_certified_by_automation"
"toan-n3-202507-full","toan_q_2025_07_30","30","3","embedded","","","false","false","false","true","false","false","false","3","not_certified_by_automation"
"toan-n3-202507-full","toan_q_2025_07_31","31","3","embedded","","","false","false","false","true","false","true","false","3","not_certified_by_automation"
"toan-n3-202507-full","toan_q_2025_07_32","32","4","embedded","","","false","false","false","true","false","false","false","4","not_certified_by_automation"
"toan-n3-202507-full","toan_q_2025_07_33","33","2","embedded","","","false","false","false","true","false","true","false","2","not_certified_by_automation"
"toan-n3-202507-full","toan_q_2025_07_34","34","1","embedded","","","false","false","false","true","false","false","false","1","not_certified_by_automation"
"toan-n3-202507-full","toan_q_2025_07_35","35","3","embedded","","","false","false","false","true","false","false","false","3","not_certified_by_automation"
"toan-n3-202507-full","toan_q_2025_07_36","36","3","embedded","","","false","false","false","true","true","true","false","3","not_certified_by_automation"
"toan-n3-202507-full","toan_q_2025_07_37","37","1","embedded","","","false","false","false","true","true","true","false","1","not_certified_by_automation"
"toan-n3-202507-full","toan_q_2025_07_38","38","3","embedded","","","false","false","false","true","true","true","false","3","not_certified_by_automation"
"toan-n3-202507-full","toan_q_2025_07_39","39","4","embedded","","","false","false","false","true","true","true","false","4","not_certified_by_automation"
"toan-n3-202507-full","toan_q_2025_07_40","40","2","embedded","","","false","false","false","true","false","true","false","2","not_certified_by_automation"
"toan-n3-202507-full","toan_q_2025_07_41","41","4","embedded","","","false","false","false","true","true","true","false","4","not_certified_by_automation"
"toan-n3-202507-full","toan_q_2025_07_42","42","1","embedded","","","false","false","false","true","true","true","false","1","not_certified_by_automation"
"toan-n3-202507-full","toan_q_2025_07_43","43","2","embedded","","","false","false","false","true","true","true","false","2","not_certified_by_automation"
"toan-n3-202507-full","toan_q_2025_07_44","44","3","embedded","","","false","false","false","true","false","true","false","3","not_certified_by_automation"
"toan-n3-202507-full","toan_q_2025_07_45","45","2","embedded","","","false","false","false","true","false","true","false","2","not_certified_by_automation"
"toan-n3-202507-full","toan_q_2025_07_46","46","1","embedded","","","false","false","false","true","true","true","false","1","not_certified_by_automation"
"toan-n3-202507-full","toan_q_2025_07_47","47","3","embedded","","","false","false","false","true","false","true","false","3","not_certified_by_automation"
"toan-n3-202507-full","toan_q_2025_07_48","48","4","embedded","","","false","false","false","true","false","true","false","4","not_certified_by_automation"
"toan-n3-202507-full","toan_q_2025_07_49","49","4","curated","","","false","false","false","true","false","false","false","4","not_certified_by_automation"
"toan-n3-202507-full","toan_q_2025_07_50","50","2","curated","","","false","false","false","true","false","false","false","2","not_certified_by_automation"
"toan-n3-202507-full","toan_q_2025_07_51","51","1","curated","","","false","false","false","true","false","false","false","1","not_certified_by_automation"
"toan-n3-202507-full","toan_q_2025_07_52","52","3","curated","","","false","false","false","true","true","false","false","3","not_certified_by_automation"
"toan-n3-202507-full","toan_q_2025_07_53","53","4","curated","","","false","false","false","true","false","false","false","4","not_certified_by_automation"
"toan-n3-202507-full","toan_q_2025_07_54","54","2","curated","","","false","false","false","true","false","false","false","2","not_certified_by_automation"
"toan-n3-202507-full","toan_q_2025_07_55","55","3","curated","","","false","false","false","true","false","false","false","3","not_certified_by_automation"
"toan-n3-202507-full","toan_q_2025_07_56","56","2","curated","","","false","false","false","false","false","false","false","2","not_certified_by_automation"
"toan-n3-202507-full","toan_q_2025_07_57","57","3","curated","","","false","false","false","false","false","false","false","3","not_certified_by_automation"
"toan-n3-202507-full","toan_q_2025_07_58","58","1","curated","","","false","false","false","false","false","false","false","1","not_certified_by_automation"
"toan-n3-202507-full","toan_q_2025_07_59","59","3","curated","","","false","false","false","true","true","false","false","3","not_certified_by_automation"
"toan-n3-202507-full","toan_q_2025_07_60","60","2","curated","","","false","false","false","false","false","false","false","2","not_certified_by_automation"
"toan-n3-202507-full","toan_q_2025_07_61","61","4","curated","","","false","false","false","false","false","false","false","4","not_certified_by_automation"
"toan-n3-202507-full","toan_q_2025_07_62","62","2","curated","","","false","false","false","false","false","false","false","2","not_certified_by_automation"
"toan-n3-202507-full","toan_q_2025_07_63","63","2","curated","","","false","false","false","false","false","false","false","2","not_certified_by_automation"
"toan-n3-202507-full","toan_q_2025_07_64","64","3","curated","","","false","false","false","false","false","false","false","3","not_certified_by_automation"
"toan-n3-202507-full","toan_q_2025_07_65","65","1","curated","","","false","false","false","false","false","false","false","1","not_certified_by_automation"
"toan-n3-202507-full","toan_q_2025_07_66","66","4","curated","","","false","false","false","false","false","false","false","4","not_certified_by_automation"
"toan-n3-202507-full","toan_q_2025_07_67","67","4","curated","","","false","false","false","false","false","false","false","4","not_certified_by_automation"
"toan-n3-202507-full","toan_q_2025_07_68","68","3","curated","","","false","false","false","false","false","false","false","3","not_certified_by_automation"
"toan-n3-202507-full","toan_q_2025_07_69","69","1","curated","","","false","false","false","false","false","false","false","1","not_certified_by_automation"
"toan-n3-202507-full","toan_q_2025_07_70","70","1","curated","","","false","false","false","false","false","false","false","1","not_certified_by_automation"
"toan-n3-202507-full","toan_q_2025_07_71","71","3","curated","","","false","false","false","false","false","false","false","3","not_certified_by_automation"
"toan-n3-202507-full","toan_q_2025_07_72","72","2","curated","","","false","false","false","false","false","false","false","2","not_certified_by_automation"
"toan-n3-202507-full","toan_q_2025_07_73","73","4","curated","","","false","false","false","false","false","false","false","4","not_certified_by_automation"
"toan-n3-202507-full","toan_q_2025_07_74","74","1","curated","","","false","true","false","false","false","false","false","1","not_certified_by_automation"
"toan-n3-202507-full","toan_q_2025_07_75","75","2","curated","","","false","true","false","false","false","false","false","2","not_certified_by_automation"
"toan-n3-202507-full","toan_q_2025_07_76","76","4","curated","","","false","true","false","false","false","false","true","1","not_certified_by_automation"
"toan-n3-202507-full","toan_q_2025_07_77","77","3","curated","","","false","true","false","false","false","false","false","3","not_certified_by_automation"
"toan-n3-202507-full","toan_q_2025_07_78","78","2","curated","","","true","true","false","false","false","false","true","3","not_certified_by_automation"
"toan-n3-202507-full","toan_q_2025_07_79","79","3","curated","","","false","true","false","false","true","false","false","3","not_certified_by_automation"
"toan-n3-202507-full","toan_q_2025_07_80","80","1","curated","","","false","true","false","false","false","false","false","1","not_certified_by_automation"
"toan-n3-202507-full","toan_q_2025_07_81","81","3","curated","","","false","true","false","false","true","false","true","1","not_certified_by_automation"
"toan-n3-202507-full","toan_q_2025_07_82","82","4","curated","","","false","true","false","false","false","false","false","4","not_certified_by_automation"
"toan-n3-202507-full","toan_q_2025_07_83","83","1","curated","","","false","true","false","false","false","false","false","1","not_certified_by_automation"
"toan-n3-202507-full","toan_q_2025_07_84","84","2","curated","","","false","true","false","false","false","false","false","2","not_certified_by_automation"
"toan-n3-202507-full","toan_q_2025_07_85","85","4","curated","","","false","true","false","false","false","false","true","3","not_certified_by_automation"
"toan-n3-202507-full","toan_q_2025_07_86","86","2","curated","","","false","true","false","false","false","false","false","2","not_certified_by_automation"
"toan-n3-202507-full","toan_q_2025_07_87","87","2","curated","","","false","true","false","false","false","false","false","2","not_certified_by_automation"
"toan-n3-202507-full","toan_q_2025_07_88","88","3","curated","","","false","true","false","false","false","false","false","3","not_certified_by_automation"
"toan-n3-202507-full","toan_q_2025_07_89","89","2","curated","","","true","true","false","true","false","false","false","2","not_certified_by_automation"
"toan-n3-202507-full","toan_q_2025_07_90","90","1","curated","","","true","true","false","false","false","false","false","1","not_certified_by_automation"
"toan-n3-202507-full","toan_q_2025_07_91","91","3","curated","","","true","true","false","false","false","false","false","3","not_certified_by_automation"
"toan-n3-202507-full","toan_q_2025_07_92","92","3","curated","","","true","true","false","false","false","false","false","3","not_certified_by_automation"
"toan-n3-202507-full","toan_q_2025_07_93","93","1","curated","","","false","true","false","true","false","false","false","1","not_certified_by_automation"
"toan-n3-202507-full","toan_q_2025_07_94","94","3","curated","","","false","true","false","false","false","false","false","3","not_certified_by_automation"
"toan-n3-202507-full","toan_q_2025_07_95","95","2","curated","","","false","true","false","false","false","false","false","2","not_certified_by_automation"
"toan-n3-202507-full","toan_q_2025_07_96","96","2","curated","","","false","true","false","false","false","false","false","2","not_certified_by_automation"
"toan-n3-202507-full","toan_q_2025_07_97","97","1","curated","","","false","true","false","false","false","false","true","2","not_certified_by_automation"
"toan-n3-202507-full","toan_q_2025_07_98","98","3","curated","","","false","true","false","false","true","false","false","3","not_certified_by_automation"
"toan-n3-202507-full","toan_q_2025_07_99","99","1","curated","","","false","true","false","false","false","false","false","1","not_certified_by_automation"
"toan-n3-202507-full","toan_q_2025_07_100","100","2","curated","","","false","true","false","true","false","false","true","1","not_certified_by_automation"
"toan-n3-202507-full","toan_q_2025_07_101","101","3","curated","","","false","true","false","false","true","false","false","3","not_certified_by_automation"
"toan-n3-202412-full","toan_q_2024_12_1","1","2","embedded","","","false","false","false","false","false","false","false","2","not_certified_by_automation"
"toan-n3-202412-full","toan_q_2024_12_2","2","3","embedded","","","false","false","false","true","false","false","false","3","not_certified_by_automation"
"toan-n3-202412-full","toan_q_2024_12_3","3","2","embedded","","","false","false","false","true","false","false","false","2","not_certified_by_automation"
"toan-n3-202412-full","toan_q_2024_12_4","4","4","embedded","","","false","false","false","true","true","false","false","4","not_certified_by_automation"
"toan-n3-202412-full","toan_q_2024_12_5","5","1","embedded","","","false","false","false","true","false","false","false","1","not_certified_by_automation"
"toan-n3-202412-full","toan_q_2024_12_6","6","1","embedded","","","false","false","false","true","true","false","false","1","not_certified_by_automation"
"toan-n3-202412-full","toan_q_2024_12_7","7","3","embedded","","","false","false","false","true","true","false","false","3","not_certified_by_automation"
"toan-n3-202412-full","toan_q_2024_12_8","8","4","embedded","","","false","false","false","true","false","false","false","4","not_certified_by_automation"
"toan-n3-202412-full","toan_q_2024_12_9","9","1","embedded","","","false","false","false","true","false","false","false","1","not_certified_by_automation"
"toan-n3-202412-full","toan_q_2024_12_10","10","1","embedded","","","false","false","false","true","false","false","false","1","not_certified_by_automation"
"toan-n3-202412-full","toan_q_2024_12_11","11","4","embedded","","","false","false","false","true","false","false","false","4","not_certified_by_automation"
"toan-n3-202412-full","toan_q_2024_12_12","12","2","embedded","","","false","false","false","true","false","false","false","2","not_certified_by_automation"
"toan-n3-202412-full","toan_q_2024_12_13","13","3","embedded","","","false","false","false","true","false","false","false","3","not_certified_by_automation"
"toan-n3-202412-full","toan_q_2024_12_14","14","3","embedded","","","false","false","false","true","false","false","false","3","not_certified_by_automation"
"toan-n3-202412-full","toan_q_2024_12_15","15","4","embedded","","","false","false","false","true","false","false","false","4","not_certified_by_automation"
"toan-n3-202412-full","toan_q_2024_12_16","16","3","embedded","","","false","false","false","true","false","false","false","3","not_certified_by_automation"
"toan-n3-202412-full","toan_q_2024_12_17","17","4","embedded","","","false","false","false","true","false","false","false","4","not_certified_by_automation"
"toan-n3-202412-full","toan_q_2024_12_18","18","2","embedded","","","false","false","false","true","false","false","false","2","not_certified_by_automation"
"toan-n3-202412-full","toan_q_2024_12_19","19","1","embedded","","","false","false","false","true","false","false","false","1","not_certified_by_automation"
"toan-n3-202412-full","toan_q_2024_12_20","20","3","embedded","","","false","false","false","true","false","false","false","3","not_certified_by_automation"
"toan-n3-202412-full","toan_q_2024_12_21","21","1","embedded","","","false","false","false","true","false","false","false","1","not_certified_by_automation"
"toan-n3-202412-full","toan_q_2024_12_22","22","3","embedded","","","false","false","false","true","false","false","false","3","not_certified_by_automation"
"toan-n3-202412-full","toan_q_2024_12_23","23","1","embedded","","","false","false","false","true","false","false","false","1","not_certified_by_automation"
"toan-n3-202412-full","toan_q_2024_12_24","24","2","embedded","","","false","false","false","true","false","false","false","2","not_certified_by_automation"
"toan-n3-202412-full","toan_q_2024_12_25","25","2","embedded","","","false","false","false","true","false","false","false","2","not_certified_by_automation"
"toan-n3-202412-full","toan_q_2024_12_26","26","1","embedded","","","false","false","false","true","true","false","false","1","not_certified_by_automation"
"toan-n3-202412-full","toan_q_2024_12_27","27","2","embedded","","","false","false","false","true","false","false","false","2","not_certified_by_automation"
"toan-n3-202412-full","toan_q_2024_12_28","28","2","embedded","","","false","false","false","true","true","false","false","2","not_certified_by_automation"
"toan-n3-202412-full","toan_q_2024_12_29","29","4","embedded","","","false","false","false","true","false","false","false","4","not_certified_by_automation"
"toan-n3-202412-full","toan_q_2024_12_30","30","3","embedded","","","false","false","false","true","false","false","false","3","not_certified_by_automation"
"toan-n3-202412-full","toan_q_2024_12_31","31","4","embedded","","","false","false","false","false","false","true","false","4","not_certified_by_automation"
"toan-n3-202412-full","toan_q_2024_12_32","32","1","embedded","","","false","false","false","false","false","true","false","1","not_certified_by_automation"
"toan-n3-202412-full","toan_q_2024_12_33","33","4","embedded","","","false","false","false","false","false","true","false","4","not_certified_by_automation"
"toan-n3-202412-full","toan_q_2024_12_34","34","3","embedded","","","false","false","false","true","false","true","false","3","not_certified_by_automation"
"toan-n3-202412-full","toan_q_2024_12_35","35","2","embedded","","","false","false","false","false","false","true","false","2","not_certified_by_automation"
"toan-n3-202412-full","toan_q_2024_12_36","36","2","embedded","","","false","false","false","true","true","true","false","2","not_certified_by_automation"
"toan-n3-202412-full","toan_q_2024_12_37","37","3","embedded","","","false","false","false","true","false","true","false","3","not_certified_by_automation"
"toan-n3-202412-full","toan_q_2024_12_38","38","4","embedded","","","false","false","false","true","false","true","false","4","not_certified_by_automation"
"toan-n3-202412-full","toan_q_2024_12_39","39","3","embedded","","","false","false","false","true","false","true","false","3","not_certified_by_automation"
"toan-n3-202412-full","toan_q_2024_12_40","40","1","embedded","","","false","false","false","true","false","true","false","1","not_certified_by_automation"
"toan-n3-202412-full","toan_q_2024_12_41","41","2","embedded","","","false","false","false","true","false","true","false","2","not_certified_by_automation"
"toan-n3-202412-full","toan_q_2024_12_42","42","3","embedded","","","false","false","false","true","false","true","false","3","not_certified_by_automation"
"toan-n3-202412-full","toan_q_2024_12_43","43","3","embedded","","","false","false","false","true","false","true","false","3","not_certified_by_automation"
"toan-n3-202412-full","toan_q_2024_12_44","44","4","embedded","","","false","false","false","true","false","true","false","4","not_certified_by_automation"
"toan-n3-202412-full","toan_q_2024_12_45","45","1","embedded","","","false","false","false","true","false","true","false","1","not_certified_by_automation"
"toan-n3-202412-full","toan_q_2024_12_46","46","4","embedded","","","false","false","false","true","true","true","false","4","not_certified_by_automation"
"toan-n3-202412-full","toan_q_2024_12_47","47","2","embedded","","","false","false","false","true","false","true","true","4","not_certified_by_automation"
"toan-n3-202412-full","toan_q_2024_12_48","48","2","embedded","","","false","false","false","true","true","true","false","2","not_certified_by_automation"
"toan-n3-202412-full","toan_q_2024_12_49","49","2","curated","","","false","false","false","true","true","false","false","2","not_certified_by_automation"
"toan-n3-202412-full","toan_q_2024_12_50","50","3","curated","","","false","false","false","true","false","true","false","3","not_certified_by_automation"
"toan-n3-202412-full","toan_q_2024_12_51","51","4","curated","","","false","false","false","true","false","true","false","4","not_certified_by_automation"
"toan-n3-202412-full","toan_q_2024_12_52","52","2","curated","","","false","false","false","true","true","false","false","2","not_certified_by_automation"
"toan-n3-202412-full","toan_q_2024_12_53","53","1","curated","","","false","false","false","true","false","false","false","1","not_certified_by_automation"
"toan-n3-202412-full","toan_q_2024_12_54","54","1","curated","","","false","false","false","false","true","false","false","1","not_certified_by_automation"
"toan-n3-202412-full","toan_q_2024_12_55","55","2","curated","","","false","false","false","false","true","true","false","2","not_certified_by_automation"
"toan-n3-202412-full","toan_q_2024_12_56","56","3","curated","","","false","false","false","true","false","false","false","3","not_certified_by_automation"
"toan-n3-202412-full","toan_q_2024_12_57","57","4","curated","","","false","false","false","true","true","false","false","4","not_certified_by_automation"
"toan-n3-202412-full","toan_q_2024_12_58","58","3","curated","","","false","false","false","false","false","false","false","3","not_certified_by_automation"
"toan-n3-202412-full","toan_q_2024_12_59","59","4","curated","","","false","false","false","false","false","false","false","4","not_certified_by_automation"
"toan-n3-202412-full","toan_q_2024_12_60","60","2","curated","","","false","false","false","false","false","false","false","2","not_certified_by_automation"
"toan-n3-202412-full","toan_q_2024_12_61","61","2","curated","","","false","false","false","false","false","false","false","2","not_certified_by_automation"
"toan-n3-202412-full","toan_q_2024_12_62","62","3","curated","","","false","false","false","false","false","false","false","3","not_certified_by_automation"
"toan-n3-202412-full","toan_q_2024_12_63","63","1","curated","","","false","false","false","false","false","false","false","1","not_certified_by_automation"
"toan-n3-202412-full","toan_q_2024_12_64","64","1","curated","","","false","false","false","false","false","false","false","1","not_certified_by_automation"
"toan-n3-202412-full","toan_q_2024_12_65","65","4","curated","","","false","false","false","false","true","false","false","4","not_certified_by_automation"
"toan-n3-202412-full","toan_q_2024_12_66","66","2","curated","","","false","false","false","false","false","false","false","2","not_certified_by_automation"
"toan-n3-202412-full","toan_q_2024_12_67","67","2","curated","","","false","false","false","false","false","true","false","2","not_certified_by_automation"
"toan-n3-202412-full","toan_q_2024_12_68","68","4","curated","","","false","false","false","false","false","false","false","4","not_certified_by_automation"
"toan-n3-202412-full","toan_q_2024_12_69","69","4","curated","","","false","false","false","false","false","false","false","4","not_certified_by_automation"
"toan-n3-202412-full","toan_q_2024_12_70","70","4","curated","","","false","false","false","false","false","false","false","4","not_certified_by_automation"
"toan-n3-202412-full","toan_q_2024_12_71","71","3","curated","","","false","false","false","false","false","false","false","3","not_certified_by_automation"
"toan-n3-202412-full","toan_q_2024_12_72","72","1","curated","","","false","false","false","false","true","false","false","1","not_certified_by_automation"
"toan-n3-202412-full","toan_q_2024_12_73","73","3","curated","","","false","false","false","false","false","false","false","3","not_certified_by_automation"
"toan-n3-202412-full","toan_q_2024_12_74","74","3","curated","","","false","true","false","true","false","false","false","3","not_certified_by_automation"
"toan-n3-202412-full","toan_q_2024_12_75","75","3","curated","","","false","true","false","true","false","false","false","3","not_certified_by_automation"
"toan-n3-202412-full","toan_q_2024_12_76","76","1","curated","","","true","true","false","true","false","false","false","1","not_certified_by_automation"
"toan-n3-202412-full","toan_q_2024_12_77","77","2","curated","","","false","true","false","true","false","false","false","2","not_certified_by_automation"
"toan-n3-202412-full","toan_q_2024_12_78","78","4","curated","","","false","true","false","true","false","false","false","4","not_certified_by_automation"
"toan-n3-202412-full","toan_q_2024_12_79","79","3","curated","","","false","true","false","true","false","false","false","3","not_certified_by_automation"
"toan-n3-202412-full","toan_q_2024_12_80","80","2","curated","","","false","true","false","true","false","false","false","2","not_certified_by_automation"
"toan-n3-202412-full","toan_q_2024_12_81","81","4","curated","","","false","true","false","true","false","false","false","4","not_certified_by_automation"
"toan-n3-202412-full","toan_q_2024_12_82","82","2","curated","","","false","true","false","true","false","false","false","2","not_certified_by_automation"
"toan-n3-202412-full","toan_q_2024_12_83","83","3","curated","","","false","true","false","true","false","false","false","3","not_certified_by_automation"
"toan-n3-202412-full","toan_q_2024_12_84","84","2","curated","","","false","true","false","true","false","false","false","2","not_certified_by_automation"
"toan-n3-202412-full","toan_q_2024_12_85","85","3","curated","","","false","true","false","true","false","false","false","3","not_certified_by_automation"
"toan-n3-202412-full","toan_q_2024_12_86","86","2","curated","","","false","true","false","true","false","false","false","2","not_certified_by_automation"
"toan-n3-202412-full","toan_q_2024_12_87","87","1","curated","","","false","true","false","true","false","false","false","1","not_certified_by_automation"
"toan-n3-202412-full","toan_q_2024_12_88","88","2","curated","","","false","true","false","true","false","false","false","2","not_certified_by_automation"
"toan-n3-202412-full","toan_q_2024_12_89","89","3","curated","","","true","true","false","true","false","false","false","3","not_certified_by_automation"
"toan-n3-202412-full","toan_q_2024_12_90","90","2","curated","","","true","true","false","true","false","false","false","2","not_certified_by_automation"
"toan-n3-202412-full","toan_q_2024_12_91","91","2","curated","","","true","true","false","true","false","false","false","2","not_certified_by_automation"
"toan-n3-202412-full","toan_q_2024_12_92","92","1","curated","","","true","true","false","true","false","false","false","1","not_certified_by_automation"
"toan-n3-202412-full","toan_q_2024_12_93","93","1","curated","","","false","true","false","true","false","false","false","1","not_certified_by_automation"
"toan-n3-202412-full","toan_q_2024_12_94","94","2","curated","","","false","true","false","true","false","false","false","2","not_certified_by_automation"
"toan-n3-202412-full","toan_q_2024_12_95","95","1","curated","","","false","true","false","true","false","false","false","1","not_certified_by_automation"
"toan-n3-202412-full","toan_q_2024_12_96","96","1","curated","","","false","true","false","true","false","false","false","1","not_certified_by_automation"
"toan-n3-202412-full","toan_q_2024_12_97","97","3","curated","","","false","true","false","true","false","false","false","3","not_certified_by_automation"
"toan-n3-202412-full","toan_q_2024_12_98","98","3","curated","","","false","true","false","true","false","false","false","3","not_certified_by_automation"
"toan-n3-202412-full","toan_q_2024_12_99","99","1","curated","","","false","true","false","true","false","false","false","1","not_certified_by_automation"
"toan-n3-202412-full","toan_q_2024_12_100","100","2","curated","","","false","true","false","true","false","false","false","2","not_certified_by_automation"
"toan-n3-202412-full","toan_q_2024_12_101","101","3","curated","","","false","true","false","true","false","false","false","3","not_certified_by_automation"
"toan-n3-202407-full","toan_q_2024_07_1","1","3","embedded","","","false","false","false","true","true","false","false","3","not_certified_by_automation"
"toan-n3-202407-full","toan_q_2024_07_2","2","3","embedded","","","false","false","false","true","true","false","false","3","not_certified_by_automation"
"toan-n3-202407-full","toan_q_2024_07_3","3","1","embedded","","","false","false","false","true","true","false","false","1","not_certified_by_automation"
"toan-n3-202407-full","toan_q_2024_07_4","4","1","embedded","","","false","false","false","true","true","false","false","1","not_certified_by_automation"
"toan-n3-202407-full","toan_q_2024_07_5","5","4","embedded","","","false","false","false","true","true","false","false","4","not_certified_by_automation"
"toan-n3-202407-full","toan_q_2024_07_6","6","2","embedded","","","false","false","false","true","true","false","false","2","not_certified_by_automation"
"toan-n3-202407-full","toan_q_2024_07_7","7","2","embedded","","","false","false","false","true","true","false","false","2","not_certified_by_automation"
"toan-n3-202407-full","toan_q_2024_07_8","8","4","embedded","","","false","false","false","true","true","false","false","4","not_certified_by_automation"
"toan-n3-202407-full","toan_q_2024_07_9","9","3","embedded","","","false","false","false","true","false","false","false","3","not_certified_by_automation"
"toan-n3-202407-full","toan_q_2024_07_10","10","4","embedded","","","false","false","false","true","false","false","false","4","not_certified_by_automation"
"toan-n3-202407-full","toan_q_2024_07_11","11","1","embedded","","","false","false","false","true","false","false","false","1","not_certified_by_automation"
"toan-n3-202407-full","toan_q_2024_07_12","12","3","embedded","","","false","false","false","true","false","false","false","3","not_certified_by_automation"
"toan-n3-202407-full","toan_q_2024_07_13","13","1","embedded","","","false","false","false","true","false","false","false","1","not_certified_by_automation"
"toan-n3-202407-full","toan_q_2024_07_14","14","2","embedded","","","false","false","false","true","false","true","false","2","not_certified_by_automation"
"toan-n3-202407-full","toan_q_2024_07_15","15","3","embedded","","","false","false","false","true","false","false","false","3","not_certified_by_automation"
"toan-n3-202407-full","toan_q_2024_07_16","16","3","embedded","","","false","false","false","true","false","false","false","3","not_certified_by_automation"
"toan-n3-202407-full","toan_q_2024_07_17","17","1","embedded","","","false","false","false","true","false","false","false","1","not_certified_by_automation"
"toan-n3-202407-full","toan_q_2024_07_18","18","2","embedded","","","false","false","false","true","false","false","false","2","not_certified_by_automation"
"toan-n3-202407-full","toan_q_2024_07_19","19","2","embedded","","","false","false","false","true","false","false","false","2","not_certified_by_automation"
"toan-n3-202407-full","toan_q_2024_07_20","20","4","embedded","","","false","false","false","true","false","false","false","4","not_certified_by_automation"
"toan-n3-202407-full","toan_q_2024_07_21","21","2","embedded","","","false","false","false","true","false","false","false","2","not_certified_by_automation"
"toan-n3-202407-full","toan_q_2024_07_22","22","1","embedded","","","false","false","false","true","false","false","false","1","not_certified_by_automation"
"toan-n3-202407-full","toan_q_2024_07_23","23","4","embedded","","","false","false","false","true","false","false","false","4","not_certified_by_automation"
"toan-n3-202407-full","toan_q_2024_07_24","24","3","embedded","","","false","false","false","true","false","false","false","3","not_certified_by_automation"
"toan-n3-202407-full","toan_q_2024_07_25","25","1","embedded","","","false","false","false","true","false","false","false","1","not_certified_by_automation"
"toan-n3-202407-full","toan_q_2024_07_26","26","2","embedded","","","false","false","false","true","false","true","false","2","not_certified_by_automation"
"toan-n3-202407-full","toan_q_2024_07_27","27","2","embedded","","","false","false","false","true","false","false","false","2","not_certified_by_automation"
"toan-n3-202407-full","toan_q_2024_07_28","28","1","embedded","","","false","false","false","true","false","false","false","1","not_certified_by_automation"
"toan-n3-202407-full","toan_q_2024_07_29","29","4","embedded","","","false","false","false","true","false","false","false","4","not_certified_by_automation"
"toan-n3-202407-full","toan_q_2024_07_30","30","3","embedded","","","false","false","false","true","false","false","false","3","not_certified_by_automation"
"toan-n3-202407-full","toan_q_2024_07_31","31","4","embedded","","","false","false","false","true","false","true","false","4","not_certified_by_automation"
"toan-n3-202407-full","toan_q_2024_07_32","32","3","embedded","","","false","false","false","true","false","true","false","3","not_certified_by_automation"
"toan-n3-202407-full","toan_q_2024_07_33","33","4","embedded","","","false","false","false","true","false","true","false","4","not_certified_by_automation"
"toan-n3-202407-full","toan_q_2024_07_34","34","2","embedded","","","false","false","false","true","true","true","false","2","not_certified_by_automation"
"toan-n3-202407-full","toan_q_2024_07_35","35","1","embedded","","","false","false","false","true","false","true","false","1","not_certified_by_automation"
"toan-n3-202407-full","toan_q_2024_07_36","36","4","embedded","","","false","false","false","true","false","true","false","4","not_certified_by_automation"
"toan-n3-202407-full","toan_q_2024_07_37","37","2","embedded","","","false","false","false","true","false","true","false","2","not_certified_by_automation"
"toan-n3-202407-full","toan_q_2024_07_38","38","1","embedded","","","false","false","false","true","false","true","false","1","not_certified_by_automation"
"toan-n3-202407-full","toan_q_2024_07_39","39","2","embedded","","","false","false","false","true","true","true","false","2","not_certified_by_automation"
"toan-n3-202407-full","toan_q_2024_07_40","40","2","embedded","","","false","false","false","true","false","true","false","2","not_certified_by_automation"
"toan-n3-202407-full","toan_q_2024_07_41","41","1","embedded","","","false","false","false","true","false","true","false","1","not_certified_by_automation"
"toan-n3-202407-full","toan_q_2024_07_42","42","1","embedded","","","false","false","false","true","false","true","false","1","not_certified_by_automation"
"toan-n3-202407-full","toan_q_2024_07_43","43","4","embedded","","","false","false","false","true","false","true","false","4","not_certified_by_automation"
"toan-n3-202407-full","toan_q_2024_07_44","44","3","embedded","","","false","false","false","true","true","true","false","3","not_certified_by_automation"
"toan-n3-202407-full","toan_q_2024_07_45","45","1","embedded","","","false","false","false","true","false","true","false","1","not_certified_by_automation"
"toan-n3-202407-full","toan_q_2024_07_46","46","3","embedded","","","false","false","false","true","false","true","false","3","not_certified_by_automation"
"toan-n3-202407-full","toan_q_2024_07_47","47","2","embedded","","","false","false","false","true","true","true","false","2","not_certified_by_automation"
"toan-n3-202407-full","toan_q_2024_07_48","48","3","embedded","","","false","false","false","true","false","true","false","3","not_certified_by_automation"
"toan-n3-202407-full","toan_q_2024_07_49","49","4","curated","","","false","false","false","true","false","false","false","4","not_certified_by_automation"
"toan-n3-202407-full","toan_q_2024_07_50","50","2","curated","","","false","false","false","true","false","true","false","2","not_certified_by_automation"
"toan-n3-202407-full","toan_q_2024_07_51","51","3","curated","","","false","false","false","true","false","false","false","3","not_certified_by_automation"
"toan-n3-202407-full","toan_q_2024_07_52","52","4","curated","","","false","false","false","true","true","false","false","4","not_certified_by_automation"
"toan-n3-202407-full","toan_q_2024_07_53","53","1","curated","","","false","false","false","true","false","true","false","1","not_certified_by_automation"
"toan-n3-202407-full","toan_q_2024_07_54","54","3","curated","","","false","false","false","true","false","false","false","3","not_certified_by_automation"
"toan-n3-202407-full","toan_q_2024_07_55","55","4","curated","","","false","false","false","false","false","false","false","4","not_certified_by_automation"
"toan-n3-202407-full","toan_q_2024_07_56","56","2","curated","","","false","false","false","true","false","false","false","2","not_certified_by_automation"
"toan-n3-202407-full","toan_q_2024_07_57","57","1","curated","","","false","false","false","true","false","false","false","1","not_certified_by_automation"
"toan-n3-202407-full","toan_q_2024_07_58","58","4","curated","","","false","false","false","false","false","false","false","4","not_certified_by_automation"
"toan-n3-202407-full","toan_q_2024_07_59","59","3","curated","","","false","false","false","false","false","false","false","3","not_certified_by_automation"
"toan-n3-202407-full","toan_q_2024_07_60","60","1","curated","","","false","false","false","false","false","false","false","1","not_certified_by_automation"
"toan-n3-202407-full","toan_q_2024_07_61","61","3","curated","","","false","false","false","false","false","false","false","3","not_certified_by_automation"
"toan-n3-202407-full","toan_q_2024_07_62","62","1","curated","","","false","false","false","false","false","false","false","1","not_certified_by_automation"
"toan-n3-202407-full","toan_q_2024_07_63","63","2","curated","","","false","false","false","false","false","false","false","2","not_certified_by_automation"
"toan-n3-202407-full","toan_q_2024_07_64","64","4","curated","","","false","false","false","false","false","false","false","4","not_certified_by_automation"
"toan-n3-202407-full","toan_q_2024_07_65","65","2","curated","","","false","false","false","false","false","false","false","2","not_certified_by_automation"
"toan-n3-202407-full","toan_q_2024_07_66","66","2","curated","","","false","false","false","false","false","false","false","2","not_certified_by_automation"
"toan-n3-202407-full","toan_q_2024_07_67","67","2","curated","","","false","false","false","false","false","false","false","2","not_certified_by_automation"
"toan-n3-202407-full","toan_q_2024_07_68","68","3","curated","","","false","false","false","false","false","false","false","3","not_certified_by_automation"
"toan-n3-202407-full","toan_q_2024_07_69","69","4","curated","","","false","false","false","false","false","false","false","4","not_certified_by_automation"
"toan-n3-202407-full","toan_q_2024_07_70","70","3","curated","","","false","false","false","false","false","false","false","3","not_certified_by_automation"
"toan-n3-202407-full","toan_q_2024_07_71","71","1","curated","","","false","false","false","false","false","false","false","1","not_certified_by_automation"
"toan-n3-202407-full","toan_q_2024_07_72","72","3","curated","","","false","false","false","false","false","false","false","3","not_certified_by_automation"
"toan-n3-202407-full","toan_q_2024_07_73","73","4","curated","","","false","false","false","false","false","false","false","4","not_certified_by_automation"
"toan-n3-202407-full","toan_q_2024_07_74","74","2","curated","","","true","true","false","true","false","false","false","2","not_certified_by_automation"
"toan-n3-202407-full","toan_q_2024_07_75","75","1","curated","","","false","true","false","true","false","false","false","1","not_certified_by_automation"
"toan-n3-202407-full","toan_q_2024_07_76","76","4","curated","","","false","true","false","true","false","false","false","4","not_certified_by_automation"
"toan-n3-202407-full","toan_q_2024_07_77","77","4","curated","","","false","true","false","true","false","false","false","4","not_certified_by_automation"
"toan-n3-202407-full","toan_q_2024_07_78","78","1","curated","","","false","true","false","true","false","false","false","1","not_certified_by_automation"
"toan-n3-202407-full","toan_q_2024_07_79","79","3","curated","","","false","true","false","true","false","false","false","3","not_certified_by_automation"
"toan-n3-202407-full","toan_q_2024_07_80","80","4","curated","","","false","true","false","true","false","false","false","4","not_certified_by_automation"
"toan-n3-202407-full","toan_q_2024_07_81","81","3","curated","","","false","true","false","true","false","false","false","3","not_certified_by_automation"
"toan-n3-202407-full","toan_q_2024_07_82","82","4","curated","","","false","true","false","true","false","false","false","4","not_certified_by_automation"
"toan-n3-202407-full","toan_q_2024_07_83","83","2","curated","","","false","true","false","true","false","false","false","2","not_certified_by_automation"
"toan-n3-202407-full","toan_q_2024_07_84","84","1","curated","","","false","true","false","true","false","false","false","1","not_certified_by_automation"
"toan-n3-202407-full","toan_q_2024_07_85","85","2","curated","","","false","true","false","true","false","false","false","2","not_certified_by_automation"
"toan-n3-202407-full","toan_q_2024_07_86","86","4","curated","","","false","true","false","true","false","false","false","4","not_certified_by_automation"
"toan-n3-202407-full","toan_q_2024_07_87","87","3","curated","","","false","true","false","true","false","false","false","3","not_certified_by_automation"
"toan-n3-202407-full","toan_q_2024_07_88","88","1","curated","","","false","true","false","true","false","false","false","1","not_certified_by_automation"
"toan-n3-202407-full","toan_q_2024_07_89","89","1","curated","","","true","true","false","true","false","false","false","1","not_certified_by_automation"
"toan-n3-202407-full","toan_q_2024_07_90","90","3","curated","","","true","true","false","true","false","false","false","3","not_certified_by_automation"
"toan-n3-202407-full","toan_q_2024_07_91","91","2","curated","","","true","true","false","true","false","false","false","2","not_certified_by_automation"
"toan-n3-202407-full","toan_q_2024_07_92","92","1","curated","","","true","true","false","true","false","false","false","1","not_certified_by_automation"
"toan-n3-202407-full","toan_q_2024_07_93","93","1","curated","","","false","true","false","true","false","false","false","1","not_certified_by_automation"
"toan-n3-202407-full","toan_q_2024_07_94","94","2","curated","","","false","true","false","true","false","false","false","2","not_certified_by_automation"
"toan-n3-202407-full","toan_q_2024_07_95","95","2","curated","","","false","true","false","true","false","false","false","2","not_certified_by_automation"
"toan-n3-202407-full","toan_q_2024_07_96","96","3","curated","","","false","true","false","true","false","false","false","3","not_certified_by_automation"
"toan-n3-202407-full","toan_q_2024_07_97","97","3","curated","","","false","true","false","true","false","false","false","3","not_certified_by_automation"
"toan-n3-202407-full","toan_q_2024_07_98","98","1","curated","","","false","true","false","true","false","false","false","1","not_certified_by_automation"
"toan-n3-202407-full","toan_q_2024_07_99","99","3","curated","","","false","true","false","true","false","false","false","3","not_certified_by_automation"
"toan-n3-202407-full","toan_q_2024_07_100","100","3","curated","","","false","true","false","true","false","false","false","3","not_certified_by_automation"
"toan-n3-202407-full","toan_q_2024_07_101","101","2","curated","","","false","true","false","true","false","false","false","2","not_certified_by_automation"
"toan-n3-202312-full","toan_q_2023_12_1","1","3","embedded","","","false","false","false","true","true","false","false","3","not_certified_by_automation"
"toan-n3-202312-full","toan_q_2023_12_2","2","3","embedded","","","false","false","false","true","true","false","false","3","not_certified_by_automation"
"toan-n3-202312-full","toan_q_2023_12_3","3","2","embedded","","","false","false","false","true","true","false","false","2","not_certified_by_automation"
"toan-n3-202312-full","toan_q_2023_12_4","4","1","embedded","","","false","false","false","true","true","false","false","1","not_certified_by_automation"
"toan-n3-202312-full","toan_q_2023_12_5","5","4","embedded","","","false","false","false","true","true","false","false","4","not_certified_by_automation"
"toan-n3-202312-full","toan_q_2023_12_6","6","2","embedded","","","false","false","false","true","true","false","false","2","not_certified_by_automation"
"toan-n3-202312-full","toan_q_2023_12_7","7","4","embedded","","","false","false","false","true","true","false","false","4","not_certified_by_automation"
"toan-n3-202312-full","toan_q_2023_12_8","8","1","embedded","","","false","false","false","true","true","false","false","1","not_certified_by_automation"
"toan-n3-202312-full","toan_q_2023_12_9","9","3","embedded","","","false","false","false","true","true","false","false","3","not_certified_by_automation"
"toan-n3-202312-full","toan_q_2023_12_10","10","3","embedded","","","false","false","false","true","true","false","false","3","not_certified_by_automation"
"toan-n3-202312-full","toan_q_2023_12_11","11","4","embedded","","","false","false","false","true","true","false","false","4","not_certified_by_automation"
"toan-n3-202312-full","toan_q_2023_12_12","12","1","embedded","","","false","false","false","true","true","true","false","1","not_certified_by_automation"
"toan-n3-202312-full","toan_q_2023_12_13","13","2","embedded","","","false","false","false","true","true","false","false","2","not_certified_by_automation"
"toan-n3-202312-full","toan_q_2023_12_14","14","2","embedded","","","false","false","false","true","true","false","false","2","not_certified_by_automation"
"toan-n3-202312-full","toan_q_2023_12_15","15","1","embedded","","","false","false","false","true","true","false","false","1","not_certified_by_automation"
"toan-n3-202312-full","toan_q_2023_12_16","16","4","embedded","","","false","false","false","true","true","false","false","4","not_certified_by_automation"
"toan-n3-202312-full","toan_q_2023_12_17","17","3","embedded","","","false","false","false","true","true","false","false","3","not_certified_by_automation"
"toan-n3-202312-full","toan_q_2023_12_18","18","4","embedded","","","false","false","false","true","true","false","false","4","not_certified_by_automation"
"toan-n3-202312-full","toan_q_2023_12_19","19","2","embedded","","","false","false","false","true","true","false","false","2","not_certified_by_automation"
"toan-n3-202312-full","toan_q_2023_12_20","20","2","embedded","","","false","false","false","true","true","false","false","2","not_certified_by_automation"
"toan-n3-202312-full","toan_q_2023_12_21","21","3","embedded","","","false","false","false","true","true","false","false","3","not_certified_by_automation"
"toan-n3-202312-full","toan_q_2023_12_22","22","4","embedded","","","false","false","false","true","true","false","false","4","not_certified_by_automation"
"toan-n3-202312-full","toan_q_2023_12_23","23","1","embedded","","","false","false","false","true","true","false","false","1","not_certified_by_automation"
"toan-n3-202312-full","toan_q_2023_12_24","24","2","embedded","","","false","false","false","true","true","false","false","2","not_certified_by_automation"
"toan-n3-202312-full","toan_q_2023_12_25","25","1","embedded","","","false","false","false","true","true","false","false","1","not_certified_by_automation"
"toan-n3-202312-full","toan_q_2023_12_26","26","3","embedded","","","false","false","false","true","true","false","false","3","not_certified_by_automation"
"toan-n3-202312-full","toan_q_2023_12_27","27","2","embedded","","","false","false","false","true","true","true","false","2","not_certified_by_automation"
"toan-n3-202312-full","toan_q_2023_12_28","28","1","curated","","","false","false","false","true","false","false","false","1","not_certified_by_automation"
"toan-n3-202312-full","toan_q_2023_12_29","29","1","embedded","","","false","false","false","true","true","false","false","1","not_certified_by_automation"
"toan-n3-202312-full","toan_q_2023_12_30","30","4","embedded","","","false","false","false","true","true","false","false","4","not_certified_by_automation"
"toan-n3-202312-full","toan_q_2023_12_31","31","4","embedded","","","false","false","false","false","false","true","false","4","not_certified_by_automation"
"toan-n3-202312-full","toan_q_2023_12_32","32","3","embedded","","","false","false","false","false","false","true","false","3","not_certified_by_automation"
"toan-n3-202312-full","toan_q_2023_12_33","33","4","embedded","","","false","false","false","false","false","true","false","4","not_certified_by_automation"
"toan-n3-202312-full","toan_q_2023_12_34","34","2","embedded","","","false","false","false","false","false","true","false","2","not_certified_by_automation"
"toan-n3-202312-full","toan_q_2023_12_35","35","1","embedded","","","false","false","false","false","false","true","false","1","not_certified_by_automation"
"toan-n3-202312-full","toan_q_2023_12_36","36","4","embedded","","","false","false","false","true","false","true","false","4","not_certified_by_automation"
"toan-n3-202312-full","toan_q_2023_12_37","37","3","embedded","","","false","false","false","true","false","true","false","3","not_certified_by_automation"
"toan-n3-202312-full","toan_q_2023_12_38","38","2","embedded","","","false","false","false","true","true","true","false","2","not_certified_by_automation"
"toan-n3-202312-full","toan_q_2023_12_39","39","3","embedded","","","false","false","false","true","true","true","false","3","not_certified_by_automation"
"toan-n3-202312-full","toan_q_2023_12_40","40","1","embedded","","","false","false","false","true","true","true","false","1","not_certified_by_automation"
"toan-n3-202312-full","toan_q_2023_12_41","41","2","embedded","","","false","false","false","true","false","true","false","2","not_certified_by_automation"
"toan-n3-202312-full","toan_q_2023_12_42","42","1","embedded","","","false","false","false","true","false","true","false","1","not_certified_by_automation"
"toan-n3-202312-full","toan_q_2023_12_43","43","4","embedded","","","false","false","false","true","true","true","false","4","not_certified_by_automation"
"toan-n3-202312-full","toan_q_2023_12_44","44","4","embedded","","","false","false","false","true","false","true","false","4","not_certified_by_automation"
"toan-n3-202312-full","toan_q_2023_12_45","45","2","embedded","","","false","false","false","true","true","true","false","2","not_certified_by_automation"
"toan-n3-202312-full","toan_q_2023_12_46","46","3","embedded","","","false","false","false","true","true","true","false","3","not_certified_by_automation"
"toan-n3-202312-full","toan_q_2023_12_47","47","3","embedded","","","false","false","false","true","true","true","false","3","not_certified_by_automation"
"toan-n3-202312-full","toan_q_2023_12_48","48","1","embedded","","","false","false","false","true","false","true","false","1","not_certified_by_automation"
"toan-n3-202312-full","toan_q_2023_12_49","49","4","embedded","","","false","false","false","true","false","false","false","4","not_certified_by_automation"
"toan-n3-202312-full","toan_q_2023_12_50","50","2","embedded","","","false","false","false","true","false","false","false","2","not_certified_by_automation"
"toan-n3-202312-full","toan_q_2023_12_51","51","3","embedded","","","false","false","false","true","false","false","false","3","not_certified_by_automation"
"toan-n3-202312-full","toan_q_2023_12_52","52","3","embedded","","","false","false","false","true","false","false","false","3","not_certified_by_automation"
"toan-n3-202312-full","toan_q_2023_12_53","53","1","embedded","","","false","false","false","true","false","true","false","1","not_certified_by_automation"
"toan-n3-202312-full","toan_q_2023_12_54","54","4","curated","","","false","false","false","false","false","true","false","4","not_certified_by_automation"
"toan-n3-202312-full","toan_q_2023_12_55","55","3","curated","","","false","false","false","true","false","false","false","3","not_certified_by_automation"
"toan-n3-202312-full","toan_q_2023_12_56","56","1","curated","","","false","false","false","false","false","false","false","1","not_certified_by_automation"
"toan-n3-202312-full","toan_q_2023_12_57","57","2","curated","","","false","false","false","true","true","false","false","2","not_certified_by_automation"
"toan-n3-202312-full","toan_q_2023_12_58","58","3","curated","","","false","false","false","false","false","false","false","3","not_certified_by_automation"
"toan-n3-202312-full","toan_q_2023_12_59","59","3","curated","","","false","false","false","false","false","false","false","3","not_certified_by_automation"
"toan-n3-202312-full","toan_q_2023_12_60","60","1","curated","","","false","false","false","false","false","false","false","1","not_certified_by_automation"
"toan-n3-202312-full","toan_q_2023_12_61","61","1","curated","","","false","false","false","false","true","false","false","1","not_certified_by_automation"
"toan-n3-202312-full","toan_q_2023_12_62","62","3","curated","","","false","false","false","false","false","false","false","3","not_certified_by_automation"
"toan-n3-202312-full","toan_q_2023_12_63","63","1","curated","","","false","false","false","false","true","false","false","1","not_certified_by_automation"
"toan-n3-202312-full","toan_q_2023_12_64","64","4","curated","","","false","false","false","false","true","false","false","4","not_certified_by_automation"
"toan-n3-202312-full","toan_q_2023_12_65","65","4","curated","","","false","false","false","false","false","false","false","4","not_certified_by_automation"
"toan-n3-202312-full","toan_q_2023_12_66","66","2","curated","","","false","false","false","false","false","false","false","2","not_certified_by_automation"
"toan-n3-202312-full","toan_q_2023_12_67","67","1","curated","","","false","false","false","false","false","false","false","1","not_certified_by_automation"
"toan-n3-202312-full","toan_q_2023_12_68","68","2","curated","","","false","false","false","false","false","false","false","2","not_certified_by_automation"
"toan-n3-202312-full","toan_q_2023_12_69","69","4","curated","","","false","false","false","false","false","false","false","4","not_certified_by_automation"
"toan-n3-202312-full","toan_q_2023_12_70","70","4","curated","","","false","false","false","false","false","false","false","4","not_certified_by_automation"
"toan-n3-202312-full","toan_q_2023_12_71","71","2","curated","","","false","false","false","false","false","false","false","2","not_certified_by_automation"
"toan-n3-202312-full","toan_q_2023_12_72","72","3","curated","","","false","false","false","false","false","false","false","3","not_certified_by_automation"
"toan-n3-202312-full","toan_q_2023_12_73","73","2","curated","","","false","false","false","false","false","false","false","2","not_certified_by_automation"
"toan-n3-202312-full","toan_q_2023_12_74","74","3","curated","","","true","true","false","true","false","false","false","3","not_certified_by_automation"
"toan-n3-202312-full","toan_q_2023_12_75","75","4","curated","","","false","true","false","true","false","false","false","4","not_certified_by_automation"
"toan-n3-202312-full","toan_q_2023_12_76","76","2","curated","","","false","true","false","true","true","false","false","2","not_certified_by_automation"
"toan-n3-202312-full","toan_q_2023_12_77","77","2","curated","","","true","true","false","true","false","false","false","2","not_certified_by_automation"
"toan-n3-202312-full","toan_q_2023_12_78","78","1","curated","","","false","true","false","true","false","false","false","1","not_certified_by_automation"
"toan-n3-202312-full","toan_q_2023_12_79","79","2","curated","","","false","true","false","true","false","false","false","2","not_certified_by_automation"
"toan-n3-202312-full","toan_q_2023_12_80","80","1","curated","","","false","true","false","true","false","false","false","1","not_certified_by_automation"
"toan-n3-202312-full","toan_q_2023_12_81","81","2","curated","","","false","true","false","true","false","false","false","2","not_certified_by_automation"
"toan-n3-202312-full","toan_q_2023_12_82","82","2","curated","","","false","true","false","true","false","false","false","2","not_certified_by_automation"
"toan-n3-202312-full","toan_q_2023_12_83","83","3","curated","","","false","true","false","true","false","true","false","3","not_certified_by_automation"
"toan-n3-202312-full","toan_q_2023_12_84","84","3","curated","","","false","true","false","true","false","false","false","3","not_certified_by_automation"
"toan-n3-202312-full","toan_q_2023_12_85","85","4","curated","","","false","true","false","true","false","false","false","4","not_certified_by_automation"
"toan-n3-202312-full","toan_q_2023_12_86","86","2","curated","","","false","true","false","true","false","false","false","2","not_certified_by_automation"
"toan-n3-202312-full","toan_q_2023_12_87","87","4","curated","","","false","true","false","true","false","false","false","4","not_certified_by_automation"
"toan-n3-202312-full","toan_q_2023_12_88","88","3","curated","","","false","true","false","true","false","false","false","3","not_certified_by_automation"
"toan-n3-202312-full","toan_q_2023_12_89","89","2","curated","","","true","true","false","true","false","false","false","2","not_certified_by_automation"
"toan-n3-202312-full","toan_q_2023_12_90","90","3","curated","","","true","true","false","true","false","false","false","3","not_certified_by_automation"
"toan-n3-202312-full","toan_q_2023_12_91","91","1","curated","","","true","true","false","true","false","false","false","1","not_certified_by_automation"
"toan-n3-202312-full","toan_q_2023_12_92","92","3","curated","","","true","true","false","true","false","false","true","4","not_certified_by_automation"
"toan-n3-202312-full","toan_q_2023_12_93","93","1","curated","","","false","true","false","true","true","false","false","1","not_certified_by_automation"
"toan-n3-202312-full","toan_q_2023_12_94","94","1","curated","","","false","true","false","true","false","false","false","1","not_certified_by_automation"
"toan-n3-202312-full","toan_q_2023_12_95","95","3","curated","","","false","true","false","true","false","false","false","3","not_certified_by_automation"
"toan-n3-202312-full","toan_q_2023_12_96","96","3","curated","","","false","true","false","true","false","false","false","3","not_certified_by_automation"
"toan-n3-202312-full","toan_q_2023_12_97","97","2","curated","","","false","true","false","true","false","false","false","2","not_certified_by_automation"
"toan-n3-202312-full","toan_q_2023_12_98","98","2","curated","","","false","true","false","true","false","false","false","2","not_certified_by_automation"
"toan-n3-202312-full","toan_q_2023_12_99","99","3","curated","","","false","true","false","true","false","false","false","3","not_certified_by_automation"
"toan-n3-202312-full","toan_q_2023_12_100","100","2","curated","","","false","true","false","true","true","false","false","2","not_certified_by_automation"
"toan-n3-202312-full","toan_q_2023_12_101","101","1","curated","","","false","true","false","true","false","false","false","1","not_certified_by_automation"
"toan-n3-202307-full","toan_q_2023_07_1","1","3","embedded","","","false","false","false","true","true","false","false","3","not_certified_by_automation"
"toan-n3-202307-full","toan_q_2023_07_2","2","3","embedded","","","false","false","false","true","true","false","false","3","not_certified_by_automation"
"toan-n3-202307-full","toan_q_2023_07_3","3","4","embedded","","","false","false","false","true","true","false","false","4","not_certified_by_automation"
"toan-n3-202307-full","toan_q_2023_07_4","4","4","embedded","","","false","false","false","false","true","false","false","4","not_certified_by_automation"
"toan-n3-202307-full","toan_q_2023_07_5","5","1","embedded","","","false","false","false","false","true","false","false","1","not_certified_by_automation"
"toan-n3-202307-full","toan_q_2023_07_6","6","2","embedded","","","false","false","false","true","true","false","false","2","not_certified_by_automation"
"toan-n3-202307-full","toan_q_2023_07_7","7","2","embedded","","","false","false","false","true","true","false","false","2","not_certified_by_automation"
"toan-n3-202307-full","toan_q_2023_07_8","8","1","embedded","","","false","false","false","true","true","false","false","1","not_certified_by_automation"
"toan-n3-202307-full","toan_q_2023_07_9","9","3","embedded","","","false","false","false","false","false","false","false","3","not_certified_by_automation"
"toan-n3-202307-full","toan_q_2023_07_10","10","2","embedded","","","false","false","false","false","false","false","false","2","not_certified_by_automation"
"toan-n3-202307-full","toan_q_2023_07_11","11","1","embedded","","","false","false","false","false","false","false","false","1","not_certified_by_automation"
"toan-n3-202307-full","toan_q_2023_07_12","12","3","embedded","","","false","false","false","false","false","false","false","3","not_certified_by_automation"
"toan-n3-202307-full","toan_q_2023_07_13","13","4","embedded","","","false","false","false","true","false","false","false","4","not_certified_by_automation"
"toan-n3-202307-full","toan_q_2023_07_14","14","1","embedded","","","false","false","false","false","false","false","false","1","not_certified_by_automation"
"toan-n3-202307-full","toan_q_2023_07_15","15","1","embedded","","","false","false","false","true","true","false","false","1","not_certified_by_automation"
"toan-n3-202307-full","toan_q_2023_07_16","16","2","embedded","","","false","false","false","true","false","false","false","2","not_certified_by_automation"
"toan-n3-202307-full","toan_q_2023_07_17","17","4","embedded","","","false","false","false","false","false","false","false","4","not_certified_by_automation"
"toan-n3-202307-full","toan_q_2023_07_18","18","2","embedded","","","false","false","false","true","false","true","false","2","not_certified_by_automation"
"toan-n3-202307-full","toan_q_2023_07_19","19","3","embedded","","","false","false","false","true","false","false","false","3","not_certified_by_automation"
"toan-n3-202307-full","toan_q_2023_07_20","20","4","embedded","","","false","false","false","true","false","false","false","4","not_certified_by_automation"
"toan-n3-202307-full","toan_q_2023_07_21","21","3","embedded","","","false","false","false","true","false","false","false","3","not_certified_by_automation"
"toan-n3-202307-full","toan_q_2023_07_22","22","3","embedded","","","false","false","false","false","false","false","false","3","not_certified_by_automation"
"toan-n3-202307-full","toan_q_2023_07_23","23","1","embedded","","","false","false","false","false","false","false","false","1","not_certified_by_automation"
"toan-n3-202307-full","toan_q_2023_07_24","24","1","embedded","","","false","false","false","true","false","false","false","1","not_certified_by_automation"
"toan-n3-202307-full","toan_q_2023_07_25","25","4","embedded","","","false","false","false","true","false","false","false","4","not_certified_by_automation"
"toan-n3-202307-full","toan_q_2023_07_26","26","4","embedded","","","false","false","false","false","false","false","false","4","not_certified_by_automation"
"toan-n3-202307-full","toan_q_2023_07_27","27","3","embedded","","","false","false","false","true","false","true","false","3","not_certified_by_automation"
"toan-n3-202307-full","toan_q_2023_07_28","28","4","embedded","","","false","false","false","true","false","false","false","4","not_certified_by_automation"
"toan-n3-202307-full","toan_q_2023_07_29","29","2","embedded","","","false","false","false","false","true","false","false","2","not_certified_by_automation"
"toan-n3-202307-full","toan_q_2023_07_30","30","1","embedded","","","false","false","false","true","false","false","false","1","not_certified_by_automation"
"toan-n3-202307-full","toan_q_2023_07_31","31","2","embedded","","","false","false","false","true","false","true","false","2","not_certified_by_automation"
"toan-n3-202307-full","toan_q_2023_07_32","32","1","embedded","","","false","false","false","true","false","true","false","1","not_certified_by_automation"
"toan-n3-202307-full","toan_q_2023_07_33","33","3","embedded","","","false","false","false","true","false","true","false","3","not_certified_by_automation"
"toan-n3-202307-full","toan_q_2023_07_34","34","2","embedded","","","false","false","false","true","false","true","false","2","not_certified_by_automation"
"toan-n3-202307-full","toan_q_2023_07_35","35","4","embedded","","","false","false","false","true","false","true","false","4","not_certified_by_automation"
"toan-n3-202307-full","toan_q_2023_07_36","36","4","embedded","","","false","false","false","true","true","true","false","4","not_certified_by_automation"
"toan-n3-202307-full","toan_q_2023_07_37","37","3","embedded","","","false","false","false","true","true","true","false","3","not_certified_by_automation"
"toan-n3-202307-full","toan_q_2023_07_38","38","4","embedded","","","false","false","false","true","false","true","false","4","not_certified_by_automation"
"toan-n3-202307-full","toan_q_2023_07_39","39","1","embedded","","","false","false","false","true","false","true","false","1","not_certified_by_automation"
"toan-n3-202307-full","toan_q_2023_07_40","40","2","embedded","","","false","false","false","true","true","true","false","2","not_certified_by_automation"
"toan-n3-202307-full","toan_q_2023_07_41","41","4","embedded","","","false","false","false","true","false","true","false","4","not_certified_by_automation"
"toan-n3-202307-full","toan_q_2023_07_42","42","4","embedded","","","false","false","false","true","true","true","false","4","not_certified_by_automation"
"toan-n3-202307-full","toan_q_2023_07_43","43","2","embedded","","","false","false","false","true","true","true","false","2","not_certified_by_automation"
"toan-n3-202307-full","toan_q_2023_07_44","44","3","embedded","","","false","false","false","true","false","true","false","3","not_certified_by_automation"
"toan-n3-202307-full","toan_q_2023_07_45","45","3","embedded","","","false","false","false","true","false","true","true","1","not_certified_by_automation"
"toan-n3-202307-full","toan_q_2023_07_46","46","2","embedded","","","false","false","false","true","true","true","false","2","not_certified_by_automation"
"toan-n3-202307-full","toan_q_2023_07_47","47","1","embedded","","","false","false","false","true","false","true","false","1","not_certified_by_automation"
"toan-n3-202307-full","toan_q_2023_07_48","48","3","embedded","","","false","false","false","true","true","true","false","3","not_certified_by_automation"
"toan-n3-202307-full","toan_q_2023_07_49","49","2","embedded","","","false","false","false","true","false","false","true","4","not_certified_by_automation"
"toan-n3-202307-full","toan_q_2023_07_50","50","3","embedded","","","false","false","false","true","false","false","true","1","not_certified_by_automation"
"toan-n3-202307-full","toan_q_2023_07_51","51","1","embedded","","","false","false","false","true","false","false","false","1","not_certified_by_automation"
"toan-n3-202307-full","toan_q_2023_07_52","52","3","embedded","","","false","false","false","true","false","false","false","3","not_certified_by_automation"
"toan-n3-202307-full","toan_q_2023_07_53","53","4","embedded","","","false","false","false","true","false","false","false","4","not_certified_by_automation"
"toan-n3-202307-full","toan_q_2023_07_54","54","1","curated","","","false","false","false","false","true","true","false","1","not_certified_by_automation"
"toan-n3-202307-full","toan_q_2023_07_55","55","3","curated","","","false","false","false","false","false","false","false","3","not_certified_by_automation"
"toan-n3-202307-full","toan_q_2023_07_56","56","2","curated","","","false","false","false","false","true","false","false","2","not_certified_by_automation"
"toan-n3-202307-full","toan_q_2023_07_57","57","2","curated","","","false","false","false","false","false","false","false","2","not_certified_by_automation"
"toan-n3-202307-full","toan_q_2023_07_58","58","3","curated","","","false","false","false","true","false","false","false","3","not_certified_by_automation"
"toan-n3-202307-full","toan_q_2023_07_59","59","2","curated","","","false","false","false","false","false","false","false","2","not_certified_by_automation"
"toan-n3-202307-full","toan_q_2023_07_60","60","1","curated","","","false","false","false","false","false","false","false","1","not_certified_by_automation"
"toan-n3-202307-full","toan_q_2023_07_61","61","2","curated","","","false","false","false","false","false","false","false","2","not_certified_by_automation"
"toan-n3-202307-full","toan_q_2023_07_62","62","2","curated","","","false","false","false","false","false","false","false","2","not_certified_by_automation"
"toan-n3-202307-full","toan_q_2023_07_63","63","4","curated","","","false","false","false","false","false","false","false","4","not_certified_by_automation"
"toan-n3-202307-full","toan_q_2023_07_64","64","3","curated","","","false","false","false","true","false","false","false","3","not_certified_by_automation"
"toan-n3-202307-full","toan_q_2023_07_65","65","3","curated","","","false","false","false","false","false","false","false","3","not_certified_by_automation"
"toan-n3-202307-full","toan_q_2023_07_66","66","4","curated","","","false","false","false","false","false","false","false","4","not_certified_by_automation"
"toan-n3-202307-full","toan_q_2023_07_67","67","1","curated","","","false","false","false","false","false","false","false","1","not_certified_by_automation"
"toan-n3-202307-full","toan_q_2023_07_68","68","3","curated","","","false","false","false","false","false","false","false","3","not_certified_by_automation"
"toan-n3-202307-full","toan_q_2023_07_69","69","4","curated","","","false","false","false","false","false","false","false","4","not_certified_by_automation"
"toan-n3-202307-full","toan_q_2023_07_70","70","4","curated","","","false","false","false","false","false","false","false","4","not_certified_by_automation"
"toan-n3-202307-full","toan_q_2023_07_71","71","1","curated","","","false","false","false","false","false","false","false","1","not_certified_by_automation"
"toan-n3-202307-full","toan_q_2023_07_72","72","4","curated","","","false","false","false","false","false","false","false","4","not_certified_by_automation"
"toan-n3-202307-full","toan_q_2023_07_73","73","2","curated","","","false","false","false","false","false","true","false","2","not_certified_by_automation"
"toan-n3-202307-full","toan_q_2023_07_74","74","3","curated","","","false","true","false","true","true","false","false","3","not_certified_by_automation"
"toan-n3-202307-full","toan_q_2023_07_75","75","4","curated","","","false","true","false","true","true","false","false","4","not_certified_by_automation"
"toan-n3-202307-full","toan_q_2023_07_76","76","2","curated","","","true","true","false","true","true","false","false","2","not_certified_by_automation"
"toan-n3-202307-full","toan_q_2023_07_77","77","4","curated","","","false","true","false","true","false","false","false","4","not_certified_by_automation"
"toan-n3-202307-full","toan_q_2023_07_78","78","2","curated","","","false","true","false","true","false","false","false","2","not_certified_by_automation"
"toan-n3-202307-full","toan_q_2023_07_79","79","1","curated","","","false","true","false","true","true","false","false","1","not_certified_by_automation"
"toan-n3-202307-full","toan_q_2023_07_80","80","2","curated","","","false","true","false","true","false","false","false","2","not_certified_by_automation"
"toan-n3-202307-full","toan_q_2023_07_81","81","3","curated","","","false","true","false","true","true","false","false","3","not_certified_by_automation"
"toan-n3-202307-full","toan_q_2023_07_82","82","3","curated","","","false","true","false","true","false","false","false","3","not_certified_by_automation"
"toan-n3-202307-full","toan_q_2023_07_83","83","2","curated","","","false","true","false","true","false","false","false","2","not_certified_by_automation"
"toan-n3-202307-full","toan_q_2023_07_84","84","4","curated","","","false","true","false","true","true","false","false","4","not_certified_by_automation"
"toan-n3-202307-full","toan_q_2023_07_85","85","3","curated","","","false","true","false","true","false","false","false","3","not_certified_by_automation"
"toan-n3-202307-full","toan_q_2023_07_86","86","2","curated","","","false","true","false","true","false","false","false","2","not_certified_by_automation"
"toan-n3-202307-full","toan_q_2023_07_87","87","4","curated","","","false","true","false","true","false","false","false","4","not_certified_by_automation"
"toan-n3-202307-full","toan_q_2023_07_88","88","1","curated","","","false","true","false","true","false","false","false","1","not_certified_by_automation"
"toan-n3-202307-full","toan_q_2023_07_89","89","1","curated","","","true","true","false","true","false","false","false","1","not_certified_by_automation"
"toan-n3-202307-full","toan_q_2023_07_90","90","1","curated","","","true","true","false","true","false","false","false","1","not_certified_by_automation"
"toan-n3-202307-full","toan_q_2023_07_91","91","2","curated","","","true","true","false","true","false","false","false","2","not_certified_by_automation"
"toan-n3-202307-full","toan_q_2023_07_92","92","3","curated","","","true","true","false","true","false","false","false","3","not_certified_by_automation"
"toan-n3-202307-full","toan_q_2023_07_93","93","3","curated","","","false","true","false","true","false","false","false","3","not_certified_by_automation"
"toan-n3-202307-full","toan_q_2023_07_94","94","2","curated","","","false","true","false","true","false","false","false","2","not_certified_by_automation"
"toan-n3-202307-full","toan_q_2023_07_95","95","1","curated","","","false","true","false","true","true","false","false","1","not_certified_by_automation"
"toan-n3-202307-full","toan_q_2023_07_96","96","2","curated","","","false","true","false","true","false","false","false","2","not_certified_by_automation"
"toan-n3-202307-full","toan_q_2023_07_97","97","3","curated","","","false","true","false","true","false","false","false","3","not_certified_by_automation"
"toan-n3-202307-full","toan_q_2023_07_98","98","1","curated","","","false","true","false","true","false","false","false","1","not_certified_by_automation"
"toan-n3-202307-full","toan_q_2023_07_99","99","2","curated","","","false","true","false","true","false","false","false","2","not_certified_by_automation"
"toan-n3-202307-full","toan_q_2023_07_100","100","3","curated","","","false","true","false","true","false","false","false","3","not_certified_by_automation"
"toan-n3-202307-full","toan_q_2023_07_101","101","1","curated","","","false","true","false","true","false","false","false","1","not_certified_by_automation"
"toan-n3-202212-full","toan_q_2022_12_1","1","2","embedded","","","false","false","false","true","false","true","false","2","not_certified_by_automation"
"toan-n3-202212-full","toan_q_2022_12_2","2","1","embedded","","","false","false","false","true","false","true","false","1","not_certified_by_automation"
"toan-n3-202212-full","toan_q_2022_12_3","3","3","embedded","","","false","false","false","true","true","true","false","3","not_certified_by_automation"
"toan-n3-202212-full","toan_q_2022_12_4","4","1","embedded","","","false","false","false","true","true","true","false","1","not_certified_by_automation"
"toan-n3-202212-full","toan_q_2022_12_5","5","4","embedded","","","false","false","false","true","false","true","false","4","not_certified_by_automation"
"toan-n3-202212-full","toan_q_2022_12_6","6","4","embedded","","","false","false","false","true","false","true","false","4","not_certified_by_automation"
"toan-n3-202212-full","toan_q_2022_12_7","7","3","embedded","","","false","false","false","true","false","true","false","3","not_certified_by_automation"
"toan-n3-202212-full","toan_q_2022_12_8","8","2","embedded","","","false","false","false","true","true","true","false","2","not_certified_by_automation"
"toan-n3-202212-full","toan_q_2022_12_9","9","3","embedded","","","false","false","false","true","false","true","false","3","not_certified_by_automation"
"toan-n3-202212-full","toan_q_2022_12_10","10","3","embedded","","","false","false","false","true","false","true","false","3","not_certified_by_automation"
"toan-n3-202212-full","toan_q_2022_12_11","11","2","embedded","","","false","false","false","true","false","true","false","2","not_certified_by_automation"
"toan-n3-202212-full","toan_q_2022_12_12","12","4","embedded","","","false","false","false","true","false","true","false","4","not_certified_by_automation"
"toan-n3-202212-full","toan_q_2022_12_13","13","1","embedded","","","false","false","false","true","true","true","false","1","not_certified_by_automation"
"toan-n3-202212-full","toan_q_2022_12_14","14","2","embedded","","","false","false","false","true","true","true","false","2","not_certified_by_automation"
"toan-n3-202212-full","toan_q_2022_12_15","15","3","embedded","","","false","false","false","true","false","true","false","3","not_certified_by_automation"
"toan-n3-202212-full","toan_q_2022_12_16","16","4","embedded","","","false","false","false","true","false","true","false","4","not_certified_by_automation"
"toan-n3-202212-full","toan_q_2022_12_17","17","1","embedded","","","false","false","false","true","false","true","false","1","not_certified_by_automation"
"toan-n3-202212-full","toan_q_2022_12_18","18","2","embedded","","","false","false","false","true","false","true","false","2","not_certified_by_automation"
"toan-n3-202212-full","toan_q_2022_12_19","19","3","embedded","","","false","false","false","true","false","true","false","3","not_certified_by_automation"
"toan-n3-202212-full","toan_q_2022_12_20","20","2","embedded","","","false","false","false","true","false","true","false","2","not_certified_by_automation"
"toan-n3-202212-full","toan_q_2022_12_21","21","4","embedded","","","false","false","false","true","false","true","false","4","not_certified_by_automation"
"toan-n3-202212-full","toan_q_2022_12_22","22","1","embedded","","","false","false","false","true","false","true","false","1","not_certified_by_automation"
"toan-n3-202212-full","toan_q_2022_12_23","23","3","embedded","","","false","false","false","true","false","true","false","3","not_certified_by_automation"
"toan-n3-202212-full","toan_q_2022_12_24","24","1","embedded","","","false","false","false","true","false","true","false","1","not_certified_by_automation"
"toan-n3-202212-full","toan_q_2022_12_25","25","2","embedded","","","false","false","false","true","false","true","false","2","not_certified_by_automation"
"toan-n3-202212-full","toan_q_2022_12_26","26","1","embedded","","","false","false","false","true","false","true","false","1","not_certified_by_automation"
"toan-n3-202212-full","toan_q_2022_12_27","27","2","embedded","","","false","false","false","true","false","true","false","2","not_certified_by_automation"
"toan-n3-202212-full","toan_q_2022_12_28","28","1","embedded","","","false","false","false","true","false","true","false","1","not_certified_by_automation"
"toan-n3-202212-full","toan_q_2022_12_29","29","3","embedded","","","false","false","false","true","false","true","false","3","not_certified_by_automation"
"toan-n3-202212-full","toan_q_2022_12_30","30","4","embedded","","","false","false","false","true","false","true","false","4","not_certified_by_automation"
"toan-n3-202212-full","toan_q_2022_12_31","31","4","embedded","","","false","false","false","true","false","true","false","4","not_certified_by_automation"
"toan-n3-202212-full","toan_q_2022_12_32","32","2","embedded","","","false","false","false","true","false","true","false","2","not_certified_by_automation"
"toan-n3-202212-full","toan_q_2022_12_33","33","4","embedded","","","false","false","false","true","false","true","false","4","not_certified_by_automation"
"toan-n3-202212-full","toan_q_2022_12_34","34","1","embedded","","","false","false","false","true","true","true","false","1","not_certified_by_automation"
"toan-n3-202212-full","toan_q_2022_12_35","35","3","embedded","","","false","false","false","true","false","true","false","3","not_certified_by_automation"
"toan-n3-202212-full","toan_q_2022_12_36","36","2","embedded","","","false","false","false","true","true","true","false","2","not_certified_by_automation"
"toan-n3-202212-full","toan_q_2022_12_37","37","1","embedded","","","false","false","false","true","true","true","false","1","not_certified_by_automation"
"toan-n3-202212-full","toan_q_2022_12_38","38","3","embedded","","","false","false","false","true","false","true","false","3","not_certified_by_automation"
"toan-n3-202212-full","toan_q_2022_12_39","39","4","embedded","","","false","false","false","true","true","true","false","4","not_certified_by_automation"
"toan-n3-202212-full","toan_q_2022_12_40","40","1","embedded","","","false","false","false","true","false","true","false","1","not_certified_by_automation"
"toan-n3-202212-full","toan_q_2022_12_41","41","4","embedded","","","false","false","false","true","true","true","false","4","not_certified_by_automation"
"toan-n3-202212-full","toan_q_2022_12_42","42","2","embedded","","","false","false","false","true","false","true","false","2","not_certified_by_automation"
"toan-n3-202212-full","toan_q_2022_12_43","43","3","embedded","","","false","false","false","true","false","true","false","3","not_certified_by_automation"
"toan-n3-202212-full","toan_q_2022_12_44","44","1","embedded","","","false","false","false","true","false","true","false","1","not_certified_by_automation"
"toan-n3-202212-full","toan_q_2022_12_45","45","4","embedded","","","false","false","false","true","false","true","false","4","not_certified_by_automation"
"toan-n3-202212-full","toan_q_2022_12_46","46","2","embedded","","","false","false","false","true","false","true","false","2","not_certified_by_automation"
"toan-n3-202212-full","toan_q_2022_12_47","47","2","embedded","","","false","false","false","true","true","true","false","2","not_certified_by_automation"
"toan-n3-202212-full","toan_q_2022_12_48","48","3","embedded","","","false","false","false","true","true","true","false","3","not_certified_by_automation"
"toan-n3-202212-full","toan_q_2022_12_49","49","1","embedded","","","false","false","false","true","true","true","false","1","not_certified_by_automation"
"toan-n3-202212-full","toan_q_2022_12_50","50","4","embedded","","","false","false","false","true","false","false","false","4","not_certified_by_automation"
"toan-n3-202212-full","toan_q_2022_12_51","51","3","embedded","","","false","false","false","true","false","true","false","3","not_certified_by_automation"
"toan-n3-202212-full","toan_q_2022_12_52","52","2","embedded","","","false","false","false","true","false","false","false","2","not_certified_by_automation"
"toan-n3-202212-full","toan_q_2022_12_53","53","2","embedded","","","false","false","false","true","false","false","false","2","not_certified_by_automation"
"toan-n3-202212-full","toan_q_2022_12_54","54","1","embedded","","","false","false","false","true","false","true","false","1","not_certified_by_automation"
"toan-n3-202212-full","toan_q_2022_12_55","55","4","curated","","","false","false","false","true","true","true","false","4","not_certified_by_automation"
"toan-n3-202212-full","toan_q_2022_12_56","56","3","embedded","","","false","false","false","true","true","true","false","3","not_certified_by_automation"
"toan-n3-202212-full","toan_q_2022_12_57","57","3","curated","","","false","false","false","false","false","false","false","3","not_certified_by_automation"
"toan-n3-202212-full","toan_q_2022_12_58","58","2","curated","","","false","false","false","false","false","false","false","2","not_certified_by_automation"
"toan-n3-202212-full","toan_q_2022_12_59","59","4","curated","","","false","false","false","false","false","false","false","4","not_certified_by_automation"
"toan-n3-202212-full","toan_q_2022_12_60","60","3","curated","","","false","false","false","false","false","false","false","3","not_certified_by_automation"
"toan-n3-202212-full","toan_q_2022_12_61","61","1","curated","","","false","false","false","false","false","false","false","1","not_certified_by_automation"
"toan-n3-202212-full","toan_q_2022_12_62","62","4","curated","","","false","false","false","false","false","false","false","4","not_certified_by_automation"
"toan-n3-202212-full","toan_q_2022_12_63","63","4","curated","","","false","false","false","false","false","false","false","4","not_certified_by_automation"
"toan-n3-202212-full","toan_q_2022_12_64","64","2","curated","","","false","false","false","false","false","false","false","2","not_certified_by_automation"
"toan-n3-202212-full","toan_q_2022_12_65","65","1","curated","","","false","false","false","false","false","false","false","1","not_certified_by_automation"
"toan-n3-202212-full","toan_q_2022_12_66","66","4","curated","","","false","false","false","false","false","false","false","4","not_certified_by_automation"
"toan-n3-202212-full","toan_q_2022_12_67","67","3","curated","","","false","false","false","false","false","false","false","3","not_certified_by_automation"
"toan-n3-202212-full","toan_q_2022_12_68","68","1","curated","","","false","false","false","true","false","false","false","1","not_certified_by_automation"
"toan-n3-202212-full","toan_q_2022_12_69","69","2","curated","","","false","false","false","false","false","false","false","2","not_certified_by_automation"
"toan-n3-202212-full","toan_q_2022_12_70","70","1","curated","","","false","false","false","false","false","false","false","1","not_certified_by_automation"
"toan-n3-202212-full","toan_q_2022_12_71","71","3","curated","","","false","false","false","false","false","false","false","3","not_certified_by_automation"
"toan-n3-202212-full","toan_q_2022_12_72","72","4","curated","","","false","false","false","false","false","false","false","4","not_certified_by_automation"
"toan-n3-202212-full","toan_q_2022_12_73","73","2","curated","","","false","false","false","false","false","false","false","2","not_certified_by_automation"
"toan-n3-202212-full","toan_q_2022_12_74","74","3","curated","","","false","true","false","true","false","false","false","3","not_certified_by_automation"
"toan-n3-202212-full","toan_q_2022_12_75","75","2","curated","","","false","true","false","true","false","false","false","2","not_certified_by_automation"
"toan-n3-202212-full","toan_q_2022_12_76","76","1","curated","","","true","true","false","true","false","false","false","1","not_certified_by_automation"
"toan-n3-202212-full","toan_q_2022_12_77","77","2","curated","","","false","true","false","true","false","false","false","2","not_certified_by_automation"
"toan-n3-202212-full","toan_q_2022_12_78","78","4","curated","","","false","true","false","true","false","false","false","4","not_certified_by_automation"
"toan-n3-202212-full","toan_q_2022_12_79","79","2","curated","","","false","true","false","true","false","false","false","2","not_certified_by_automation"
"toan-n3-202212-full","toan_q_2022_12_80","80","2","curated","","","false","true","false","true","false","false","false","2","not_certified_by_automation"
"toan-n3-202212-full","toan_q_2022_12_81","81","2","curated","","","false","true","false","true","false","false","false","2","not_certified_by_automation"
"toan-n3-202212-full","toan_q_2022_12_82","82","4","curated","","","false","true","false","true","false","false","false","4","not_certified_by_automation"
"toan-n3-202212-full","toan_q_2022_12_83","83","3","curated","","","false","true","false","true","false","false","false","3","not_certified_by_automation"
"toan-n3-202212-full","toan_q_2022_12_84","84","2","curated","","","false","true","false","true","false","false","false","2","not_certified_by_automation"
"toan-n3-202212-full","toan_q_2022_12_85","85","1","curated","","","false","true","false","true","false","false","false","1","not_certified_by_automation"
"toan-n3-202212-full","toan_q_2022_12_86","86","3","curated","","","false","true","false","true","false","false","false","3","not_certified_by_automation"
"toan-n3-202212-full","toan_q_2022_12_87","87","2","curated","","","false","true","false","true","false","true","false","2","not_certified_by_automation"
"toan-n3-202212-full","toan_q_2022_12_88","88","3","curated","","","false","true","false","true","false","true","false","3","not_certified_by_automation"
"toan-n3-202212-full","toan_q_2022_12_89","89","2","curated","","","false","true","false","false","false","false","false","2","not_certified_by_automation"
"toan-n3-202212-full","toan_q_2022_12_90","90","1","curated","","","true","true","false","false","false","false","false","1","not_certified_by_automation"
"toan-n3-202212-full","toan_q_2022_12_91","91","3","curated","","","true","true","false","false","false","false","false","3","not_certified_by_automation"
"toan-n3-202212-full","toan_q_2022_12_92","92","2","curated","","","true","true","false","false","false","false","false","2","not_certified_by_automation"
"toan-n3-202212-full","toan_q_2022_12_93","93","1","curated","","","false","true","false","false","false","false","false","1","not_certified_by_automation"
"toan-n3-202212-full","toan_q_2022_12_94","94","1","curated","","","false","true","false","false","false","false","false","1","not_certified_by_automation"
"toan-n3-202212-full","toan_q_2022_12_95","95","2","curated","","","false","true","false","false","false","false","false","2","not_certified_by_automation"
"toan-n3-202212-full","toan_q_2022_12_96","96","1","curated","","","false","true","false","false","false","false","false","1","not_certified_by_automation"
"toan-n3-202212-full","toan_q_2022_12_97","97","2","curated","","","false","true","false","false","false","true","false","2","not_certified_by_automation"
"toan-n3-202212-full","toan_q_2022_12_98","98","3","curated","","","false","true","false","false","false","false","false","3","not_certified_by_automation"
"toan-n3-202212-full","toan_q_2022_12_99","99","2","curated","","","false","true","false","false","false","false","false","2","not_certified_by_automation"
"toan-n3-202212-full","toan_q_2022_12_100","100","1","curated","","","false","true","false","false","false","false","false","1","not_certified_by_automation"
"toan-n3-202212-full","toan_q_2022_12_101","101","3","curated","","","false","true","false","false","false","false","false","3","not_certified_by_automation"
"toan-n3-202207-full","toan_q_2022_07_1","1","1","embedded","","","false","false","false","true","true","false","false","1","not_certified_by_automation"
"toan-n3-202207-full","toan_q_2022_07_2","2","4","embedded","","","false","false","false","false","true","false","false","4","not_certified_by_automation"
"toan-n3-202207-full","toan_q_2022_07_3","3","2","embedded","","","false","false","false","false","true","false","false","2","not_certified_by_automation"
"toan-n3-202207-full","toan_q_2022_07_4","4","4","embedded","","","false","false","false","false","true","false","false","4","not_certified_by_automation"
"toan-n3-202207-full","toan_q_2022_07_5","5","1","embedded","","","false","false","false","false","true","false","false","1","not_certified_by_automation"
"toan-n3-202207-full","toan_q_2022_07_6","6","4","embedded","","","false","false","false","false","true","false","false","4","not_certified_by_automation"
"toan-n3-202207-full","toan_q_2022_07_7","7","3","embedded","","","false","false","false","false","true","false","false","3","not_certified_by_automation"
"toan-n3-202207-full","toan_q_2022_07_8","8","4","embedded","","","false","false","false","false","false","false","false","4","not_certified_by_automation"
"toan-n3-202207-full","toan_q_2022_07_9","9","4","embedded","","","false","false","false","false","false","false","false","4","not_certified_by_automation"
"toan-n3-202207-full","toan_q_2022_07_10","10","1","embedded","","","false","false","false","true","false","false","false","1","not_certified_by_automation"
"toan-n3-202207-full","toan_q_2022_07_11","11","2","embedded","","","false","false","false","false","false","false","false","2","not_certified_by_automation"
"toan-n3-202207-full","toan_q_2022_07_12","12","2","embedded","","","false","false","false","false","false","false","false","2","not_certified_by_automation"
"toan-n3-202207-full","toan_q_2022_07_13","13","3","embedded","","","false","false","false","false","false","false","false","3","not_certified_by_automation"
"toan-n3-202207-full","toan_q_2022_07_14","14","1","embedded","","","false","false","false","true","false","false","false","1","not_certified_by_automation"
"toan-n3-202207-full","toan_q_2022_07_15","15","2","embedded","","","false","false","false","false","false","false","false","2","not_certified_by_automation"
"toan-n3-202207-full","toan_q_2022_07_16","16","3","embedded","","","false","false","false","false","false","false","false","3","not_certified_by_automation"
"toan-n3-202207-full","toan_q_2022_07_17","17","2","embedded","","","false","false","false","false","false","false","false","2","not_certified_by_automation"
"toan-n3-202207-full","toan_q_2022_07_18","18","4","embedded","","","false","false","false","false","false","false","false","4","not_certified_by_automation"
"toan-n3-202207-full","toan_q_2022_07_19","19","1","embedded","","","false","false","false","false","false","false","false","1","not_certified_by_automation"
"toan-n3-202207-full","toan_q_2022_07_20","20","3","embedded","","","false","false","false","false","false","false","false","3","not_certified_by_automation"
"toan-n3-202207-full","toan_q_2022_07_21","21","3","embedded","","","false","false","false","true","false","false","false","3","not_certified_by_automation"
"toan-n3-202207-full","toan_q_2022_07_22","22","3","embedded","","","false","false","false","false","false","false","false","3","not_certified_by_automation"
"toan-n3-202207-full","toan_q_2022_07_23","23","4","embedded","","","false","false","false","true","false","false","false","4","not_certified_by_automation"
"toan-n3-202207-full","toan_q_2022_07_24","24","3","embedded","","","false","false","false","false","false","false","false","3","not_certified_by_automation"
"toan-n3-202207-full","toan_q_2022_07_25","25","3","embedded","","","false","false","false","true","false","false","false","3","not_certified_by_automation"
"toan-n3-202207-full","toan_q_2022_07_26","26","1","embedded","","","false","false","false","false","false","false","false","1","not_certified_by_automation"
"toan-n3-202207-full","toan_q_2022_07_27","27","4","embedded","","","false","false","false","false","false","false","false","4","not_certified_by_automation"
"toan-n3-202207-full","toan_q_2022_07_28","28","1","embedded","","","false","false","false","false","false","false","false","1","not_certified_by_automation"
"toan-n3-202207-full","toan_q_2022_07_29","29","2","embedded","","","false","false","false","true","false","false","false","2","not_certified_by_automation"
"toan-n3-202207-full","toan_q_2022_07_30","30","2","embedded","","","false","false","false","true","false","true","false","2","not_certified_by_automation"
"toan-n3-202207-full","toan_q_2022_07_31","31","3","embedded","","","false","false","false","true","false","true","false","3","not_certified_by_automation"
"toan-n3-202207-full","toan_q_2022_07_32","32","4","embedded","","","false","false","false","true","false","true","false","4","not_certified_by_automation"
"toan-n3-202207-full","toan_q_2022_07_33","33","1","embedded","","","false","false","false","true","false","true","false","1","not_certified_by_automation"
"toan-n3-202207-full","toan_q_2022_07_34","34","1","embedded","","","false","false","false","true","false","true","false","1","not_certified_by_automation"
"toan-n3-202207-full","toan_q_2022_07_35","35","3","embedded","","","false","false","false","true","false","true","false","3","not_certified_by_automation"
"toan-n3-202207-full","toan_q_2022_07_36","36","2","embedded","","","false","false","false","true","false","true","false","2","not_certified_by_automation"
"toan-n3-202207-full","toan_q_2022_07_37","37","4","embedded","","","false","false","false","true","false","true","false","4","not_certified_by_automation"
"toan-n3-202207-full","toan_q_2022_07_38","38","1","embedded","","","false","false","false","true","true","true","false","1","not_certified_by_automation"
"toan-n3-202207-full","toan_q_2022_07_39","39","2","embedded","","","false","false","false","true","false","true","true","1","not_certified_by_automation"
"toan-n3-202207-full","toan_q_2022_07_40","40","2","embedded","","","false","false","false","true","true","true","false","2","not_certified_by_automation"
"toan-n3-202207-full","toan_q_2022_07_41","41","3","embedded","","","false","false","false","true","false","true","false","3","not_certified_by_automation"
"toan-n3-202207-full","toan_q_2022_07_42","42","3","embedded","","","false","false","false","true","false","true","false","3","not_certified_by_automation"
"toan-n3-202207-full","toan_q_2022_07_43","43","4","embedded","","","false","false","false","true","true","true","false","4","not_certified_by_automation"
"toan-n3-202207-full","toan_q_2022_07_44","44","1","embedded","","","false","false","false","true","true","true","false","1","not_certified_by_automation"
"toan-n3-202207-full","toan_q_2022_07_45","45","4","embedded","","","false","false","false","true","false","true","false","4","not_certified_by_automation"
"toan-n3-202207-full","toan_q_2022_07_46","46","1","embedded","","","false","false","false","true","true","true","false","1","not_certified_by_automation"
"toan-n3-202207-full","toan_q_2022_07_47","47","3","embedded","","","false","false","false","true","false","true","false","3","not_certified_by_automation"
"toan-n3-202207-full","toan_q_2022_07_48","48","2","curated","","","false","false","false","true","false","false","true","4","not_certified_by_automation"
"toan-n3-202207-full","toan_q_2022_07_49","49","2","embedded","","","false","false","false","true","false","false","false","2","not_certified_by_automation"
"toan-n3-202207-full","toan_q_2022_07_50","50","3","curated","","","false","false","false","true","false","false","false","3","not_certified_by_automation"
"toan-n3-202207-full","toan_q_2022_07_51","51","1","embedded","","","false","false","false","true","false","false","false","1","not_certified_by_automation"
"toan-n3-202207-full","toan_q_2022_07_52","52","4","embedded","","","false","false","false","true","false","false","false","4","not_certified_by_automation"
"toan-n3-202207-full","toan_q_2022_07_53","53","2","embedded","","","false","false","false","true","false","true","false","2","not_certified_by_automation"
"toan-n3-202207-full","toan_q_2022_07_54","54","1","embedded","","","false","false","false","true","true","true","false","1","not_certified_by_automation"
"toan-n3-202207-full","toan_q_2022_07_55","55","4","embedded","","","false","false","false","true","true","true","false","4","not_certified_by_automation"
"toan-n3-202207-full","toan_q_2022_07_56","56","3","embedded","","","false","false","false","true","false","true","false","3","not_certified_by_automation"
"toan-n3-202207-full","toan_q_2022_07_57","57","4","curated","","","false","false","false","false","false","false","false","4","not_certified_by_automation"
"toan-n3-202207-full","toan_q_2022_07_58","58","2","curated","","","false","false","false","false","false","true","false","2","not_certified_by_automation"
"toan-n3-202207-full","toan_q_2022_07_59","59","2","curated","","","false","false","false","true","false","false","false","2","not_certified_by_automation"
"toan-n3-202207-full","toan_q_2022_07_60","60","2","curated","","","false","false","false","false","false","false","false","2","not_certified_by_automation"
"toan-n3-202207-full","toan_q_2022_07_61","61","1","curated","","","false","false","false","false","false","false","false","1","not_certified_by_automation"
"toan-n3-202207-full","toan_q_2022_07_62","62","3","curated","","","false","false","false","false","false","false","false","3","not_certified_by_automation"
"toan-n3-202207-full","toan_q_2022_07_63","63","4","curated","","","false","false","false","false","false","false","false","4","not_certified_by_automation"
"toan-n3-202207-full","toan_q_2022_07_64","64","4","curated","","","false","false","false","false","false","false","false","4","not_certified_by_automation"
"toan-n3-202207-full","toan_q_2022_07_65","65","4","curated","","","false","false","false","false","false","false","false","4","not_certified_by_automation"
"toan-n3-202207-full","toan_q_2022_07_66","66","3","curated","","","false","false","false","false","false","false","false","3","not_certified_by_automation"
"toan-n3-202207-full","toan_q_2022_07_67","67","1","curated","","","false","false","false","false","false","false","false","1","not_certified_by_automation"
"toan-n3-202207-full","toan_q_2022_07_68","68","4","curated","","","false","false","false","false","false","false","false","4","not_certified_by_automation"
"toan-n3-202207-full","toan_q_2022_07_69","69","3","curated","","","false","false","false","false","false","false","false","3","not_certified_by_automation"
"toan-n3-202207-full","toan_q_2022_07_70","70","3","curated","","","false","false","false","false","false","false","false","3","not_certified_by_automation"
"toan-n3-202207-full","toan_q_2022_07_71","71","1","curated","","","false","false","false","false","false","false","false","1","not_certified_by_automation"
"toan-n3-202207-full","toan_q_2022_07_72","72","2","curated","","","false","false","false","false","false","false","false","2","not_certified_by_automation"
"toan-n3-202207-full","toan_q_2022_07_73","73","3","curated","","","true","true","false","true","false","false","false","3","not_certified_by_automation"
"toan-n3-202207-full","toan_q_2022_07_74","74","4","curated","","","false","true","false","true","false","false","false","4","not_certified_by_automation"
"toan-n3-202207-full","toan_q_2022_07_75","75","4","curated","","","false","true","false","false","false","false","false","4","not_certified_by_automation"
"toan-n3-202207-full","toan_q_2022_07_76","76","3","curated","","","false","true","false","true","false","false","false","3","not_certified_by_automation"
"toan-n3-202207-full","toan_q_2022_07_77","77","2","curated","","","true","true","false","true","false","false","false","2","not_certified_by_automation"
"toan-n3-202207-full","toan_q_2022_07_78","78","1","curated","","","false","true","false","true","false","false","false","1","not_certified_by_automation"
"toan-n3-202207-full","toan_q_2022_07_79","79","4","curated","","","false","true","false","true","false","false","false","4","not_certified_by_automation"
"toan-n3-202207-full","toan_q_2022_07_80","80","2","curated","","","false","true","false","true","true","false","false","2","not_certified_by_automation"
"toan-n3-202207-full","toan_q_2022_07_81","81","3","curated","","","false","true","false","true","false","false","false","3","not_certified_by_automation"
"toan-n3-202207-full","toan_q_2022_07_82","82","1","curated","","","false","true","false","true","false","false","false","1","not_certified_by_automation"
"toan-n3-202207-full","toan_q_2022_07_83","83","4","curated","","","false","true","false","true","false","false","false","4","not_certified_by_automation"
"toan-n3-202207-full","toan_q_2022_07_84","84","4","curated","","","false","true","false","true","false","false","false","4","not_certified_by_automation"
"toan-n3-202207-full","toan_q_2022_07_85","85","4","curated","","","false","true","false","false","false","false","false","4","not_certified_by_automation"
"toan-n3-202207-full","toan_q_2022_07_86","86","3","curated","","","false","true","false","false","false","false","false","3","not_certified_by_automation"
"toan-n3-202207-full","toan_q_2022_07_87","87","3","curated","","","false","true","false","true","false","false","false","3","not_certified_by_automation"
"toan-n3-202207-full","toan_q_2022_07_88","88","1","curated","","","true","true","false","false","false","false","false","1","not_certified_by_automation"
"toan-n3-202207-full","toan_q_2022_07_89","89","3","curated","","","true","true","false","false","false","false","false","3","not_certified_by_automation"
"toan-n3-202207-full","toan_q_2022_07_90","90","3","curated","","","true","true","false","false","true","false","false","3","not_certified_by_automation"
"toan-n3-202207-full","toan_q_2022_07_91","91","2","curated","","","true","true","false","false","true","false","false","2","not_certified_by_automation"
"toan-n3-202207-full","toan_q_2022_07_92","92","1","curated","","","false","true","false","false","false","false","false","1","not_certified_by_automation"
"toan-n3-202207-full","toan_q_2022_07_93","93","2","curated","","","false","true","false","false","false","false","false","2","not_certified_by_automation"
"toan-n3-202207-full","toan_q_2022_07_94","94","3","curated","","","false","true","false","false","false","false","false","3","not_certified_by_automation"
"toan-n3-202207-full","toan_q_2022_07_95","95","2","curated","","","false","true","false","false","false","false","false","2","not_certified_by_automation"
"toan-n3-202207-full","toan_q_2022_07_96","96","3","curated","","","false","true","false","false","false","false","false","3","not_certified_by_automation"
"toan-n3-202207-full","toan_q_2022_07_97","97","3","curated","","","false","true","false","false","false","false","false","3","not_certified_by_automation"
"toan-n3-202207-full","toan_q_2022_07_98","98","2","curated","","","false","true","false","false","false","false","false","2","not_certified_by_automation"
"toan-n3-202207-full","toan_q_2022_07_99","99","1","curated","","","false","true","false","false","false","false","false","1","not_certified_by_automation"
"toan-n3-202207-full","toan_q_2022_07_100","100","1","curated","","","false","true","false","false","false","false","false","1","not_certified_by_automation"
"toan-n3-202112-full","toan_q_2021_12_1","1","1","embedded","","","false","false","false","true","true","false","false","1","not_certified_by_automation"
"toan-n3-202112-full","toan_q_2021_12_2","2","3","embedded","","","false","false","false","false","true","false","false","3","not_certified_by_automation"
"toan-n3-202112-full","toan_q_2021_12_3","3","3","embedded","","","false","false","false","false","true","false","false","3","not_certified_by_automation"
"toan-n3-202112-full","toan_q_2021_12_4","4","2","embedded","","","false","false","false","false","true","false","false","2","not_certified_by_automation"
"toan-n3-202112-full","toan_q_2021_12_5","5","1","embedded","","","false","false","false","false","true","false","false","1","not_certified_by_automation"
"toan-n3-202112-full","toan_q_2021_12_6","6","1","embedded","","","false","false","false","true","true","false","false","1","not_certified_by_automation"
"toan-n3-202112-full","toan_q_2021_12_7","7","4","embedded","","","false","false","false","false","true","false","false","4","not_certified_by_automation"
"toan-n3-202112-full","toan_q_2021_12_8","8","4","embedded","","","false","false","false","true","true","false","false","4","not_certified_by_automation"
"toan-n3-202112-full","toan_q_2021_12_9","9","4","embedded","","","false","false","false","false","false","false","false","4","not_certified_by_automation"
"toan-n3-202112-full","toan_q_2021_12_10","10","1","embedded","","","false","false","false","true","false","true","false","1","not_certified_by_automation"
"toan-n3-202112-full","toan_q_2021_12_11","11","2","embedded","","","false","false","false","true","false","false","false","2","not_certified_by_automation"
"toan-n3-202112-full","toan_q_2021_12_12","12","1","embedded","","","false","false","false","true","true","false","false","1","not_certified_by_automation"
"toan-n3-202112-full","toan_q_2021_12_13","13","3","embedded","","","false","false","false","true","false","false","false","3","not_certified_by_automation"
"toan-n3-202112-full","toan_q_2021_12_14","14","4","embedded","","","false","false","false","true","false","false","false","4","not_certified_by_automation"
"toan-n3-202112-full","toan_q_2021_12_15","15","2","embedded","","","false","false","false","true","false","false","false","2","not_certified_by_automation"
"toan-n3-202112-full","toan_q_2021_12_16","16","3","embedded","","","false","false","false","true","true","false","false","3","not_certified_by_automation"
"toan-n3-202112-full","toan_q_2021_12_17","17","2","embedded","","","false","false","false","true","false","false","false","2","not_certified_by_automation"
"toan-n3-202112-full","toan_q_2021_12_18","18","4","embedded","","","false","false","false","true","true","false","false","4","not_certified_by_automation"
"toan-n3-202112-full","toan_q_2021_12_19","19","1","embedded","","","false","false","false","true","false","false","false","1","not_certified_by_automation"
"toan-n3-202112-full","toan_q_2021_12_20","20","4","embedded","","","false","false","false","true","true","false","false","4","not_certified_by_automation"
"toan-n3-202112-full","toan_q_2021_12_21","21","2","embedded","","","false","false","false","true","false","false","false","2","not_certified_by_automation"
"toan-n3-202112-full","toan_q_2021_12_22","22","2","embedded","","","false","false","false","true","true","false","false","2","not_certified_by_automation"
"toan-n3-202112-full","toan_q_2021_12_23","23","3","embedded","","","false","false","false","true","false","false","false","3","not_certified_by_automation"
"toan-n3-202112-full","toan_q_2021_12_24","24","4","embedded","","","false","false","false","true","false","false","false","4","not_certified_by_automation"
"toan-n3-202112-full","toan_q_2021_12_25","25","2","embedded","","","false","false","false","true","false","false","false","2","not_certified_by_automation"
"toan-n3-202112-full","toan_q_2021_12_26","26","2","embedded","","","false","false","false","true","false","false","false","2","not_certified_by_automation"
"toan-n3-202112-full","toan_q_2021_12_27","27","3","embedded","","","false","false","false","true","false","false","false","3","not_certified_by_automation"
"toan-n3-202112-full","toan_q_2021_12_28","28","4","embedded","","","false","false","false","true","false","false","false","4","not_certified_by_automation"
"toan-n3-202112-full","toan_q_2021_12_29","29","1","embedded","","","false","false","false","true","false","false","false","1","not_certified_by_automation"
"toan-n3-202112-full","toan_q_2021_12_30","30","2","embedded","","","false","false","false","true","true","false","false","2","not_certified_by_automation"
"toan-n3-202112-full","toan_q_2021_12_31","31","1","embedded","","","false","false","false","true","false","true","false","1","not_certified_by_automation"
"toan-n3-202112-full","toan_q_2021_12_32","32","3","embedded","","","false","false","false","true","false","true","false","3","not_certified_by_automation"
"toan-n3-202112-full","toan_q_2021_12_33","33","1","embedded","","","false","false","false","true","false","true","false","1","not_certified_by_automation"
"toan-n3-202112-full","toan_q_2021_12_34","34","3","embedded","","","false","false","false","true","false","true","false","3","not_certified_by_automation"
"toan-n3-202112-full","toan_q_2021_12_35","35","4","embedded","","","false","false","false","true","false","true","false","4","not_certified_by_automation"
"toan-n3-202112-full","toan_q_2021_12_36","36","3","embedded","","","false","false","false","true","false","true","false","3","not_certified_by_automation"
"toan-n3-202112-full","toan_q_2021_12_37","37","4","embedded","","","false","false","false","true","true","true","false","4","not_certified_by_automation"
"toan-n3-202112-full","toan_q_2021_12_38","38","2","embedded","","","false","false","false","true","false","true","false","2","not_certified_by_automation"
"toan-n3-202112-full","toan_q_2021_12_39","39","4","embedded","","","false","false","false","true","true","true","false","4","not_certified_by_automation"
"toan-n3-202112-full","toan_q_2021_12_40","40","1","embedded","","","false","false","false","true","true","true","false","1","not_certified_by_automation"
"toan-n3-202112-full","toan_q_2021_12_41","41","2","embedded","","","false","false","false","true","true","true","false","2","not_certified_by_automation"
"toan-n3-202112-full","toan_q_2021_12_42","42","4","embedded","","","false","false","false","true","true","true","false","4","not_certified_by_automation"
"toan-n3-202112-full","toan_q_2021_12_43","43","1","embedded","","","false","false","false","true","true","true","false","1","not_certified_by_automation"
"toan-n3-202112-full","toan_q_2021_12_44","44","2","embedded","","","false","false","false","true","false","true","false","2","not_certified_by_automation"
"toan-n3-202112-full","toan_q_2021_12_45","45","2","embedded","","","false","false","false","true","false","true","false","2","not_certified_by_automation"
"toan-n3-202112-full","toan_q_2021_12_46","46","4","embedded","","","false","false","false","true","true","true","false","4","not_certified_by_automation"
"toan-n3-202112-full","toan_q_2021_12_47","47","1","embedded","","","false","false","false","true","true","true","false","1","not_certified_by_automation"
"toan-n3-202112-full","toan_q_2021_12_48","48","4","embedded","","","false","false","false","true","true","true","false","4","not_certified_by_automation"
"toan-n3-202112-full","toan_q_2021_12_49","49","3","embedded","","","false","false","false","true","false","true","false","3","not_certified_by_automation"
"toan-n3-202112-full","toan_q_2021_12_50","50","1","embedded","","","false","false","false","true","false","true","false","1","not_certified_by_automation"
"toan-n3-202112-full","toan_q_2021_12_51","51","3","embedded","","","false","false","false","true","false","true","false","3","not_certified_by_automation"
"toan-n3-202112-full","toan_q_2021_12_52","52","4","embedded","","","false","false","false","true","false","true","false","4","not_certified_by_automation"
"toan-n3-202112-full","toan_q_2021_12_53","53","3","embedded","","","false","false","false","true","false","true","false","3","not_certified_by_automation"
"toan-n3-202112-full","toan_q_2021_12_54","54","3","curated","","","false","false","false","false","true","true","false","3","not_certified_by_automation"
"toan-n3-202112-full","toan_q_2021_12_55","55","4","embedded","","","false","false","false","true","false","true","false","4","not_certified_by_automation"
"toan-n3-202112-full","toan_q_2021_12_56","56","2","embedded","","","false","false","false","true","false","true","false","2","not_certified_by_automation"
"toan-n3-202112-full","toan_q_2021_12_57","57","1","embedded","","","false","false","false","true","true","true","false","1","not_certified_by_automation"
"toan-n3-202112-full","toan_q_2021_12_58","58","3","curated","","","false","false","false","false","false","false","false","3","not_certified_by_automation"
"toan-n3-202112-full","toan_q_2021_12_59","59","2","curated","","","false","false","false","false","true","false","false","2","not_certified_by_automation"
"toan-n3-202112-full","toan_q_2021_12_60","60","4","curated","","","false","false","false","false","false","true","false","4","not_certified_by_automation"
"toan-n3-202112-full","toan_q_2021_12_61","61","2","curated","","","false","false","false","false","false","false","false","2","not_certified_by_automation"
"toan-n3-202112-full","toan_q_2021_12_62","62","3","curated","","","false","false","false","false","false","false","false","3","not_certified_by_automation"
"toan-n3-202112-full","toan_q_2021_12_63","63","2","curated","","","false","false","false","false","false","false","false","2","not_certified_by_automation"
"toan-n3-202112-full","toan_q_2021_12_64","64","4","curated","","","false","false","false","false","false","false","false","4","not_certified_by_automation"
"toan-n3-202112-full","toan_q_2021_12_65","65","3","curated","","","false","false","false","false","false","false","false","3","not_certified_by_automation"
"toan-n3-202112-full","toan_q_2021_12_66","66","3","curated","","","false","false","false","false","false","false","false","3","not_certified_by_automation"
"toan-n3-202112-full","toan_q_2021_12_67","67","4","curated","","","false","false","false","false","false","false","false","4","not_certified_by_automation"
"toan-n3-202112-full","toan_q_2021_12_68","68","4","curated","","","false","false","false","false","false","false","false","4","not_certified_by_automation"
"toan-n3-202112-full","toan_q_2021_12_69","69","1","curated","","","false","false","false","false","false","false","false","1","not_certified_by_automation"
"toan-n3-202112-full","toan_q_2021_12_70","70","3","curated","","","false","false","false","false","false","false","false","3","not_certified_by_automation"
"toan-n3-202112-full","toan_q_2021_12_71","71","2","curated","","","false","false","false","false","false","false","false","2","not_certified_by_automation"
"toan-n3-202112-full","toan_q_2021_12_72","72","2","curated","","","false","false","false","false","false","false","false","2","not_certified_by_automation"
"toan-n3-202112-full","toan_q_2021_12_73","73","1","curated","","","false","false","false","false","false","false","false","1","not_certified_by_automation"
"toan-n3-202112-full","toan_q_2021_12_74","74","3","curated","","","true","true","false","true","false","false","false","3","not_certified_by_automation"
"toan-n3-202112-full","toan_q_2021_12_75","75","2","curated","","","false","true","false","true","false","false","false","2","not_certified_by_automation"
"toan-n3-202112-full","toan_q_2021_12_76","76","4","curated","","","true","true","false","true","true","false","false","4","not_certified_by_automation"
"toan-n3-202112-full","toan_q_2021_12_77","77","2","curated","","","true","true","false","true","false","false","false","2","not_certified_by_automation"
"toan-n3-202112-full","toan_q_2021_12_78","78","1","curated","","","false","true","false","true","false","false","false","1","not_certified_by_automation"
"toan-n3-202112-full","toan_q_2021_12_79","79","2","curated","","","true","true","false","true","true","false","false","2","not_certified_by_automation"
"toan-n3-202112-full","toan_q_2021_12_80","80","3","curated","","","false","true","false","true","false","false","false","3","not_certified_by_automation"
"toan-n3-202112-full","toan_q_2021_12_81","81","1","curated","","","false","true","false","true","false","false","false","1","not_certified_by_automation"
"toan-n3-202112-full","toan_q_2021_12_82","82","4","curated","","","false","true","false","true","false","false","false","4","not_certified_by_automation"
"toan-n3-202112-full","toan_q_2021_12_83","83","3","curated","","","false","true","false","true","true","false","false","3","not_certified_by_automation"
"toan-n3-202112-full","toan_q_2021_12_84","84","2","curated","","","false","true","false","true","false","false","false","2","not_certified_by_automation"
"toan-n3-202112-full","toan_q_2021_12_85","85","3","curated","","","false","true","false","true","false","false","false","3","not_certified_by_automation"
"toan-n3-202112-full","toan_q_2021_12_86","86","4","curated","","","false","true","false","true","false","false","false","4","not_certified_by_automation"
"toan-n3-202112-full","toan_q_2021_12_87","87","2","curated","","","false","true","false","true","false","false","false","2","not_certified_by_automation"
"toan-n3-202112-full","toan_q_2021_12_88","88","3","curated","","","false","true","false","true","false","false","false","3","not_certified_by_automation"
"toan-n3-202112-full","toan_q_2021_12_89","89","1","curated","","","true","true","false","false","false","false","false","1","not_certified_by_automation"
"toan-n3-202112-full","toan_q_2021_12_90","90","1","curated","","","true","true","false","false","false","false","false","1","not_certified_by_automation"
"toan-n3-202112-full","toan_q_2021_12_91","91","3","curated","","","true","true","false","false","false","false","false","3","not_certified_by_automation"
"toan-n3-202112-full","toan_q_2021_12_92","92","2","curated","","","true","true","false","false","false","false","false","2","not_certified_by_automation"
"toan-n3-202112-full","toan_q_2021_12_93","93","1","curated","","","false","true","false","false","false","false","false","1","not_certified_by_automation"
"toan-n3-202112-full","toan_q_2021_12_94","94","1","curated","","","false","true","false","false","false","false","false","1","not_certified_by_automation"
"toan-n3-202112-full","toan_q_2021_12_95","95","3","curated","","","false","true","false","false","false","false","false","3","not_certified_by_automation"
"toan-n3-202112-full","toan_q_2021_12_96","96","1","curated","","","false","true","false","false","false","false","false","1","not_certified_by_automation"
"toan-n3-202112-full","toan_q_2021_12_97","97","2","curated","","","false","true","false","false","true","false","false","2","not_certified_by_automation"
"toan-n3-202112-full","toan_q_2021_12_98","98","3","curated","","","false","true","false","false","false","false","false","3","not_certified_by_automation"
"toan-n3-202112-full","toan_q_2021_12_99","99","3","curated","","","false","true","false","false","false","false","false","3","not_certified_by_automation"
"toan-n3-202112-full","toan_q_2021_12_100","100","2","curated","","","false","true","false","true","false","false","false","2","not_certified_by_automation"
"toan-n3-202112-full","toan_q_2021_12_101","101","1","curated","","","false","true","false","true","false","false","false","1","not_certified_by_automation"
"toan-n3-202107-full","toan_q_2021_07_1","1","4","embedded","","","false","false","false","false","true","false","false","4","not_certified_by_automation"
"toan-n3-202107-full","toan_q_2021_07_2","2","2","embedded","","","false","false","false","true","true","false","false","2","not_certified_by_automation"
"toan-n3-202107-full","toan_q_2021_07_3","3","2","embedded","","","false","false","false","false","true","true","false","2","not_certified_by_automation"
"toan-n3-202107-full","toan_q_2021_07_4","4","4","embedded","","","false","false","false","true","true","false","false","4","not_certified_by_automation"
"toan-n3-202107-full","toan_q_2021_07_5","5","1","embedded","","","false","false","false","false","true","false","false","1","not_certified_by_automation"
"toan-n3-202107-full","toan_q_2021_07_6","6","3","embedded","","","false","false","false","true","true","false","false","3","not_certified_by_automation"
"toan-n3-202107-full","toan_q_2021_07_7","7","1","embedded","","","false","false","false","true","true","false","false","1","not_certified_by_automation"
"toan-n3-202107-full","toan_q_2021_07_8","8","3","embedded","","","false","false","false","true","true","false","false","3","not_certified_by_automation"
"toan-n3-202107-full","toan_q_2021_07_9","9","3","embedded","","","false","false","false","true","false","false","false","3","not_certified_by_automation"
"toan-n3-202107-full","toan_q_2021_07_10","10","2","embedded","","","false","false","false","false","false","true","false","2","not_certified_by_automation"
"toan-n3-202107-full","toan_q_2021_07_11","11","3","embedded","","","false","false","false","true","false","false","false","3","not_certified_by_automation"
"toan-n3-202107-full","toan_q_2021_07_12","12","1","embedded","","","false","false","false","true","false","false","false","1","not_certified_by_automation"
"toan-n3-202107-full","toan_q_2021_07_13","13","4","embedded","","","false","false","false","true","false","false","false","4","not_certified_by_automation"
"toan-n3-202107-full","toan_q_2021_07_14","14","2","embedded","","","false","false","false","false","false","false","false","2","not_certified_by_automation"
"toan-n3-202107-full","toan_q_2021_07_15","15","3","embedded","","","false","false","false","false","false","false","false","3","not_certified_by_automation"
"toan-n3-202107-full","toan_q_2021_07_16","16","4","embedded","","","false","false","false","false","false","false","false","4","not_certified_by_automation"
"toan-n3-202107-full","toan_q_2021_07_17","17","3","embedded","","","false","false","false","false","false","false","false","3","not_certified_by_automation"
"toan-n3-202107-full","toan_q_2021_07_18","18","2","embedded","","","false","false","false","true","false","false","false","2","not_certified_by_automation"
"toan-n3-202107-full","toan_q_2021_07_19","19","4","embedded","","","false","false","false","false","false","false","false","4","not_certified_by_automation"
"toan-n3-202107-full","toan_q_2021_07_20","20","2","embedded","","","false","false","false","false","false","false","false","2","not_certified_by_automation"
"toan-n3-202107-full","toan_q_2021_07_21","21","3","embedded","","","false","false","false","true","false","false","false","3","not_certified_by_automation"
"toan-n3-202107-full","toan_q_2021_07_22","22","1","embedded","","","false","false","false","false","false","false","false","1","not_certified_by_automation"
"toan-n3-202107-full","toan_q_2021_07_23","23","2","embedded","","","false","false","false","true","false","false","false","2","not_certified_by_automation"
"toan-n3-202107-full","toan_q_2021_07_24","24","4","embedded","","","false","false","false","false","false","false","false","4","not_certified_by_automation"
"toan-n3-202107-full","toan_q_2021_07_25","25","1","embedded","","","false","false","false","true","false","false","false","1","not_certified_by_automation"
"toan-n3-202107-full","toan_q_2021_07_26","26","3","embedded","","","false","false","false","true","false","false","false","3","not_certified_by_automation"
"toan-n3-202107-full","toan_q_2021_07_27","27","2","embedded","","","false","false","false","true","false","false","false","2","not_certified_by_automation"
"toan-n3-202107-full","toan_q_2021_07_28","28","4","embedded","","","false","false","false","true","false","false","false","4","not_certified_by_automation"
"toan-n3-202107-full","toan_q_2021_07_29","29","1","embedded","","","false","false","false","true","false","false","false","1","not_certified_by_automation"
"toan-n3-202107-full","toan_q_2021_07_30","30","4","embedded","","","false","false","false","true","false","true","false","4","not_certified_by_automation"
"toan-n3-202107-full","toan_q_2021_07_31","31","2","embedded","","","false","false","false","true","false","true","false","2","not_certified_by_automation"
"toan-n3-202107-full","toan_q_2021_07_32","32","1","embedded","","","false","false","false","true","true","true","false","1","not_certified_by_automation"
"toan-n3-202107-full","toan_q_2021_07_33","33","4","embedded","","","false","false","false","true","false","true","false","4","not_certified_by_automation"
"toan-n3-202107-full","toan_q_2021_07_34","34","1","embedded","","","false","false","false","true","false","true","false","1","not_certified_by_automation"
"toan-n3-202107-full","toan_q_2021_07_35","35","3","embedded","","","false","false","false","true","false","true","false","3","not_certified_by_automation"
"toan-n3-202107-full","toan_q_2021_07_36","36","3","embedded","","","false","false","false","true","false","true","false","3","not_certified_by_automation"
"toan-n3-202107-full","toan_q_2021_07_37","37","4","embedded","","","false","false","false","true","false","true","false","4","not_certified_by_automation"
"toan-n3-202107-full","toan_q_2021_07_38","38","4","embedded","","","false","false","false","true","false","true","false","4","not_certified_by_automation"
"toan-n3-202107-full","toan_q_2021_07_39","39","2","embedded","","","false","false","false","true","true","true","false","2","not_certified_by_automation"
"toan-n3-202107-full","toan_q_2021_07_40","40","1","embedded","","","false","false","false","true","false","true","false","1","not_certified_by_automation"
"toan-n3-202107-full","toan_q_2021_07_41","41","3","embedded","","","false","false","false","true","false","true","false","3","not_certified_by_automation"
"toan-n3-202107-full","toan_q_2021_07_42","42","1","embedded","","","false","false","false","true","false","true","false","1","not_certified_by_automation"
"toan-n3-202107-full","toan_q_2021_07_43","43","4","embedded","","","false","false","false","true","true","true","false","4","not_certified_by_automation"
"toan-n3-202107-full","toan_q_2021_07_44","44","3","embedded","","","false","false","false","true","true","true","false","3","not_certified_by_automation"
"toan-n3-202107-full","toan_q_2021_07_45","45","1","embedded","","","false","false","false","true","true","true","false","1","not_certified_by_automation"
"toan-n3-202107-full","toan_q_2021_07_46","46","3","embedded","","","false","false","false","true","false","true","false","3","not_certified_by_automation"
"toan-n3-202107-full","toan_q_2021_07_47","47","2","embedded","","","false","false","false","true","true","true","false","2","not_certified_by_automation"
"toan-n3-202107-full","toan_q_2021_07_48","48","2","embedded","","","false","false","false","true","false","true","false","2","not_certified_by_automation"
"toan-n3-202107-full","toan_q_2021_07_49","49","2","embedded","","","false","false","false","true","true","false","false","2","not_certified_by_automation"
"toan-n3-202107-full","toan_q_2021_07_50","50","4","embedded","","","false","false","false","true","false","false","false","4","not_certified_by_automation"
"toan-n3-202107-full","toan_q_2021_07_51","51","1","embedded","","","false","false","false","true","false","false","false","1","not_certified_by_automation"
"toan-n3-202107-full","toan_q_2021_07_52","52","3","embedded","","","false","false","false","true","false","false","false","3","not_certified_by_automation"
"toan-n3-202107-full","toan_q_2021_07_53","53","1","embedded","","","false","false","false","true","false","false","false","1","not_certified_by_automation"
"toan-n3-202107-full","toan_q_2021_07_54","54","3","curated","","","false","false","false","false","true","false","false","3","not_certified_by_automation"
"toan-n3-202107-full","toan_q_2021_07_55","55","1","curated","","","false","false","false","false","false","false","false","1","not_certified_by_automation"
"toan-n3-202107-full","toan_q_2021_07_56","56","2","curated","","","false","false","false","true","false","false","false","2","not_certified_by_automation"
"toan-n3-202107-full","toan_q_2021_07_57","57","4","curated","","","false","false","false","false","false","false","false","4","not_certified_by_automation"
"toan-n3-202107-full","toan_q_2021_07_58","58","3","curated","","","false","false","false","false","false","false","false","3","not_certified_by_automation"
"toan-n3-202107-full","toan_q_2021_07_59","59","3","curated","","","false","false","false","false","true","false","false","3","not_certified_by_automation"
"toan-n3-202107-full","toan_q_2021_07_60","60","1","curated","","","false","false","false","false","false","false","false","1","not_certified_by_automation"
"toan-n3-202107-full","toan_q_2021_07_61","61","2","curated","","","false","false","false","false","false","false","false","2","not_certified_by_automation"
"toan-n3-202107-full","toan_q_2021_07_62","62","3","curated","","","false","false","false","false","false","false","false","3","not_certified_by_automation"
"toan-n3-202107-full","toan_q_2021_07_63","63","4","curated","","","false","false","false","false","false","false","false","4","not_certified_by_automation"
"toan-n3-202107-full","toan_q_2021_07_64","64","2","curated","","","false","false","false","false","false","false","false","2","not_certified_by_automation"
"toan-n3-202107-full","toan_q_2021_07_65","65","4","curated","","","false","false","false","false","true","false","false","4","not_certified_by_automation"
"toan-n3-202107-full","toan_q_2021_07_66","66","4","curated","","","false","false","false","false","false","false","false","4","not_certified_by_automation"
"toan-n3-202107-full","toan_q_2021_07_67","67","3","curated","","","false","false","false","false","false","false","false","3","not_certified_by_automation"
"toan-n3-202107-full","toan_q_2021_07_68","68","4","curated","","","false","false","false","false","true","false","false","4","not_certified_by_automation"
"toan-n3-202107-full","toan_q_2021_07_69","69","4","curated","","","false","false","false","false","false","false","false","4","not_certified_by_automation"
"toan-n3-202107-full","toan_q_2021_07_70","70","1","curated","","","false","false","false","false","true","false","false","1","not_certified_by_automation"
"toan-n3-202107-full","toan_q_2021_07_71","71","2","curated","","","false","false","false","false","true","false","false","2","not_certified_by_automation"
"toan-n3-202107-full","toan_q_2021_07_72","72","3","curated","","","false","false","false","false","false","false","false","3","not_certified_by_automation"
"toan-n3-202107-full","toan_q_2021_07_73","73","1","curated","","","false","false","false","false","true","true","false","1","not_certified_by_automation"
"toan-n3-202107-full","toan_q_2021_07_74","74","4","curated","","","false","true","false","true","false","false","false","4","not_certified_by_automation"
"toan-n3-202107-full","toan_q_2021_07_75","75","4","curated","","","false","true","false","true","false","false","false","4","not_certified_by_automation"
"toan-n3-202107-full","toan_q_2021_07_76","76","1","curated","","","false","true","false","true","false","false","false","1","not_certified_by_automation"
"toan-n3-202107-full","toan_q_2021_07_77","77","2","curated","","","true","true","false","true","true","false","false","2","not_certified_by_automation"
"toan-n3-202107-full","toan_q_2021_07_78","78","1","curated","","","false","true","false","true","false","false","false","1","not_certified_by_automation"
"toan-n3-202107-full","toan_q_2021_07_79","79","2","curated","","","false","true","false","true","false","true","false","2","not_certified_by_automation"
"toan-n3-202107-full","toan_q_2021_07_80","80","3","curated","","","false","true","false","true","false","false","false","3","not_certified_by_automation"
"toan-n3-202107-full","toan_q_2021_07_81","81","2","curated","","","false","true","false","true","false","false","false","2","not_certified_by_automation"
"toan-n3-202107-full","toan_q_2021_07_82","82","2","curated","","","false","true","false","true","false","false","false","2","not_certified_by_automation"
"toan-n3-202107-full","toan_q_2021_07_83","83","4","curated","","","false","true","false","true","false","false","false","4","not_certified_by_automation"
"toan-n3-202107-full","toan_q_2021_07_84","84","1","curated","","","false","true","false","true","false","false","false","1","not_certified_by_automation"
"toan-n3-202107-full","toan_q_2021_07_85","85","3","curated","","","false","true","false","true","false","false","false","3","not_certified_by_automation"
"toan-n3-202107-full","toan_q_2021_07_86","86","4","curated","","","false","true","false","true","false","false","false","4","not_certified_by_automation"
"toan-n3-202107-full","toan_q_2021_07_87","87","4","curated","","","false","true","false","true","false","false","false","4","not_certified_by_automation"
"toan-n3-202107-full","toan_q_2021_07_88","88","1","curated","","","false","true","false","true","false","false","false","1","not_certified_by_automation"
"toan-n3-202107-full","toan_q_2021_07_89","89","3","curated","","","true","true","false","false","true","false","false","3","not_certified_by_automation"
"toan-n3-202107-full","toan_q_2021_07_90","90","1","curated","","","true","true","false","false","false","false","false","1","not_certified_by_automation"
"toan-n3-202107-full","toan_q_2021_07_91","91","1","curated","","","true","true","false","false","false","false","false","1","not_certified_by_automation"
"toan-n3-202107-full","toan_q_2021_07_92","92","3","curated","","","true","true","false","false","false","false","false","3","not_certified_by_automation"
"toan-n3-202107-full","toan_q_2021_07_93","93","2","curated","","","false","true","false","true","false","false","false","2","not_certified_by_automation"
"toan-n3-202107-full","toan_q_2021_07_94","94","3","curated","","","false","true","false","false","false","false","false","3","not_certified_by_automation"
"toan-n3-202107-full","toan_q_2021_07_95","95","1","curated","","","false","true","false","false","false","false","false","1","not_certified_by_automation"
"toan-n3-202107-full","toan_q_2021_07_96","96","2","curated","","","false","true","false","false","false","false","false","2","not_certified_by_automation"
"toan-n3-202107-full","toan_q_2021_07_97","97","2","curated","","","false","true","false","false","false","false","false","2","not_certified_by_automation"
"toan-n3-202107-full","toan_q_2021_07_98","98","2","curated","","","false","true","false","false","false","false","false","2","not_certified_by_automation"
"toan-n3-202107-full","toan_q_2021_07_99","99","1","curated","","","false","true","false","false","false","false","false","1","not_certified_by_automation"
"toan-n3-202107-full","toan_q_2021_07_100","100","1","curated","","","false","true","false","false","false","false","false","1","not_certified_by_automation"
"toan-n3-202107-full","toan_q_2021_07_101","101","2","curated","","","false","true","false","false","false","false","false","2","not_certified_by_automation"
"toan-n3-202012-full","toan_q_2020_12_1","1","1","embedded","","","false","false","false","true","true","true","false","1","not_certified_by_automation"
"toan-n3-202012-full","toan_q_2020_12_2","2","3","embedded","","","false","false","false","true","true","false","false","3","not_certified_by_automation"
"toan-n3-202012-full","toan_q_2020_12_3","3","2","embedded","","","false","false","false","true","true","false","false","2","not_certified_by_automation"
"toan-n3-202012-full","toan_q_2020_12_4","4","4","embedded","","","false","false","false","true","true","false","false","4","not_certified_by_automation"
"toan-n3-202012-full","toan_q_2020_12_5","5","3","embedded","","","false","false","false","false","true","false","false","3","not_certified_by_automation"
"toan-n3-202012-full","toan_q_2020_12_6","6","4","embedded","","","false","false","false","true","true","false","false","4","not_certified_by_automation"
"toan-n3-202012-full","toan_q_2020_12_7","7","2","embedded","","","false","false","false","true","true","false","false","2","not_certified_by_automation"
"toan-n3-202012-full","toan_q_2020_12_8","8","1","embedded","","","false","false","false","true","true","false","false","1","not_certified_by_automation"
"toan-n3-202012-full","toan_q_2020_12_9","9","3","embedded","","","false","false","false","true","false","true","false","3","not_certified_by_automation"
"toan-n3-202012-full","toan_q_2020_12_10","10","2","embedded","","","false","false","false","true","false","true","false","2","not_certified_by_automation"
"toan-n3-202012-full","toan_q_2020_12_11","11","3","embedded","","","false","false","false","true","true","true","false","3","not_certified_by_automation"
"toan-n3-202012-full","toan_q_2020_12_12","12","4","embedded","","","false","false","false","true","false","true","false","4","not_certified_by_automation"
"toan-n3-202012-full","toan_q_2020_12_13","13","1","embedded","","","false","false","false","true","false","true","false","1","not_certified_by_automation"
"toan-n3-202012-full","toan_q_2020_12_14","14","4","embedded","","","false","false","false","true","true","true","true","2","not_certified_by_automation"
"toan-n3-202012-full","toan_q_2020_12_15","15","4","embedded","","","false","false","false","true","true","true","false","4","not_certified_by_automation"
"toan-n3-202012-full","toan_q_2020_12_16","16","3","embedded","","","false","false","false","true","false","true","false","3","not_certified_by_automation"
"toan-n3-202012-full","toan_q_2020_12_17","17","2","embedded","","","false","false","false","true","false","true","false","2","not_certified_by_automation"
"toan-n3-202012-full","toan_q_2020_12_18","18","1","embedded","","","false","false","false","true","true","true","false","1","not_certified_by_automation"
"toan-n3-202012-full","toan_q_2020_12_19","19","3","embedded","","","false","false","false","true","false","true","false","3","not_certified_by_automation"
"toan-n3-202012-full","toan_q_2020_12_20","20","1","embedded","","","false","false","false","true","false","true","false","1","not_certified_by_automation"
"toan-n3-202012-full","toan_q_2020_12_21","21","4","embedded","","","false","false","false","true","false","true","false","4","not_certified_by_automation"
"toan-n3-202012-full","toan_q_2020_12_22","22","4","embedded","","","false","false","false","true","false","true","false","4","not_certified_by_automation"
"toan-n3-202012-full","toan_q_2020_12_23","23","1","embedded","","","false","false","false","true","false","true","false","1","not_certified_by_automation"
"toan-n3-202012-full","toan_q_2020_12_24","24","2","embedded","","","false","false","false","true","false","true","false","2","not_certified_by_automation"
"toan-n3-202012-full","toan_q_2020_12_25","25","3","embedded","","","false","false","false","true","false","true","false","3","not_certified_by_automation"
"toan-n3-202012-full","toan_q_2020_12_26","26","4","embedded","","","false","false","false","true","false","true","false","4","not_certified_by_automation"
"toan-n3-202012-full","toan_q_2020_12_27","27","3","embedded","","","false","false","false","true","false","true","false","3","not_certified_by_automation"
"toan-n3-202012-full","toan_q_2020_12_28","28","1","embedded","","","false","false","false","true","false","true","false","1","not_certified_by_automation"
"toan-n3-202012-full","toan_q_2020_12_29","29","1","embedded","","","false","false","false","true","false","true","false","1","not_certified_by_automation"
"toan-n3-202012-full","toan_q_2020_12_30","30","2","embedded","","","false","false","false","true","false","true","false","2","not_certified_by_automation"
"toan-n3-202012-full","toan_q_2020_12_31","31","2","embedded","","","false","false","false","true","false","true","false","2","not_certified_by_automation"
"toan-n3-202012-full","toan_q_2020_12_32","32","3","embedded","","","false","false","false","true","true","true","false","3","not_certified_by_automation"
"toan-n3-202012-full","toan_q_2020_12_33","33","1","embedded","","","false","false","false","true","false","true","false","1","not_certified_by_automation"
"toan-n3-202012-full","toan_q_2020_12_34","34","2","embedded","","","false","false","false","true","false","true","false","2","not_certified_by_automation"
"toan-n3-202012-full","toan_q_2020_12_35","35","4","embedded","","","false","false","false","true","true","true","false","4","not_certified_by_automation"
"toan-n3-202012-full","toan_q_2020_12_36","36","2","embedded","","","false","false","false","true","true","true","false","2","not_certified_by_automation"
"toan-n3-202012-full","toan_q_2020_12_37","37","1","embedded","","","false","false","false","true","false","true","false","1","not_certified_by_automation"
"toan-n3-202012-full","toan_q_2020_12_38","38","4","embedded","","","false","false","false","true","false","true","false","4","not_certified_by_automation"
"toan-n3-202012-full","toan_q_2020_12_39","39","3","embedded","","","false","false","false","true","false","true","false","3","not_certified_by_automation"
"toan-n3-202012-full","toan_q_2020_12_40","40","1","embedded","","","false","false","false","true","true","true","false","1","not_certified_by_automation"
"toan-n3-202012-full","toan_q_2020_12_41","41","3","embedded","","","false","false","false","true","false","true","false","3","not_certified_by_automation"
"toan-n3-202012-full","toan_q_2020_12_42","42","3","embedded","","","false","false","false","true","false","true","false","3","not_certified_by_automation"
"toan-n3-202012-full","toan_q_2020_12_43","43","2","embedded","","","false","false","false","true","true","true","false","2","not_certified_by_automation"
"toan-n3-202012-full","toan_q_2020_12_44","44","4","embedded","","","false","false","false","true","true","true","false","4","not_certified_by_automation"
"toan-n3-202012-full","toan_q_2020_12_45","45","1","embedded","","","false","false","false","true","true","true","false","1","not_certified_by_automation"
"toan-n3-202012-full","toan_q_2020_12_46","46","2","embedded","","","false","false","false","true","false","true","false","2","not_certified_by_automation"
"toan-n3-202012-full","toan_q_2020_12_47","47","4","embedded","","","false","false","false","true","false","true","false","4","not_certified_by_automation"
"toan-n3-202012-full","toan_q_2020_12_48","48","1","embedded","","","false","false","false","true","true","true","false","1","not_certified_by_automation"
"toan-n3-202012-full","toan_q_2020_12_49","49","1","embedded","","","false","false","false","true","true","true","false","1","not_certified_by_automation"
"toan-n3-202012-full","toan_q_2020_12_50","50","3","embedded","","","false","false","false","true","false","false","false","3","not_certified_by_automation"
"toan-n3-202012-full","toan_q_2020_12_51","51","2","embedded","","","false","false","false","true","false","false","false","2","not_certified_by_automation"
"toan-n3-202012-full","toan_q_2020_12_52","52","3","embedded","","","false","false","false","true","false","false","false","3","not_certified_by_automation"
"toan-n3-202012-full","toan_q_2020_12_53","53","4","embedded","","","false","false","false","true","false","false","false","4","not_certified_by_automation"
"toan-n3-202012-full","toan_q_2020_12_54","54","4","embedded","","","false","false","false","true","false","true","false","4","not_certified_by_automation"
"toan-n3-202012-full","toan_q_2020_12_55","55","1","embedded","","","false","false","false","true","true","true","false","1","not_certified_by_automation"
"toan-n3-202012-full","toan_q_2020_12_56","56","2","embedded","","","false","false","false","true","false","true","false","2","not_certified_by_automation"
"toan-n3-202012-full","toan_q_2020_12_57","57","3","embedded","","","false","false","false","true","false","true","false","3","not_certified_by_automation"
"toan-n3-202012-full","toan_q_2020_12_58","58","4","curated","","","false","false","false","false","false","false","false","4","not_certified_by_automation"
"toan-n3-202012-full","toan_q_2020_12_59","59","3","curated","","","false","false","false","false","false","false","false","3","not_certified_by_automation"
"toan-n3-202012-full","toan_q_2020_12_60","60","3","curated","","","false","false","false","false","false","false","false","3","not_certified_by_automation"
"toan-n3-202012-full","toan_q_2020_12_61","61","2","curated","","","false","false","false","false","true","false","false","2","not_certified_by_automation"
"toan-n3-202012-full","toan_q_2020_12_62","62","3","curated","","","false","false","false","false","false","false","false","3","not_certified_by_automation"
"toan-n3-202012-full","toan_q_2020_12_63","63","4","curated","","","false","false","false","false","false","false","false","4","not_certified_by_automation"
"toan-n3-202012-full","toan_q_2020_12_64","64","1","curated","","","false","false","false","false","false","false","false","1","not_certified_by_automation"
"toan-n3-202012-full","toan_q_2020_12_65","65","1","curated","","","false","false","false","false","false","false","false","1","not_certified_by_automation"
"toan-n3-202012-full","toan_q_2020_12_66","66","2","curated","","","false","false","false","false","false","false","false","2","not_certified_by_automation"
"toan-n3-202012-full","toan_q_2020_12_67","67","4","curated","","","false","false","false","false","false","false","false","4","not_certified_by_automation"
"toan-n3-202012-full","toan_q_2020_12_68","68","2","curated","","","false","false","false","false","false","false","false","2","not_certified_by_automation"
"toan-n3-202012-full","toan_q_2020_12_69","69","1","curated","","","false","false","false","false","false","false","false","1","not_certified_by_automation"
"toan-n3-202012-full","toan_q_2020_12_70","70","4","curated","","","false","false","false","false","false","false","false","4","not_certified_by_automation"
"toan-n3-202012-full","toan_q_2020_12_71","71","3","curated","","","false","false","false","false","false","false","false","3","not_certified_by_automation"
"toan-n3-202012-full","toan_q_2020_12_72","72","1","curated","","","false","false","false","false","false","false","false","1","not_certified_by_automation"
"toan-n3-202012-full","toan_q_2020_12_73","73","4","curated","","","false","false","false","false","true","false","false","4","not_certified_by_automation"
"toan-n3-202012-full","toan_q_2020_12_74","74","2","curated","","","false","true","false","true","false","false","false","2","not_certified_by_automation"
"toan-n3-202012-full","toan_q_2020_12_75","75","3","curated","","","false","true","false","true","false","false","false","3","not_certified_by_automation"
"toan-n3-202012-full","toan_q_2020_12_76","76","4","curated","","","true","true","false","true","false","false","false","4","not_certified_by_automation"
"toan-n3-202012-full","toan_q_2020_12_77","77","2","curated","","","false","true","false","true","false","false","false","2","not_certified_by_automation"
"toan-n3-202012-full","toan_q_2020_12_78","78","2","curated","","","false","true","false","true","false","false","false","2","not_certified_by_automation"
"toan-n3-202012-full","toan_q_2020_12_79","79","4","curated","","","true","true","false","true","true","false","false","4","not_certified_by_automation"
"toan-n3-202012-full","toan_q_2020_12_80","80","3","curated","","","false","true","false","true","false","false","false","3","not_certified_by_automation"
"toan-n3-202012-full","toan_q_2020_12_81","81","2","curated","","","false","true","false","true","true","false","false","2","not_certified_by_automation"
"toan-n3-202012-full","toan_q_2020_12_82","82","4","curated","","","false","true","false","true","false","false","false","4","not_certified_by_automation"
"toan-n3-202012-full","toan_q_2020_12_83","83","4","curated","","","false","true","false","true","false","false","false","4","not_certified_by_automation"
"toan-n3-202012-full","toan_q_2020_12_84","84","2","curated","","","false","true","false","true","false","false","false","2","not_certified_by_automation"
"toan-n3-202012-full","toan_q_2020_12_85","85","3","curated","","","false","true","false","true","false","false","false","3","not_certified_by_automation"
"toan-n3-202012-full","toan_q_2020_12_86","86","1","curated","","","false","true","false","true","false","false","false","1","not_certified_by_automation"
"toan-n3-202012-full","toan_q_2020_12_87","87","4","curated","","","false","true","false","true","false","true","false","4","not_certified_by_automation"
"toan-n3-202012-full","toan_q_2020_12_88","88","2","curated","","","false","true","false","true","false","false","false","2","not_certified_by_automation"
"toan-n3-202012-full","toan_q_2020_12_89","89","2","curated","","","true","true","false","true","false","false","false","2","not_certified_by_automation"
"toan-n3-202012-full","toan_q_2020_12_90","90","2","curated","","","true","true","false","false","false","false","false","2","not_certified_by_automation"
"toan-n3-202012-full","toan_q_2020_12_91","91","3","curated","","","true","true","false","false","false","false","false","3","not_certified_by_automation"
"toan-n3-202012-full","toan_q_2020_12_92","92","2","curated","","","true","true","false","false","false","false","false","2","not_certified_by_automation"
"toan-n3-202012-full","toan_q_2020_12_93","93","2","curated","","","false","true","false","false","false","false","false","2","not_certified_by_automation"
"toan-n3-202012-full","toan_q_2020_12_94","94","3","curated","","","false","true","false","false","false","false","false","3","not_certified_by_automation"
"toan-n3-202012-full","toan_q_2020_12_95","95","2","curated","","","false","true","false","false","false","false","false","2","not_certified_by_automation"
"toan-n3-202012-full","toan_q_2020_12_96","96","3","curated","","","false","true","false","false","false","false","false","3","not_certified_by_automation"
"toan-n3-202012-full","toan_q_2020_12_97","97","1","curated","","","false","true","false","false","false","false","false","1","not_certified_by_automation"
"toan-n3-202012-full","toan_q_2020_12_98","98","2","curated","","","false","true","false","false","true","false","false","2","not_certified_by_automation"
"toan-n3-202012-full","toan_q_2020_12_99","99","3","curated","","","false","true","false","false","false","false","false","3","not_certified_by_automation"
"toan-n3-202012-full","toan_q_2020_12_100","100","1","curated","","","false","true","false","false","false","false","false","1","not_certified_by_automation"
"toan-n3-202012-full","toan_q_2020_12_101","101","2","curated","","","false","true","false","false","false","false","false","2","not_certified_by_automation"
"toan-n3-201912-full","toan_q_2019_12_1","1","2","embedded","","","false","false","false","true","false","true","false","2","not_certified_by_automation"
"toan-n3-201912-full","toan_q_2019_12_2","2","4","embedded","","","false","false","false","true","false","false","false","4","not_certified_by_automation"
"toan-n3-201912-full","toan_q_2019_12_3","3","1","embedded","","","false","false","false","true","true","false","false","1","not_certified_by_automation"
"toan-n3-201912-full","toan_q_2019_12_4","4","2","embedded","","","false","false","false","true","false","false","false","2","not_certified_by_automation"
"toan-n3-201912-full","toan_q_2019_12_5","5","3","embedded","","","false","false","false","true","false","true","false","3","not_certified_by_automation"
"toan-n3-201912-full","toan_q_2019_12_6","6","1","embedded","","","false","false","false","true","false","true","false","1","not_certified_by_automation"
"toan-n3-201912-full","toan_q_2019_12_7","7","4","embedded","","","false","false","false","true","false","false","false","4","not_certified_by_automation"
"toan-n3-201912-full","toan_q_2019_12_8","8","1","embedded","","","false","false","false","true","true","false","false","1","not_certified_by_automation"
"toan-n3-201912-full","toan_q_2019_12_9","9","4","embedded","","","false","false","false","true","false","false","false","4","not_certified_by_automation"
"toan-n3-201912-full","toan_q_2019_12_10","10","3","embedded","","","false","false","false","true","false","false","false","3","not_certified_by_automation"
"toan-n3-201912-full","toan_q_2019_12_11","11","4","embedded","","","false","false","false","true","false","true","false","4","not_certified_by_automation"
"toan-n3-201912-full","toan_q_2019_12_12","12","3","embedded","","","false","false","false","true","true","false","false","3","not_certified_by_automation"
"toan-n3-201912-full","toan_q_2019_12_13","13","1","embedded","","","false","false","false","true","true","true","false","1","not_certified_by_automation"
"toan-n3-201912-full","toan_q_2019_12_14","14","2","embedded","","","false","false","false","true","false","true","false","2","not_certified_by_automation"
"toan-n3-201912-full","toan_q_2019_12_15","15","3","embedded","","","false","false","false","true","true","true","false","3","not_certified_by_automation"
"toan-n3-201912-full","toan_q_2019_12_16","16","2","embedded","","","false","false","false","false","false","false","false","2","not_certified_by_automation"
"toan-n3-201912-full","toan_q_2019_12_17","17","3","embedded","","","false","false","false","true","false","false","false","3","not_certified_by_automation"
"toan-n3-201912-full","toan_q_2019_12_18","18","1","embedded","","","false","false","false","true","true","true","false","1","not_certified_by_automation"
"toan-n3-201912-full","toan_q_2019_12_19","19","1","embedded","","","false","false","false","true","false","true","false","1","not_certified_by_automation"
"toan-n3-201912-full","toan_q_2019_12_20","20","4","embedded","","","false","false","false","true","false","false","false","4","not_certified_by_automation"
"toan-n3-201912-full","toan_q_2019_12_21","21","2","embedded","","","false","false","false","true","false","false","false","2","not_certified_by_automation"
"toan-n3-201912-full","toan_q_2019_12_22","22","4","embedded","","","false","false","false","true","false","true","false","4","not_certified_by_automation"
"toan-n3-201912-full","toan_q_2019_12_23","23","3","embedded","","","false","false","false","true","false","false","false","3","not_certified_by_automation"
"toan-n3-201912-full","toan_q_2019_12_24","24","2","embedded","","","false","false","false","true","false","false","false","2","not_certified_by_automation"
"toan-n3-201912-full","toan_q_2019_12_25","25","4","embedded","","","false","false","false","false","false","false","false","4","not_certified_by_automation"
"toan-n3-201912-full","toan_q_2019_12_26","26","2","embedded","","","false","false","false","false","false","false","false","2","not_certified_by_automation"
"toan-n3-201912-full","toan_q_2019_12_27","27","4","embedded","","","false","false","false","true","false","false","false","4","not_certified_by_automation"
"toan-n3-201912-full","toan_q_2019_12_28","28","4","embedded","","","false","false","false","true","false","false","false","4","not_certified_by_automation"
"toan-n3-201912-full","toan_q_2019_12_29","29","2","embedded","","","false","false","false","true","false","true","false","2","not_certified_by_automation"
"toan-n3-201912-full","toan_q_2019_12_30","30","1","embedded","","","false","false","false","true","false","false","false","1","not_certified_by_automation"
"toan-n3-201912-full","toan_q_2019_12_31","31","2","embedded","","","false","false","false","false","false","false","false","2","not_certified_by_automation"
"toan-n3-201912-full","toan_q_2019_12_32","32","1","embedded","","","false","false","false","false","false","true","false","1","not_certified_by_automation"
"toan-n3-201912-full","toan_q_2019_12_33","33","3","embedded","","","false","false","false","false","false","false","false","3","not_certified_by_automation"
"toan-n3-201912-full","toan_q_2019_12_34","34","3","embedded","","","false","false","false","true","false","false","false","3","not_certified_by_automation"
"toan-n3-201912-full","toan_q_2019_12_35","35","2","embedded","","","false","false","false","false","false","false","false","2","not_certified_by_automation"
"toan-n3-201912-full","toan_q_2019_12_36","36","2","embedded","","","false","false","false","true","false","true","false","2","not_certified_by_automation"
"toan-n3-201912-full","toan_q_2019_12_37","37","1","embedded","","","false","false","false","true","false","true","false","1","not_certified_by_automation"
"toan-n3-201912-full","toan_q_2019_12_38","38","4","embedded","","","false","false","false","true","true","true","false","4","not_certified_by_automation"
"toan-n3-201912-full","toan_q_2019_12_39","39","4","embedded","","","false","false","false","true","false","true","false","4","not_certified_by_automation"
"toan-n3-201912-full","toan_q_2019_12_40","40","3","embedded","","","false","false","false","true","true","true","false","3","not_certified_by_automation"
"toan-n3-201912-full","toan_q_2019_12_41","41","2","embedded","","","false","false","false","true","true","true","false","2","not_certified_by_automation"
"toan-n3-201912-full","toan_q_2019_12_42","42","1","embedded","","","false","false","false","true","true","true","false","1","not_certified_by_automation"
"toan-n3-201912-full","toan_q_2019_12_43","43","3","embedded","","","false","false","false","true","false","true","false","3","not_certified_by_automation"
"toan-n3-201912-full","toan_q_2019_12_44","44","1","embedded","","","false","false","false","true","true","true","false","1","not_certified_by_automation"
"toan-n3-201912-full","toan_q_2019_12_45","45","3","embedded","","","false","false","false","true","false","true","false","3","not_certified_by_automation"
"toan-n3-201912-full","toan_q_2019_12_46","46","4","embedded","","","false","false","false","true","false","true","false","4","not_certified_by_automation"
"toan-n3-201912-full","toan_q_2019_12_47","47","2","embedded","","","false","false","false","true","true","true","false","2","not_certified_by_automation"
"toan-n3-201912-full","toan_q_2019_12_48","48","4","embedded","","","false","false","false","true","false","true","false","4","not_certified_by_automation"
"toan-n3-201912-full","toan_q_2019_12_49","49","4","curated","","","false","false","false","false","true","true","false","4","not_certified_by_automation"
"toan-n3-201912-full","toan_q_2019_12_50","50","1","curated","","","false","false","false","true","false","false","false","1","not_certified_by_automation"
"toan-n3-201912-full","toan_q_2019_12_51","51","2","curated","","","false","false","false","true","false","false","false","2","not_certified_by_automation"
"toan-n3-201912-full","toan_q_2019_12_52","52","3","embedded","","","false","false","false","true","false","false","false","3","not_certified_by_automation"
"toan-n3-201912-full","toan_q_2019_12_53","53","3","embedded","","","false","false","false","true","false","false","false","3","not_certified_by_automation"
"toan-n3-201912-full","toan_q_2019_12_54","54","2","curated","","","false","false","false","false","false","false","false","2","not_certified_by_automation"
"toan-n3-201912-full","toan_q_2019_12_55","55","1","embedded","","","false","false","false","true","false","true","false","1","not_certified_by_automation"
"toan-n3-201912-full","toan_q_2019_12_56","56","3","curated","","","false","false","false","true","true","true","false","3","not_certified_by_automation"
"toan-n3-201912-full","toan_q_2019_12_57","57","4","curated","","","false","false","false","true","false","false","false","4","not_certified_by_automation"
"toan-n3-201912-full","toan_q_2019_12_58","58","2","embedded","","","false","false","false","false","false","false","true","1","not_certified_by_automation"
"toan-n3-201912-full","toan_q_2019_12_59","59","2","curated","","","false","false","false","false","false","false","false","2","not_certified_by_automation"
"toan-n3-201912-full","toan_q_2019_12_60","60","3","curated","","","false","false","false","false","false","false","false","3","not_certified_by_automation"
"toan-n3-201912-full","toan_q_2019_12_61","61","1","curated","","","false","false","false","false","false","false","false","1","not_certified_by_automation"
"toan-n3-201912-full","toan_q_2019_12_62","62","4","curated","","","false","false","false","false","false","false","false","4","not_certified_by_automation"
"toan-n3-201912-full","toan_q_2019_12_63","63","4","curated","","","false","false","false","false","false","false","false","4","not_certified_by_automation"
"toan-n3-201912-full","toan_q_2019_12_64","64","3","curated","","","false","false","false","false","false","false","false","3","not_certified_by_automation"
"toan-n3-201912-full","toan_q_2019_12_65","65","4","curated","","","false","false","false","false","false","false","false","4","not_certified_by_automation"
"toan-n3-201912-full","toan_q_2019_12_66","66","3","curated","","","false","false","false","false","false","false","false","3","not_certified_by_automation"
"toan-n3-201912-full","toan_q_2019_12_67","67","1","curated","","","false","false","false","false","false","false","false","1","not_certified_by_automation"
"toan-n3-201912-full","toan_q_2019_12_68","68","4","curated","","","false","false","false","false","false","false","false","4","not_certified_by_automation"
"toan-n3-201912-full","toan_q_2019_12_69","69","4","curated","","","false","false","false","false","false","false","false","4","not_certified_by_automation"
"toan-n3-201912-full","toan_q_2019_12_70","70","2","curated","","","false","false","false","false","false","false","false","2","not_certified_by_automation"
"toan-n3-201912-full","toan_q_2019_12_71","71","2","curated","","","false","false","false","false","false","false","false","2","not_certified_by_automation"
"toan-n3-201912-full","toan_q_2019_12_72","72","3","curated","","","false","false","false","false","false","false","false","3","not_certified_by_automation"
"toan-n3-201912-full","toan_q_2019_12_73","73","2","curated","","","false","false","false","false","true","false","false","2","not_certified_by_automation"
"toan-n3-201912-full","toan_q_2019_12_74","74","1","curated","","","false","false","false","false","false","false","false","1","not_certified_by_automation"
"toan-n3-201912-full","toan_q_2019_12_75","75","2","curated","","","true","true","false","true","false","false","false","2","not_certified_by_automation"
"toan-n3-201912-full","toan_q_2019_12_76","76","3","curated","","","false","true","false","true","false","false","false","3","not_certified_by_automation"
"toan-n3-201912-full","toan_q_2019_12_77","77","1","curated","","","true","true","false","true","false","false","false","1","not_certified_by_automation"
"toan-n3-201912-full","toan_q_2019_12_78","78","3","curated","","","false","true","false","true","false","false","false","3","not_certified_by_automation"
"toan-n3-201912-full","toan_q_2019_12_79","79","4","curated","","","false","true","false","true","false","false","false","4","not_certified_by_automation"
"toan-n3-201912-full","toan_q_2019_12_80","80","3","curated","","","true","true","false","true","false","false","false","3","not_certified_by_automation"
"toan-n3-201912-full","toan_q_2019_12_81","81","2","curated","","","false","true","false","true","false","false","false","2","not_certified_by_automation"
"toan-n3-201912-full","toan_q_2019_12_82","82","1","curated","","","false","true","false","true","false","false","false","1","not_certified_by_automation"
"toan-n3-201912-full","toan_q_2019_12_83","83","2","curated","","","false","true","false","true","false","false","false","2","not_certified_by_automation"
"toan-n3-201912-full","toan_q_2019_12_84","84","4","curated","","","false","true","false","true","false","false","false","4","not_certified_by_automation"
"toan-n3-201912-full","toan_q_2019_12_85","85","2","curated","","","false","true","false","true","false","false","false","2","not_certified_by_automation"
"toan-n3-201912-full","toan_q_2019_12_86","86","3","curated","","","false","true","false","true","false","false","false","3","not_certified_by_automation"
"toan-n3-201912-full","toan_q_2019_12_87","87","2","curated","","","false","true","false","true","false","false","false","2","not_certified_by_automation"
"toan-n3-201912-full","toan_q_2019_12_88","88","4","curated","","","false","true","false","true","false","false","false","4","not_certified_by_automation"
"toan-n3-201912-full","toan_q_2019_12_89","89","4","curated","","","false","true","false","true","false","false","false","4","not_certified_by_automation"
"toan-n3-201912-full","toan_q_2019_12_90","90","2","curated","","","true","true","false","false","false","false","false","2","not_certified_by_automation"
"toan-n3-201912-full","toan_q_2019_12_91","91","3","curated","","","true","true","false","false","false","false","false","3","not_certified_by_automation"
"toan-n3-201912-full","toan_q_2019_12_92","92","1","curated","","","true","true","false","false","false","false","false","1","not_certified_by_automation"
"toan-n3-201912-full","toan_q_2019_12_93","93","1","curated","","","true","true","false","false","false","false","false","1","not_certified_by_automation"
"toan-n3-201912-full","toan_q_2019_12_94","94","1","curated","","","false","true","false","false","false","false","false","1","not_certified_by_automation"
"toan-n3-201912-full","toan_q_2019_12_95","95","3","curated","","","false","true","false","false","false","false","false","3","not_certified_by_automation"
"toan-n3-201912-full","toan_q_2019_12_96","96","2","curated","","","false","true","false","true","false","false","false","2","not_certified_by_automation"
"toan-n3-201912-full","toan_q_2019_12_97","97","1","curated","","","false","true","false","true","false","false","false","1","not_certified_by_automation"
"toan-n3-201912-full","toan_q_2019_12_98","98","3","curated","","","false","true","false","false","false","false","false","3","not_certified_by_automation"
"toan-n3-201912-full","toan_q_2019_12_99","99","1","curated","","","false","true","false","false","false","false","false","1","not_certified_by_automation"
"toan-n3-201912-full","toan_q_2019_12_100","100","2","curated","","","false","true","false","false","false","false","false","2","not_certified_by_automation"
"toan-n3-201912-full","toan_q_2019_12_101","101","2","curated","","","false","true","false","false","false","false","false","2","not_certified_by_automation"
"toan-n3-201912-full","toan_q_2019_12_102","102","3","curated","","","false","true","false","false","true","false","false","3","not_certified_by_automation"
"toan-n3-201907-full","toan_q_2019_07_1","1","1","embedded","","","false","false","false","true","true","true","false","1","not_certified_by_automation"
"toan-n3-201907-full","toan_q_2019_07_2","2","2","curated","","","false","false","false","true","true","false","false","2","not_certified_by_automation"
"toan-n3-201907-full","toan_q_2019_07_3","3","2","curated","","","false","false","false","true","true","false","false","2","not_certified_by_automation"
"toan-n3-201907-full","toan_q_2019_07_4","4","4","embedded","","","false","false","false","true","true","false","false","4","not_certified_by_automation"
"toan-n3-201907-full","toan_q_2019_07_5","5","3","curated","","","false","false","false","false","true","false","false","3","not_certified_by_automation"
"toan-n3-201907-full","toan_q_2019_07_6","6","2","embedded","","","false","false","false","true","true","false","false","2","not_certified_by_automation"
"toan-n3-201907-full","toan_q_2019_07_7","7","3","curated","","","false","false","false","true","true","false","false","3","not_certified_by_automation"
"toan-n3-201907-full","toan_q_2019_07_8","8","2","curated","","","false","false","false","true","true","false","false","2","not_certified_by_automation"
"toan-n3-201907-full","toan_q_2019_07_9","9","3","embedded","","","false","false","false","true","false","false","false","3","not_certified_by_automation"
"toan-n3-201907-full","toan_q_2019_07_10","10","4","embedded","","","false","false","false","true","false","false","false","4","not_certified_by_automation"
"toan-n3-201907-full","toan_q_2019_07_11","11","1","embedded","","","false","false","false","true","false","false","false","1","not_certified_by_automation"
"toan-n3-201907-full","toan_q_2019_07_12","12","2","embedded","","","false","false","false","true","false","false","false","2","not_certified_by_automation"
"toan-n3-201907-full","toan_q_2019_07_13","13","4","embedded","","","false","false","false","false","false","false","false","4","not_certified_by_automation"
"toan-n3-201907-full","toan_q_2019_07_14","14","2","embedded","","","false","false","false","true","false","false","false","2","not_certified_by_automation"
"toan-n3-201907-full","toan_q_2019_07_15","15","1","embedded","","","false","false","false","false","false","false","false","1","not_certified_by_automation"
"toan-n3-201907-full","toan_q_2019_07_16","16","3","embedded","","","false","false","false","true","false","false","false","3","not_certified_by_automation"
"toan-n3-201907-full","toan_q_2019_07_17","17","1","embedded","","","false","false","false","false","false","false","false","1","not_certified_by_automation"
"toan-n3-201907-full","toan_q_2019_07_18","18","2","embedded","","","false","false","false","true","false","false","false","2","not_certified_by_automation"
"toan-n3-201907-full","toan_q_2019_07_19","19","1","embedded","","","false","false","false","true","false","false","false","1","not_certified_by_automation"
"toan-n3-201907-full","toan_q_2019_07_20","20","2","embedded","","","false","false","false","false","false","false","false","2","not_certified_by_automation"
"toan-n3-201907-full","toan_q_2019_07_21","21","3","embedded","","","false","false","false","true","false","false","false","3","not_certified_by_automation"
"toan-n3-201907-full","toan_q_2019_07_22","22","2","embedded","","","false","false","false","false","false","false","false","2","not_certified_by_automation"
"toan-n3-201907-full","toan_q_2019_07_23","23","4","embedded","","","false","false","false","true","false","false","false","4","not_certified_by_automation"
"toan-n3-201907-full","toan_q_2019_07_24","24","3","embedded","","","false","false","false","true","false","false","false","3","not_certified_by_automation"
"toan-n3-201907-full","toan_q_2019_07_25","25","4","embedded","","","false","false","false","false","false","false","false","4","not_certified_by_automation"
"toan-n3-201907-full","toan_q_2019_07_26","26","3","embedded","","","false","false","false","false","false","false","false","3","not_certified_by_automation"
"toan-n3-201907-full","toan_q_2019_07_27","27","4","embedded","","","false","false","false","true","false","false","false","4","not_certified_by_automation"
"toan-n3-201907-full","toan_q_2019_07_28","28","2","embedded","","","false","false","false","true","true","false","false","2","not_certified_by_automation"
"toan-n3-201907-full","toan_q_2019_07_29","29","1","embedded","","","false","false","false","false","false","false","false","1","not_certified_by_automation"
"toan-n3-201907-full","toan_q_2019_07_30","30","1","embedded","","","false","false","false","true","false","false","false","1","not_certified_by_automation"
"toan-n3-201907-full","toan_q_2019_07_31","31","4","embedded","","","false","false","false","false","false","true","false","4","not_certified_by_automation"
"toan-n3-201907-full","toan_q_2019_07_32","32","4","embedded","","","false","false","false","false","false","true","false","4","not_certified_by_automation"
"toan-n3-201907-full","toan_q_2019_07_33","33","2","embedded","","","false","false","false","false","false","true","false","2","not_certified_by_automation"
"toan-n3-201907-full","toan_q_2019_07_34","34","3","embedded","","","false","false","false","false","false","true","false","3","not_certified_by_automation"
"toan-n3-201907-full","toan_q_2019_07_35","35","1","embedded","","","false","false","false","false","false","true","false","1","not_certified_by_automation"
"toan-n3-201907-full","toan_q_2019_07_36","36","2","embedded","","","false","false","false","true","false","true","false","2","not_certified_by_automation"
"toan-n3-201907-full","toan_q_2019_07_37","37","4","embedded","","","false","false","false","true","true","true","false","4","not_certified_by_automation"
"toan-n3-201907-full","toan_q_2019_07_38","38","4","embedded","","","false","false","false","true","false","true","false","4","not_certified_by_automation"
"toan-n3-201907-full","toan_q_2019_07_39","39","1","embedded","","","false","false","false","true","false","true","false","1","not_certified_by_automation"
"toan-n3-201907-full","toan_q_2019_07_40","40","2","embedded","","","false","false","false","true","true","true","false","2","not_certified_by_automation"
"toan-n3-201907-full","toan_q_2019_07_41","41","1","embedded","","","false","false","false","true","false","true","false","1","not_certified_by_automation"
"toan-n3-201907-full","toan_q_2019_07_42","42","3","embedded","","","false","false","false","true","true","true","false","3","not_certified_by_automation"
"toan-n3-201907-full","toan_q_2019_07_43","43","2","embedded","","","false","false","false","true","true","true","false","2","not_certified_by_automation"
"toan-n3-201907-full","toan_q_2019_07_44","44","4","embedded","","","false","false","false","true","false","true","false","4","not_certified_by_automation"
"toan-n3-201907-full","toan_q_2019_07_45","45","3","embedded","","","false","false","false","true","true","true","false","3","not_certified_by_automation"
"toan-n3-201907-full","toan_q_2019_07_46","46","2","embedded","","","false","false","false","true","false","true","false","2","not_certified_by_automation"
"toan-n3-201907-full","toan_q_2019_07_47","47","3","embedded","","","false","false","false","true","false","true","false","3","not_certified_by_automation"
"toan-n3-201907-full","toan_q_2019_07_48","48","3","embedded","","","false","false","false","true","true","true","false","3","not_certified_by_automation"
"toan-n3-201907-full","toan_q_2019_07_49","49","1","embedded","","","false","false","false","true","false","true","false","1","not_certified_by_automation"
"toan-n3-201907-full","toan_q_2019_07_50","50","3","embedded","","","false","false","false","true","false","true","false","3","not_certified_by_automation"
"toan-n3-201907-full","toan_q_2019_07_51","51","3","embedded","","","false","false","false","true","false","true","false","3","not_certified_by_automation"
"toan-n3-201907-full","toan_q_2019_07_52","52","2","embedded","","","false","false","false","true","false","true","false","2","not_certified_by_automation"
"toan-n3-201907-full","toan_q_2019_07_53","53","2","embedded","","","false","false","false","true","false","false","false","2","not_certified_by_automation"
"toan-n3-201907-full","toan_q_2019_07_54","54","4","embedded","","","false","false","false","true","false","false","false","4","not_certified_by_automation"
"toan-n3-201907-full","toan_q_2019_07_55","55","2","embedded","","","false","false","false","true","false","false","true","3","not_certified_by_automation"
"toan-n3-201907-full","toan_q_2019_07_56","56","4","embedded","","","false","false","false","true","false","false","false","4","not_certified_by_automation"
"toan-n3-201907-full","toan_q_2019_07_57","57","3","embedded","","","false","false","false","true","false","false","true","2","not_certified_by_automation"
"toan-n3-201907-full","toan_q_2019_07_58","58","1","embedded","","","false","false","false","true","true","false","false","1","not_certified_by_automation"
"toan-n3-201907-full","toan_q_2019_07_59","59","1","curated","","","false","false","false","false","false","false","false","1","not_certified_by_automation"
"toan-n3-201907-full","toan_q_2019_07_60","60","4","curated","","","false","false","false","false","false","false","false","4","not_certified_by_automation"
"toan-n3-201907-full","toan_q_2019_07_61","61","2","curated","","","false","false","false","false","true","false","false","2","not_certified_by_automation"
"toan-n3-201907-full","toan_q_2019_07_62","62","3","curated","","","false","false","false","false","false","false","false","3","not_certified_by_automation"
"toan-n3-201907-full","toan_q_2019_07_63","63","4","curated","","","false","false","false","false","false","false","false","4","not_certified_by_automation"
"toan-n3-201907-full","toan_q_2019_07_64","64","2","curated","","","false","false","false","false","false","false","false","2","not_certified_by_automation"
"toan-n3-201907-full","toan_q_2019_07_65","65","1","curated","","","false","false","false","false","false","false","false","1","not_certified_by_automation"
"toan-n3-201907-full","toan_q_2019_07_66","66","3","curated","","","false","false","false","true","false","false","false","3","not_certified_by_automation"
"toan-n3-201907-full","toan_q_2019_07_67","67","3","curated","","","false","false","false","true","false","false","false","3","not_certified_by_automation"
"toan-n3-201907-full","toan_q_2019_07_68","68","2","curated","","","false","false","false","false","false","false","false","2","not_certified_by_automation"
"toan-n3-201907-full","toan_q_2019_07_69","69","4","curated","","","false","false","false","true","false","false","false","4","not_certified_by_automation"
"toan-n3-201907-full","toan_q_2019_07_70","70","2","curated","","","false","false","false","false","false","false","false","2","not_certified_by_automation"
"toan-n3-201907-full","toan_q_2019_07_71","71","1","curated","","","false","false","false","false","false","false","false","1","not_certified_by_automation"
"toan-n3-201907-full","toan_q_2019_07_72","72","3","curated","","","false","false","false","false","false","false","false","3","not_certified_by_automation"
"toan-n3-201907-full","toan_q_2019_07_73","73","4","curated","","","false","false","false","false","false","false","false","4","not_certified_by_automation"
"toan-n3-201907-full","toan_q_2019_07_74","74","3","curated","","","false","false","false","false","false","false","false","3","not_certified_by_automation"
"toan-n3-201907-full","toan_q_2019_07_75","75","2","curated","","","false","true","false","true","false","false","false","2","not_certified_by_automation"
"toan-n3-201907-full","toan_q_2019_07_76","76","1","curated","","","false","true","false","true","false","false","false","1","not_certified_by_automation"
"toan-n3-201907-full","toan_q_2019_07_77","77","3","curated","","","false","true","false","true","false","false","false","3","not_certified_by_automation"
"toan-n3-201907-full","toan_q_2019_07_78","78","2","curated","","","false","true","false","true","false","false","false","2","not_certified_by_automation"
"toan-n3-201907-full","toan_q_2019_07_79","79","2","curated","","","false","true","false","true","false","false","false","2","not_certified_by_automation"
"toan-n3-201907-full","toan_q_2019_07_80","80","2","curated","","","false","true","false","true","false","false","false","2","not_certified_by_automation"
"toan-n3-201907-full","toan_q_2019_07_81","81","2","curated","","","false","true","false","true","true","false","false","2","not_certified_by_automation"
"toan-n3-201907-full","toan_q_2019_07_82","82","3","curated","","","false","true","false","true","false","false","false","3","not_certified_by_automation"
"toan-n3-201907-full","toan_q_2019_07_83","83","1","curated","","","false","true","false","true","false","false","false","1","not_certified_by_automation"
"toan-n3-201907-full","toan_q_2019_07_84","84","3","curated","","","false","true","false","true","false","false","false","3","not_certified_by_automation"
"toan-n3-201907-full","toan_q_2019_07_85","85","1","curated","","","false","true","false","true","false","false","false","1","not_certified_by_automation"
"toan-n3-201907-full","toan_q_2019_07_86","86","3","curated","","","false","true","false","true","false","false","false","3","not_certified_by_automation"
"toan-n3-201907-full","toan_q_2019_07_87","87","1","curated","","","false","true","false","true","false","true","false","1","not_certified_by_automation"
"toan-n3-201907-full","toan_q_2019_07_88","88","4","curated","","","false","true","false","true","false","true","false","4","not_certified_by_automation"
"toan-n3-201907-full","toan_q_2019_07_89","89","4","curated","","","false","true","false","true","false","false","false","4","not_certified_by_automation"
"toan-n3-201907-full","toan_q_2019_07_90","90","2","curated","","","true","true","false","false","false","false","false","2","not_certified_by_automation"
"toan-n3-201907-full","toan_q_2019_07_91","91","1","curated","","","true","true","false","false","false","true","false","1","not_certified_by_automation"
"toan-n3-201907-full","toan_q_2019_07_92","92","1","curated","","","true","true","false","false","true","false","false","1","not_certified_by_automation"
"toan-n3-201907-full","toan_q_2019_07_93","93","3","curated","","","true","true","false","false","false","false","false","3","not_certified_by_automation"
"toan-n3-201907-full","toan_q_2019_07_94","94","2","curated","","","false","true","false","false","false","false","false","2","not_certified_by_automation"
"toan-n3-201907-full","toan_q_2019_07_95","95","3","curated","","","false","true","false","false","false","false","false","3","not_certified_by_automation"
"toan-n3-201907-full","toan_q_2019_07_96","96","2","curated","","","false","true","false","false","false","false","false","2","not_certified_by_automation"
"toan-n3-201907-full","toan_q_2019_07_97","97","2","curated","","","false","true","false","false","true","false","false","2","not_certified_by_automation"
"toan-n3-201907-full","toan_q_2019_07_98","98","2","curated","","","false","true","false","false","false","false","false","2","not_certified_by_automation"
"toan-n3-201907-full","toan_q_2019_07_99","99","1","curated","","","false","true","false","false","false","false","false","1","not_certified_by_automation"
"toan-n3-201907-full","toan_q_2019_07_100","100","3","curated","","","false","true","false","false","false","false","false","3","not_certified_by_automation"
"toan-n3-201907-full","toan_q_2019_07_101","101","1","curated","","","false","true","false","false","false","false","false","1","not_certified_by_automation"
"toan-n3-201907-full","toan_q_2019_07_102","102","1","curated","","","false","true","false","false","false","false","false","1","not_certified_by_automation"
"toan-n3-201812-full","toan_q_2018_12_1","1","2","embedded","","","false","false","false","true","true","false","false","2","not_certified_by_automation"
"toan-n3-201812-full","toan_q_2018_12_2","2","4","embedded","","","false","false","false","true","true","false","false","4","not_certified_by_automation"
"toan-n3-201812-full","toan_q_2018_12_3","3","1","embedded","","","false","false","false","true","true","false","false","1","not_certified_by_automation"
"toan-n3-201812-full","toan_q_2018_12_4","4","2","embedded","","","false","false","false","false","true","false","false","2","not_certified_by_automation"
"toan-n3-201812-full","toan_q_2018_12_5","5","3","embedded","","","false","false","false","true","true","false","false","3","not_certified_by_automation"
"toan-n3-201812-full","toan_q_2018_12_6","6","1","embedded","","","false","false","false","false","true","false","false","1","not_certified_by_automation"
"toan-n3-201812-full","toan_q_2018_12_7","7","3","embedded","","","false","false","false","true","true","false","false","3","not_certified_by_automation"
"toan-n3-201812-full","toan_q_2018_12_8","8","4","embedded","","","false","false","false","false","true","false","false","4","not_certified_by_automation"
"toan-n3-201812-full","toan_q_2018_12_9","9","3","embedded","","","false","false","false","false","false","false","false","3","not_certified_by_automation"
"toan-n3-201812-full","toan_q_2018_12_10","10","3","embedded","","","false","false","false","true","false","false","false","3","not_certified_by_automation"
"toan-n3-201812-full","toan_q_2018_12_11","11","1","embedded","","","false","false","false","false","false","false","false","1","not_certified_by_automation"
"toan-n3-201812-full","toan_q_2018_12_12","12","2","embedded","","","false","false","false","true","false","false","false","2","not_certified_by_automation"
"toan-n3-201812-full","toan_q_2018_12_13","13","2","embedded","","","false","false","false","true","false","false","false","2","not_certified_by_automation"
"toan-n3-201812-full","toan_q_2018_12_14","14","4","embedded","","","false","false","false","false","false","false","false","4","not_certified_by_automation"
"toan-n3-201812-full","toan_q_2018_12_15","15","4","embedded","","","false","false","false","false","false","false","false","4","not_certified_by_automation"
"toan-n3-201812-full","toan_q_2018_12_16","16","2","embedded","","","false","false","false","true","false","false","false","2","not_certified_by_automation"
"toan-n3-201812-full","toan_q_2018_12_17","17","2","embedded","","","false","false","false","false","false","false","false","2","not_certified_by_automation"
"toan-n3-201812-full","toan_q_2018_12_18","18","1","embedded","","","false","false","false","false","false","false","false","1","not_certified_by_automation"
"toan-n3-201812-full","toan_q_2018_12_19","19","3","embedded","","","false","false","false","false","false","false","false","3","not_certified_by_automation"
"toan-n3-201812-full","toan_q_2018_12_20","20","3","embedded","","","false","false","false","true","false","false","false","3","not_certified_by_automation"
"toan-n3-201812-full","toan_q_2018_12_21","21","4","embedded","","","false","false","false","false","false","false","false","4","not_certified_by_automation"
"toan-n3-201812-full","toan_q_2018_12_22","22","1","embedded","","","false","false","false","false","false","false","false","1","not_certified_by_automation"
"toan-n3-201812-full","toan_q_2018_12_23","23","3","embedded","","","false","false","false","false","true","false","false","3","not_certified_by_automation"
"toan-n3-201812-full","toan_q_2018_12_24","24","1","embedded","","","false","false","false","false","true","false","false","1","not_certified_by_automation"
"toan-n3-201812-full","toan_q_2018_12_25","25","4","embedded","","","false","false","false","false","false","false","false","4","not_certified_by_automation"
"toan-n3-201812-full","toan_q_2018_12_26","26","1","embedded","","","false","false","false","false","false","false","false","1","not_certified_by_automation"
"toan-n3-201812-full","toan_q_2018_12_27","27","4","embedded","","","false","false","false","false","false","false","false","4","not_certified_by_automation"
"toan-n3-201812-full","toan_q_2018_12_28","28","3","embedded","","","false","false","false","false","false","false","false","3","not_certified_by_automation"
"toan-n3-201812-full","toan_q_2018_12_29","29","4","embedded","","","false","false","false","true","false","false","false","4","not_certified_by_automation"
"toan-n3-201812-full","toan_q_2018_12_30","30","2","embedded","","","false","false","false","true","false","false","false","2","not_certified_by_automation"
"toan-n3-201812-full","toan_q_2018_12_31","31","4","embedded","","","false","false","false","false","false","true","false","4","not_certified_by_automation"
"toan-n3-201812-full","toan_q_2018_12_32","32","2","embedded","","","false","false","false","false","false","true","false","2","not_certified_by_automation"
"toan-n3-201812-full","toan_q_2018_12_33","33","2","embedded","","","false","false","false","false","false","true","false","2","not_certified_by_automation"
"toan-n3-201812-full","toan_q_2018_12_34","34","1","embedded","","","false","false","false","false","false","true","false","1","not_certified_by_automation"
"toan-n3-201812-full","toan_q_2018_12_35","35","3","embedded","","","false","false","false","false","false","true","false","3","not_certified_by_automation"
"toan-n3-201812-full","toan_q_2018_12_36","36","1","embedded","","","false","false","false","true","true","true","false","1","not_certified_by_automation"
"toan-n3-201812-full","toan_q_2018_12_37","37","4","embedded","","","false","false","false","true","false","true","false","4","not_certified_by_automation"
"toan-n3-201812-full","toan_q_2018_12_38","38","4","embedded","","","false","false","false","true","true","true","false","4","not_certified_by_automation"
"toan-n3-201812-full","toan_q_2018_12_39","39","3","embedded","","","false","false","false","true","true","true","false","3","not_certified_by_automation"
"toan-n3-201812-full","toan_q_2018_12_40","40","2","embedded","","","false","false","false","true","true","true","false","2","not_certified_by_automation"
"toan-n3-201812-full","toan_q_2018_12_41","41","4","embedded","","","false","false","false","true","false","true","false","4","not_certified_by_automation"
"toan-n3-201812-full","toan_q_2018_12_42","42","3","embedded","","","false","false","false","true","true","true","false","3","not_certified_by_automation"
"toan-n3-201812-full","toan_q_2018_12_43","43","1","embedded","","","false","false","false","true","true","true","false","1","not_certified_by_automation"
"toan-n3-201812-full","toan_q_2018_12_44","44","2","embedded","","","false","false","false","true","true","true","false","2","not_certified_by_automation"
"toan-n3-201812-full","toan_q_2018_12_45","45","1","embedded","","","false","false","false","true","false","true","false","1","not_certified_by_automation"
"toan-n3-201812-full","toan_q_2018_12_46","46","2","embedded","","","false","false","false","true","false","true","false","2","not_certified_by_automation"
"toan-n3-201812-full","toan_q_2018_12_47","47","4","embedded","","","false","false","false","true","false","true","false","4","not_certified_by_automation"
"toan-n3-201812-full","toan_q_2018_12_48","48","3","embedded","","","false","false","false","true","true","true","false","3","not_certified_by_automation"
"toan-n3-201812-full","toan_q_2018_12_49","49","3","embedded","","","false","true","false","true","false","true","true","4","not_certified_by_automation"
"toan-n3-201812-full","toan_q_2018_12_50","50","4","embedded","","","false","true","false","true","false","true","false","4","not_certified_by_automation"
"toan-n3-201812-full","toan_q_2018_12_51","51","1","embedded","","","false","true","false","true","false","true","false","1","not_certified_by_automation"
"toan-n3-201812-full","toan_q_2018_12_52","52","4","embedded","","","false","true","false","true","false","true","false","4","not_certified_by_automation"
"toan-n3-201812-full","toan_q_2018_12_53","53","2","embedded","","","false","true","false","true","false","true","false","2","not_certified_by_automation"
"toan-n3-201812-full","toan_q_2018_12_54","54","1","embedded","","","false","false","false","true","true","true","false","1","not_certified_by_automation"
"toan-n3-201812-full","toan_q_2018_12_55","55","1","embedded","","","false","false","false","true","true","true","false","1","not_certified_by_automation"
"toan-n3-201812-full","toan_q_2018_12_56","56","2","embedded","","","false","false","false","true","false","true","false","2","not_certified_by_automation"
"toan-n3-201812-full","toan_q_2018_12_57","57","4","embedded","","","false","false","false","true","true","true","false","4","not_certified_by_automation"
"toan-n3-201812-full","toan_q_2018_12_58","58","3","embedded","","","false","false","false","true","true","true","false","3","not_certified_by_automation"
"toan-n3-201812-full","toan_q_2018_12_59","59","1","curated","","","false","false","false","false","false","false","false","1","not_certified_by_automation"
"toan-n3-201812-full","toan_q_2018_12_60","60","2","curated","","","false","false","false","false","false","false","false","2","not_certified_by_automation"
"toan-n3-201812-full","toan_q_2018_12_61","61","2","curated","","","false","false","false","false","false","false","false","2","not_certified_by_automation"
"toan-n3-201812-full","toan_q_2018_12_62","62","4","curated","","","false","false","false","false","true","false","false","4","not_certified_by_automation"
"toan-n3-201812-full","toan_q_2018_12_63","63","4","curated","","","false","false","false","false","false","false","false","4","not_certified_by_automation"
"toan-n3-201812-full","toan_q_2018_12_64","64","3","curated","","","false","false","false","false","false","false","false","3","not_certified_by_automation"
"toan-n3-201812-full","toan_q_2018_12_65","65","3","curated","","","false","false","false","false","false","false","false","3","not_certified_by_automation"
"toan-n3-201812-full","toan_q_2018_12_66","66","2","curated","","","false","false","false","false","false","false","false","2","not_certified_by_automation"
"toan-n3-201812-full","toan_q_2018_12_67","67","1","curated","","","false","false","false","false","false","false","false","1","not_certified_by_automation"
"toan-n3-201812-full","toan_q_2018_12_68","68","3","curated","","","false","false","false","false","false","false","false","3","not_certified_by_automation"
"toan-n3-201812-full","toan_q_2018_12_69","69","2","curated","","","false","false","false","false","false","false","false","2","not_certified_by_automation"
"toan-n3-201812-full","toan_q_2018_12_70","70","4","curated","","","false","false","false","false","false","false","false","4","not_certified_by_automation"
"toan-n3-201812-full","toan_q_2018_12_71","71","4","curated","","","false","false","false","false","false","false","false","4","not_certified_by_automation"
"toan-n3-201812-full","toan_q_2018_12_72","72","3","curated","","","false","false","false","false","false","false","false","3","not_certified_by_automation"
"toan-n3-201812-full","toan_q_2018_12_73","73","2","curated","","","false","false","false","false","false","false","false","2","not_certified_by_automation"
"toan-n3-201812-full","toan_q_2018_12_74","74","1","curated","","","false","false","false","false","false","false","false","1","not_certified_by_automation"
"toan-n3-201812-full","toan_q_2018_12_75","75","3","curated","","","false","true","false","true","false","false","false","3","not_certified_by_automation"
"toan-n3-201812-full","toan_q_2018_12_76","76","4","curated","","","false","true","false","true","false","false","false","4","not_certified_by_automation"
"toan-n3-201812-full","toan_q_2018_12_77","77","2","curated","","","true","true","false","true","false","false","false","2","not_certified_by_automation"
"toan-n3-201812-full","toan_q_2018_12_78","78","4","curated","","","false","true","false","true","true","false","false","4","not_certified_by_automation"
"toan-n3-201812-full","toan_q_2018_12_79","79","3","curated","","","true","true","false","true","false","false","false","3","not_certified_by_automation"
"toan-n3-201812-full","toan_q_2018_12_80","80","1","curated","","","false","true","false","true","false","false","false","1","not_certified_by_automation"
"toan-n3-201812-full","toan_q_2018_12_81","81","2","curated","","","false","true","false","true","false","false","false","2","not_certified_by_automation"
"toan-n3-201812-full","toan_q_2018_12_82","82","3","curated","","","false","true","false","true","false","false","false","3","not_certified_by_automation"
"toan-n3-201812-full","toan_q_2018_12_83","83","1","curated","","","false","true","false","true","false","false","false","1","not_certified_by_automation"
"toan-n3-201812-full","toan_q_2018_12_84","84","3","curated","","","false","true","false","true","false","false","false","3","not_certified_by_automation"
"toan-n3-201812-full","toan_q_2018_12_85","85","4","curated","","","false","true","false","true","false","false","false","4","not_certified_by_automation"
"toan-n3-201812-full","toan_q_2018_12_86","86","2","curated","","","false","true","false","true","false","false","false","2","not_certified_by_automation"
"toan-n3-201812-full","toan_q_2018_12_87","87","3","curated","","","false","true","false","false","false","false","false","3","not_certified_by_automation"
"toan-n3-201812-full","toan_q_2018_12_88","88","1","curated","","","false","true","false","false","false","false","false","1","not_certified_by_automation"
"toan-n3-201812-full","toan_q_2018_12_89","89","4","curated","","","false","true","false","false","false","false","false","4","not_certified_by_automation"
"toan-n3-201812-full","toan_q_2018_12_90","90","1","curated","","","true","true","false","false","false","false","false","1","not_certified_by_automation"
"toan-n3-201812-full","toan_q_2018_12_91","91","3","curated","","","true","true","false","false","false","false","false","3","not_certified_by_automation"
"toan-n3-201812-full","toan_q_2018_12_92","92","2","curated","","","true","true","false","false","false","false","false","2","not_certified_by_automation"
"toan-n3-201812-full","toan_q_2018_12_93","93","1","curated","","","true","true","false","false","false","false","false","1","not_certified_by_automation"
"toan-n3-201812-full","toan_q_2018_12_94","94","2","curated","","","false","true","false","false","false","false","false","2","not_certified_by_automation"
"toan-n3-201812-full","toan_q_2018_12_95","95","1","curated","","","false","true","false","false","false","false","false","1","not_certified_by_automation"
"toan-n3-201812-full","toan_q_2018_12_96","96","3","curated","","","false","true","false","false","false","false","false","3","not_certified_by_automation"
"toan-n3-201812-full","toan_q_2018_12_97","97","2","curated","","","false","true","false","false","false","false","false","2","not_certified_by_automation"
"toan-n3-201812-full","toan_q_2018_12_98","98","2","curated","","","false","true","false","true","false","false","false","2","not_certified_by_automation"
"toan-n3-201812-full","toan_q_2018_12_99","99","2","curated","","","false","true","false","false","false","false","false","2","not_certified_by_automation"
"toan-n3-201812-full","toan_q_2018_12_100","100","1","curated","","","false","true","false","false","false","false","false","1","not_certified_by_automation"
"toan-n3-201812-full","toan_q_2018_12_101","101","1","curated","","","false","true","false","false","false","false","false","1","not_certified_by_automation"
"toan-n3-201812-full","toan_q_2018_12_102","102","3","curated","","","false","true","false","false","false","false","false","3","not_certified_by_automation"
"toan-n3-201807-full","toan_q_2018_07_1","1","3","embedded","","","false","false","false","true","true","false","false","3","not_certified_by_automation"
"toan-n3-201807-full","toan_q_2018_07_2","2","4","embedded","","","false","false","false","true","true","false","false","4","not_certified_by_automation"
"toan-n3-201807-full","toan_q_2018_07_3","3","1","embedded","","","false","false","false","false","true","false","false","1","not_certified_by_automation"
"toan-n3-201807-full","toan_q_2018_07_4","4","2","embedded","","","false","false","false","true","true","false","false","2","not_certified_by_automation"
"toan-n3-201807-full","toan_q_2018_07_5","5","2","curated","","","false","false","false","true","true","false","false","2","not_certified_by_automation"
"toan-n3-201807-full","toan_q_2018_07_6","6","3","embedded","","","false","false","false","false","true","false","false","3","not_certified_by_automation"
"toan-n3-201807-full","toan_q_2018_07_7","7","4","embedded","","","false","false","false","true","true","false","false","4","not_certified_by_automation"
"toan-n3-201807-full","toan_q_2018_07_8","8","1","embedded","","","false","false","false","true","true","false","false","1","not_certified_by_automation"
"toan-n3-201807-full","toan_q_2018_07_9","9","3","embedded","","","false","false","false","false","false","false","false","3","not_certified_by_automation"
"toan-n3-201807-full","toan_q_2018_07_10","10","4","embedded","","","false","false","false","false","false","false","false","4","not_certified_by_automation"
"toan-n3-201807-full","toan_q_2018_07_11","11","1","embedded","","","false","false","false","false","true","false","false","1","not_certified_by_automation"
"toan-n3-201807-full","toan_q_2018_07_12","12","3","embedded","","","false","false","false","true","false","false","false","3","not_certified_by_automation"
"toan-n3-201807-full","toan_q_2018_07_13","13","2","embedded","","","false","false","false","true","false","false","false","2","not_certified_by_automation"
"toan-n3-201807-full","toan_q_2018_07_14","14","4","embedded","","","false","false","false","false","false","false","false","4","not_certified_by_automation"
"toan-n3-201807-full","toan_q_2018_07_15","15","4","embedded","","","false","false","false","true","false","false","false","4","not_certified_by_automation"
"toan-n3-201807-full","toan_q_2018_07_16","16","1","embedded","","","false","false","false","false","false","false","false","1","not_certified_by_automation"
"toan-n3-201807-full","toan_q_2018_07_17","17","3","embedded","","","false","false","false","false","false","false","false","3","not_certified_by_automation"
"toan-n3-201807-full","toan_q_2018_07_18","18","3","embedded","","","false","false","false","false","false","false","false","3","not_certified_by_automation"
"toan-n3-201807-full","toan_q_2018_07_19","19","1","embedded","","","false","false","false","true","false","false","false","1","not_certified_by_automation"
"toan-n3-201807-full","toan_q_2018_07_20","20","2","embedded","","","false","false","false","true","false","false","false","2","not_certified_by_automation"
"toan-n3-201807-full","toan_q_2018_07_21","21","1","embedded","","","false","false","false","true","false","false","false","1","not_certified_by_automation"
"toan-n3-201807-full","toan_q_2018_07_22","22","4","embedded","","","false","false","false","false","false","false","false","4","not_certified_by_automation"
"toan-n3-201807-full","toan_q_2018_07_23","23","2","embedded","","","false","false","false","false","false","false","false","2","not_certified_by_automation"
"toan-n3-201807-full","toan_q_2018_07_24","24","2","embedded","","","false","false","false","false","false","false","false","2","not_certified_by_automation"
"toan-n3-201807-full","toan_q_2018_07_25","25","3","embedded","","","false","false","false","true","false","false","false","3","not_certified_by_automation"
"toan-n3-201807-full","toan_q_2018_07_26","26","2","embedded","","","false","false","false","true","false","false","false","2","not_certified_by_automation"
"toan-n3-201807-full","toan_q_2018_07_27","27","4","embedded","","","false","false","false","false","false","false","false","4","not_certified_by_automation"
"toan-n3-201807-full","toan_q_2018_07_28","28","2","embedded","","","false","false","false","false","false","false","false","2","not_certified_by_automation"
"toan-n3-201807-full","toan_q_2018_07_29","29","3","embedded","","","false","false","false","true","false","false","false","3","not_certified_by_automation"
"toan-n3-201807-full","toan_q_2018_07_30","30","1","embedded","","","false","false","false","true","false","false","false","1","not_certified_by_automation"
"toan-n3-201807-full","toan_q_2018_07_31","31","1","embedded","","","false","false","false","false","false","true","false","1","not_certified_by_automation"
"toan-n3-201807-full","toan_q_2018_07_32","32","3","embedded","","","false","false","false","false","false","true","false","3","not_certified_by_automation"
"toan-n3-201807-full","toan_q_2018_07_33","33","4","embedded","","","false","false","false","false","false","true","false","4","not_certified_by_automation"
"toan-n3-201807-full","toan_q_2018_07_34","34","2","embedded","","","false","false","false","false","false","true","false","2","not_certified_by_automation"
"toan-n3-201807-full","toan_q_2018_07_35","35","4","embedded","","","false","false","false","false","false","true","false","4","not_certified_by_automation"
"toan-n3-201807-full","toan_q_2018_07_36","36","4","embedded","","","false","false","false","true","true","true","false","4","not_certified_by_automation"
"toan-n3-201807-full","toan_q_2018_07_37","37","1","embedded","","","false","false","false","true","true","true","false","1","not_certified_by_automation"
"toan-n3-201807-full","toan_q_2018_07_38","38","2","embedded","","","false","false","false","true","false","true","false","2","not_certified_by_automation"
"toan-n3-201807-full","toan_q_2018_07_39","39","4","embedded","","","false","false","false","true","true","true","false","4","not_certified_by_automation"
"toan-n3-201807-full","toan_q_2018_07_40","40","2","embedded","","","false","false","false","true","true","true","false","2","not_certified_by_automation"
"toan-n3-201807-full","toan_q_2018_07_41","41","3","embedded","","","false","false","false","true","true","true","false","3","not_certified_by_automation"
"toan-n3-201807-full","toan_q_2018_07_42","42","3","embedded","","","false","false","false","true","true","true","false","3","not_certified_by_automation"
"toan-n3-201807-full","toan_q_2018_07_43","43","2","embedded","","","false","false","false","true","false","true","false","2","not_certified_by_automation"
"toan-n3-201807-full","toan_q_2018_07_44","44","3","embedded","","","false","false","false","true","true","true","false","3","not_certified_by_automation"
"toan-n3-201807-full","toan_q_2018_07_45","45","1","embedded","","","false","false","false","true","false","true","false","1","not_certified_by_automation"
"toan-n3-201807-full","toan_q_2018_07_46","46","4","embedded","","","false","false","false","true","true","true","false","4","not_certified_by_automation"
"toan-n3-201807-full","toan_q_2018_07_47","47","1","embedded","","","false","false","false","true","true","true","false","1","not_certified_by_automation"
"toan-n3-201807-full","toan_q_2018_07_48","48","2","embedded","","","false","false","false","true","false","true","false","2","not_certified_by_automation"
"toan-n3-201807-full","toan_q_2018_07_49","49","1","embedded","","","false","false","false","true","false","false","false","1","not_certified_by_automation"
"toan-n3-201807-full","toan_q_2018_07_50","50","4","embedded","","","false","false","false","true","false","true","false","4","not_certified_by_automation"
"toan-n3-201807-full","toan_q_2018_07_51","51","3","embedded","","","false","false","false","true","false","false","false","3","not_certified_by_automation"
"toan-n3-201807-full","toan_q_2018_07_52","52","2","embedded","","","false","false","false","true","false","true","false","2","not_certified_by_automation"
"toan-n3-201807-full","toan_q_2018_07_53","53","2","embedded","","","false","false","false","true","false","false","false","2","not_certified_by_automation"
"toan-n3-201807-full","toan_q_2018_07_54","54","2","curated","","","false","false","false","false","true","true","false","2","not_certified_by_automation"
"toan-n3-201807-full","toan_q_2018_07_55","55","4","curated","","","false","false","false","false","false","false","false","4","not_certified_by_automation"
"toan-n3-201807-full","toan_q_2018_07_56","56","1","curated","","","false","false","false","true","false","true","false","1","not_certified_by_automation"
"toan-n3-201807-full","toan_q_2018_07_57","57","4","curated","","","false","false","false","false","false","false","false","4","not_certified_by_automation"
"toan-n3-201807-full","toan_q_2018_07_58","58","3","curated","","","false","false","false","false","false","false","false","3","not_certified_by_automation"
"toan-n3-201807-full","toan_q_2018_07_59","59","3","curated","","","false","false","false","false","true","false","false","3","not_certified_by_automation"
"toan-n3-201807-full","toan_q_2018_07_60","60","4","curated","","","false","false","false","false","false","false","false","4","not_certified_by_automation"
"toan-n3-201807-full","toan_q_2018_07_61","61","2","curated","","","false","false","false","false","false","false","false","2","not_certified_by_automation"
"toan-n3-201807-full","toan_q_2018_07_62","62","2","curated","","","false","false","false","false","false","false","false","2","not_certified_by_automation"
"toan-n3-201807-full","toan_q_2018_07_63","63","4","curated","","","false","false","false","false","false","false","false","4","not_certified_by_automation"
"toan-n3-201807-full","toan_q_2018_07_64","64","2","curated","","","false","false","false","false","false","false","false","2","not_certified_by_automation"
"toan-n3-201807-full","toan_q_2018_07_65","65","2","curated","","","false","false","false","false","false","false","false","2","not_certified_by_automation"
"toan-n3-201807-full","toan_q_2018_07_66","66","4","curated","","","false","false","false","true","false","false","false","4","not_certified_by_automation"
"toan-n3-201807-full","toan_q_2018_07_67","67","1","curated","","","false","false","false","false","false","false","false","1","not_certified_by_automation"
"toan-n3-201807-full","toan_q_2018_07_68","68","2","curated","","","false","false","false","false","false","false","false","2","not_certified_by_automation"
"toan-n3-201807-full","toan_q_2018_07_69","69","1","curated","","","false","false","false","false","false","false","false","1","not_certified_by_automation"
"toan-n3-201807-full","toan_q_2018_07_70","70","3","curated","","","false","false","false","false","false","false","false","3","not_certified_by_automation"
"toan-n3-201807-full","toan_q_2018_07_71","71","4","curated","","","false","false","false","false","false","false","false","4","not_certified_by_automation"
"toan-n3-201807-full","toan_q_2018_07_72","72","3","curated","","","false","false","false","false","false","false","false","3","not_certified_by_automation"
"toan-n3-201807-full","toan_q_2018_07_73","73","1","curated","","","false","false","false","false","false","false","false","1","not_certified_by_automation"
"toan-n3-201807-full","toan_q_2018_07_74","74","1","curated","","","false","false","false","true","false","true","false","1","not_certified_by_automation"
"toan-n3-201807-full","toan_q_2018_07_75","75","1","curated","","","false","true","false","true","false","true","false","1","not_certified_by_automation"
"toan-n3-201807-full","toan_q_2018_07_76","76","3","curated","","","false","true","false","true","false","false","false","3","not_certified_by_automation"
"toan-n3-201807-full","toan_q_2018_07_77","77","4","curated","","","false","true","false","true","false","false","false","4","not_certified_by_automation"
"toan-n3-201807-full","toan_q_2018_07_78","78","2","curated","","","false","true","false","true","false","false","false","2","not_certified_by_automation"
"toan-n3-201807-full","toan_q_2018_07_79","79","3","curated","","","false","true","false","true","false","false","false","3","not_certified_by_automation"
"toan-n3-201807-full","toan_q_2018_07_80","80","3","curated","","","false","true","false","true","false","false","false","3","not_certified_by_automation"
"toan-n3-201807-full","toan_q_2018_07_81","81","3","curated","","","false","true","false","true","false","false","false","3","not_certified_by_automation"
"toan-n3-201807-full","toan_q_2018_07_82","82","2","curated","","","false","true","false","true","false","false","false","2","not_certified_by_automation"
"toan-n3-201807-full","toan_q_2018_07_83","83","3","curated","","","false","true","false","true","false","false","false","3","not_certified_by_automation"
"toan-n3-201807-full","toan_q_2018_07_84","84","2","curated","","","false","true","false","true","false","false","false","2","not_certified_by_automation"
"toan-n3-201807-full","toan_q_2018_07_85","85","4","curated","","","false","true","false","true","false","false","false","4","not_certified_by_automation"
"toan-n3-201807-full","toan_q_2018_07_86","86","1","curated","","","false","true","false","true","false","false","false","1","not_certified_by_automation"
"toan-n3-201807-full","toan_q_2018_07_87","87","2","curated","","","false","true","false","true","false","false","false","2","not_certified_by_automation"
"toan-n3-201807-full","toan_q_2018_07_88","88","4","curated","","","false","true","false","false","false","false","false","4","not_certified_by_automation"
"toan-n3-201807-full","toan_q_2018_07_89","89","2","curated","","","false","true","false","false","false","false","false","2","not_certified_by_automation"
"toan-n3-201807-full","toan_q_2018_07_90","90","2","curated","","","true","true","false","false","false","false","false","2","not_certified_by_automation"
"toan-n3-201807-full","toan_q_2018_07_91","91","1","curated","","","true","true","false","false","false","false","false","1","not_certified_by_automation"
"toan-n3-201807-full","toan_q_2018_07_92","92","2","curated","","","true","true","false","false","false","false","false","2","not_certified_by_automation"
"toan-n3-201807-full","toan_q_2018_07_93","93","3","curated","","","true","true","false","false","false","false","false","3","not_certified_by_automation"
"toan-n3-201807-full","toan_q_2018_07_94","94","1","curated","","","false","true","false","false","false","false","false","1","not_certified_by_automation"
"toan-n3-201807-full","toan_q_2018_07_95","95","1","curated","","","false","true","false","false","false","false","false","1","not_certified_by_automation"
"toan-n3-201807-full","toan_q_2018_07_96","96","3","curated","","","false","true","false","false","false","false","false","3","not_certified_by_automation"
"toan-n3-201807-full","toan_q_2018_07_97","97","2","curated","","","false","true","false","false","false","false","false","2","not_certified_by_automation"
"toan-n3-201807-full","toan_q_2018_07_98","98","1","curated","","","false","true","false","false","true","false","false","1","not_certified_by_automation"
"toan-n3-201807-full","toan_q_2018_07_99","99","3","curated","","","false","true","false","false","false","false","false","3","not_certified_by_automation"
"toan-n3-201807-full","toan_q_2018_07_100","100","3","curated","","","false","true","false","false","false","false","false","3","not_certified_by_automation"
"toan-n3-201807-full","toan_q_2018_07_101","101","2","curated","","","false","true","false","false","false","false","false","2","not_certified_by_automation"
"toan-n3-201807-full","toan_q_2018_07_102","102","1","curated","","","false","true","false","false","false","false","false","1","not_certified_by_automation"
"toan-n3-201712-full","toan_q_2017_12_1","1","3","embedded","","","false","false","false","true","true","false","false","3","not_certified_by_automation"
"toan-n3-201712-full","toan_q_2017_12_2","2","4","embedded","","","false","false","false","true","true","false","false","4","not_certified_by_automation"
"toan-n3-201712-full","toan_q_2017_12_3","3","4","embedded","","","false","false","false","false","true","false","false","4","not_certified_by_automation"
"toan-n3-201712-full","toan_q_2017_12_4","4","3","embedded","","","false","false","false","false","true","false","false","3","not_certified_by_automation"
"toan-n3-201712-full","toan_q_2017_12_5","5","1","embedded","","","false","false","false","true","true","false","false","1","not_certified_by_automation"
"toan-n3-201712-full","toan_q_2017_12_6","6","4","embedded","","","false","false","false","true","true","false","false","4","not_certified_by_automation"
"toan-n3-201712-full","toan_q_2017_12_7","7","2","embedded","","","false","false","false","true","true","false","false","2","not_certified_by_automation"
"toan-n3-201712-full","toan_q_2017_12_8","8","1","embedded","","","false","false","false","false","true","false","false","1","not_certified_by_automation"
"toan-n3-201712-full","toan_q_2017_12_9","9","4","embedded","","","false","false","false","false","false","false","false","4","not_certified_by_automation"
"toan-n3-201712-full","toan_q_2017_12_10","10","3","embedded","","","false","false","false","true","false","true","false","3","not_certified_by_automation"
"toan-n3-201712-full","toan_q_2017_12_11","11","4","embedded","","","false","false","false","false","false","false","false","4","not_certified_by_automation"
"toan-n3-201712-full","toan_q_2017_12_12","12","4","embedded","","","false","false","false","true","false","false","false","4","not_certified_by_automation"
"toan-n3-201712-full","toan_q_2017_12_13","13","2","embedded","","","false","false","false","false","false","false","false","2","not_certified_by_automation"
"toan-n3-201712-full","toan_q_2017_12_14","14","3","embedded","","","false","false","false","true","false","false","false","3","not_certified_by_automation"
"toan-n3-201712-full","toan_q_2017_12_15","15","2","embedded","","","false","false","false","false","false","false","false","2","not_certified_by_automation"
"toan-n3-201712-full","toan_q_2017_12_16","16","1","embedded","","","false","false","false","false","false","false","false","1","not_certified_by_automation"
"toan-n3-201712-full","toan_q_2017_12_17","17","2","embedded","","","false","false","false","false","false","false","false","2","not_certified_by_automation"
"toan-n3-201712-full","toan_q_2017_12_18","18","2","embedded","","","false","false","false","false","false","false","false","2","not_certified_by_automation"
"toan-n3-201712-full","toan_q_2017_12_19","19","1","embedded","","","false","false","false","false","false","false","false","1","not_certified_by_automation"
"toan-n3-201712-full","toan_q_2017_12_20","20","2","embedded","","","false","false","false","true","false","false","false","2","not_certified_by_automation"
"toan-n3-201712-full","toan_q_2017_12_21","21","3","embedded","","","false","false","false","true","false","false","false","3","not_certified_by_automation"
"toan-n3-201712-full","toan_q_2017_12_22","22","4","embedded","","","false","false","false","false","false","false","false","4","not_certified_by_automation"
"toan-n3-201712-full","toan_q_2017_12_23","23","2","embedded","","","false","false","false","false","false","false","false","2","not_certified_by_automation"
"toan-n3-201712-full","toan_q_2017_12_24","24","1","embedded","","","false","false","false","false","false","false","false","1","not_certified_by_automation"
"toan-n3-201712-full","toan_q_2017_12_25","25","3","embedded","","","false","false","false","true","false","false","false","3","not_certified_by_automation"
"toan-n3-201712-full","toan_q_2017_12_26","26","3","embedded","","","false","false","false","true","false","false","false","3","not_certified_by_automation"
"toan-n3-201712-full","toan_q_2017_12_27","27","4","embedded","","","false","false","false","false","false","true","false","4","not_certified_by_automation"
"toan-n3-201712-full","toan_q_2017_12_28","28","1","embedded","","","false","false","false","true","false","false","false","1","not_certified_by_automation"
"toan-n3-201712-full","toan_q_2017_12_29","29","1","embedded","","","false","false","false","false","false","false","false","1","not_certified_by_automation"
"toan-n3-201712-full","toan_q_2017_12_30","30","2","embedded","","","false","false","false","true","false","false","false","2","not_certified_by_automation"
"toan-n3-201712-full","toan_q_2017_12_31","31","1","embedded","","","false","false","false","false","false","true","false","1","not_certified_by_automation"
"toan-n3-201712-full","toan_q_2017_12_32","32","2","embedded","","","false","false","false","false","false","true","false","2","not_certified_by_automation"
"toan-n3-201712-full","toan_q_2017_12_33","33","3","embedded","","","false","false","false","false","false","true","false","3","not_certified_by_automation"
"toan-n3-201712-full","toan_q_2017_12_34","34","4","embedded","","","false","false","false","false","false","true","false","4","not_certified_by_automation"
"toan-n3-201712-full","toan_q_2017_12_35","35","3","embedded","","","false","false","false","false","false","true","false","3","not_certified_by_automation"
"toan-n3-201712-full","toan_q_2017_12_36","36","4","embedded","","","false","false","false","true","false","true","false","4","not_certified_by_automation"
"toan-n3-201712-full","toan_q_2017_12_37","37","2","embedded","","","false","false","false","true","true","true","false","2","not_certified_by_automation"
"toan-n3-201712-full","toan_q_2017_12_38","38","1","embedded","","","false","false","false","true","false","true","false","1","not_certified_by_automation"
"toan-n3-201712-full","toan_q_2017_12_39","39","3","embedded","","","false","false","false","true","false","true","false","3","not_certified_by_automation"
"toan-n3-201712-full","toan_q_2017_12_40","40","4","embedded","","","false","false","false","true","true","true","false","4","not_certified_by_automation"
"toan-n3-201712-full","toan_q_2017_12_41","41","1","embedded","","","false","false","false","true","true","true","false","1","not_certified_by_automation"
"toan-n3-201712-full","toan_q_2017_12_42","42","2","embedded","","","false","false","false","true","false","true","false","2","not_certified_by_automation"
"toan-n3-201712-full","toan_q_2017_12_43","43","3","embedded","","","false","false","false","true","true","true","false","3","not_certified_by_automation"
"toan-n3-201712-full","toan_q_2017_12_44","44","1","embedded","","","false","false","false","true","false","true","false","1","not_certified_by_automation"
"toan-n3-201712-full","toan_q_2017_12_45","45","2","embedded","","","false","false","false","true","false","true","false","2","not_certified_by_automation"
"toan-n3-201712-full","toan_q_2017_12_46","46","4","embedded","","","false","false","false","true","true","true","false","4","not_certified_by_automation"
"toan-n3-201712-full","toan_q_2017_12_47","47","1","embedded","","","false","false","false","true","false","true","false","1","not_certified_by_automation"
"toan-n3-201712-full","toan_q_2017_12_48","48","3","embedded","","","false","false","false","true","true","true","false","3","not_certified_by_automation"
"toan-n3-201712-full","toan_q_2017_12_49","49","3","embedded","","","false","true","false","true","false","true","false","3","not_certified_by_automation"
"toan-n3-201712-full","toan_q_2017_12_50","50","2","embedded","","","false","true","false","true","false","true","false","2","not_certified_by_automation"
"toan-n3-201712-full","toan_q_2017_12_51","51","2","embedded","","","false","true","false","true","false","true","false","2","not_certified_by_automation"
"toan-n3-201712-full","toan_q_2017_12_52","52","4","embedded","","","false","true","false","true","false","true","false","4","not_certified_by_automation"
"toan-n3-201712-full","toan_q_2017_12_53","53","1","embedded","","","false","true","false","true","false","true","false","1","not_certified_by_automation"
"toan-n3-201712-full","toan_q_2017_12_54","54","3","embedded","","","false","false","false","true","false","true","false","3","not_certified_by_automation"
"toan-n3-201712-full","toan_q_2017_12_55","55","1","embedded","","","false","false","false","true","true","true","false","1","not_certified_by_automation"
"toan-n3-201712-full","toan_q_2017_12_56","56","2","embedded","","","false","false","false","true","true","true","false","2","not_certified_by_automation"
"toan-n3-201712-full","toan_q_2017_12_57","57","1","embedded","","","false","false","false","true","false","true","false","1","not_certified_by_automation"
"toan-n3-201712-full","toan_q_2017_12_58","58","4","embedded","","","false","false","false","true","true","true","false","4","not_certified_by_automation"
"toan-n3-201712-full","toan_q_2017_12_59","59","2","curated","","","false","false","false","false","false","false","false","2","not_certified_by_automation"
"toan-n3-201712-full","toan_q_2017_12_60","60","3","curated","","","false","false","false","false","false","false","false","3","not_certified_by_automation"
"toan-n3-201712-full","toan_q_2017_12_61","61","4","curated","","","false","false","false","false","true","false","false","4","not_certified_by_automation"
"toan-n3-201712-full","toan_q_2017_12_62","62","4","curated","","","false","false","false","false","false","false","false","4","not_certified_by_automation"
"toan-n3-201712-full","toan_q_2017_12_63","63","2","curated","","","false","false","false","false","false","false","false","2","not_certified_by_automation"
"toan-n3-201712-full","toan_q_2017_12_64","64","1","curated","","","false","false","false","false","false","false","false","1","not_certified_by_automation"
"toan-n3-201712-full","toan_q_2017_12_65","65","3","curated","","","false","false","false","false","false","true","false","3","not_certified_by_automation"
"toan-n3-201712-full","toan_q_2017_12_66","66","3","curated","","","false","false","false","false","false","false","false","3","not_certified_by_automation"
"toan-n3-201712-full","toan_q_2017_12_67","67","3","curated","","","false","false","false","false","false","false","false","3","not_certified_by_automation"
"toan-n3-201712-full","toan_q_2017_12_68","68","1","curated","","","false","false","false","false","false","false","false","1","not_certified_by_automation"
"toan-n3-201712-full","toan_q_2017_12_69","69","2","curated","","","false","false","false","false","false","false","false","2","not_certified_by_automation"
"toan-n3-201712-full","toan_q_2017_12_70","70","4","curated","","","false","false","false","false","false","false","false","4","not_certified_by_automation"
"toan-n3-201712-full","toan_q_2017_12_71","71","3","curated","","","false","false","false","true","false","false","false","3","not_certified_by_automation"
"toan-n3-201712-full","toan_q_2017_12_72","72","1","curated","","","false","false","false","false","false","false","false","1","not_certified_by_automation"
"toan-n3-201712-full","toan_q_2017_12_73","73","2","curated","","","false","false","false","false","false","false","false","2","not_certified_by_automation"
"toan-n3-201712-full","toan_q_2017_12_74","74","2","curated","","","false","false","false","false","false","false","false","2","not_certified_by_automation"
"toan-n3-201712-full","toan_q_2017_12_75","75","3","curated","","","true","true","false","true","true","true","false","3","not_certified_by_automation"
"toan-n3-201712-full","toan_q_2017_12_76","76","4","curated","","","false","true","false","true","false","false","false","4","not_certified_by_automation"
"toan-n3-201712-full","toan_q_2017_12_77","77","1","curated","","","false","true","false","true","false","false","false","1","not_certified_by_automation"
"toan-n3-201712-full","toan_q_2017_12_78","78","2","curated","","","true","true","false","true","true","false","false","2","not_certified_by_automation"
"toan-n3-201712-full","toan_q_2017_12_79","79","1","curated","","","false","true","false","true","false","false","false","1","not_certified_by_automation"
"toan-n3-201712-full","toan_q_2017_12_80","80","3","curated","","","false","true","false","true","false","false","false","3","not_certified_by_automation"
"toan-n3-201712-full","toan_q_2017_12_81","81","2","curated","","","false","true","false","true","false","false","false","2","not_certified_by_automation"
"toan-n3-201712-full","toan_q_2017_12_82","82","1","curated","","","false","true","false","true","false","false","false","1","not_certified_by_automation"
"toan-n3-201712-full","toan_q_2017_12_83","83","1","curated","","","false","true","false","true","true","false","false","1","not_certified_by_automation"
"toan-n3-201712-full","toan_q_2017_12_84","84","3","curated","","","false","true","false","true","false","false","false","3","not_certified_by_automation"
"toan-n3-201712-full","toan_q_2017_12_85","85","4","curated","","","false","true","false","true","false","false","false","4","not_certified_by_automation"
"toan-n3-201712-full","toan_q_2017_12_86","86","1","curated","","","false","true","false","true","false","false","false","1","not_certified_by_automation"
"toan-n3-201712-full","toan_q_2017_12_87","87","2","curated","","","false","true","false","true","false","false","false","2","not_certified_by_automation"
"toan-n3-201712-full","toan_q_2017_12_88","88","4","curated","","","false","true","false","true","false","false","false","4","not_certified_by_automation"
"toan-n3-201712-full","toan_q_2017_12_89","89","1","curated","","","false","true","false","true","false","true","false","1","not_certified_by_automation"
"toan-n3-201712-full","toan_q_2017_12_90","90","2","curated","","","true","true","false","false","false","false","false","2","not_certified_by_automation"
"toan-n3-201712-full","toan_q_2017_12_91","91","1","curated","","","true","true","false","false","false","false","false","1","not_certified_by_automation"
"toan-n3-201712-full","toan_q_2017_12_92","92","3","curated","","","true","true","false","false","false","false","false","3","not_certified_by_automation"
"toan-n3-201712-full","toan_q_2017_12_93","93","2","curated","","","true","true","false","false","false","false","false","2","not_certified_by_automation"
"toan-n3-201712-full","toan_q_2017_12_94","94","3","curated","","","false","true","false","false","false","false","false","3","not_certified_by_automation"
"toan-n3-201712-full","toan_q_2017_12_95","95","3","curated","","","false","true","false","false","false","false","false","3","not_certified_by_automation"
"toan-n3-201712-full","toan_q_2017_12_96","96","1","curated","","","false","true","false","false","false","false","false","1","not_certified_by_automation"
"toan-n3-201712-full","toan_q_2017_12_97","97","2","curated","","","false","true","false","false","false","false","false","2","not_certified_by_automation"
"toan-n3-201712-full","toan_q_2017_12_98","98","1","curated","","","false","true","false","false","false","false","false","1","not_certified_by_automation"
"toan-n3-201712-full","toan_q_2017_12_99","99","1","curated","","","false","true","false","false","false","false","false","1","not_certified_by_automation"
"toan-n3-201712-full","toan_q_2017_12_100","100","2","curated","","","false","true","false","false","false","false","false","2","not_certified_by_automation"
"toan-n3-201712-full","toan_q_2017_12_101","101","1","curated","","","false","true","false","true","false","false","false","1","not_certified_by_automation"
"toan-n3-201712-full","toan_q_2017_12_102","102","2","curated","","","false","true","false","false","false","false","false","2","not_certified_by_automation"
"toan-n3-201707-full","toan_q_2017_07_1","1","3","embedded","","","false","false","false","true","true","false","false","3","not_certified_by_automation"
"toan-n3-201707-full","toan_q_2017_07_2","2","2","embedded","","","false","false","false","false","true","false","false","2","not_certified_by_automation"
"toan-n3-201707-full","toan_q_2017_07_3","3","2","embedded","","","false","false","false","true","true","false","false","2","not_certified_by_automation"
"toan-n3-201707-full","toan_q_2017_07_4","4","3","embedded","","","false","false","false","false","true","false","false","3","not_certified_by_automation"
"toan-n3-201707-full","toan_q_2017_07_5","5","4","embedded","","","false","false","false","false","true","false","false","4","not_certified_by_automation"
"toan-n3-201707-full","toan_q_2017_07_6","6","3","embedded","","","false","false","false","false","true","false","false","3","not_certified_by_automation"
"toan-n3-201707-full","toan_q_2017_07_7","7","1","embedded","","","false","false","false","true","true","false","false","1","not_certified_by_automation"
"toan-n3-201707-full","toan_q_2017_07_8","8","1","embedded","","","false","false","false","false","true","false","false","1","not_certified_by_automation"
"toan-n3-201707-full","toan_q_2017_07_9","9","2","embedded","","","false","false","false","true","true","false","true","1","not_certified_by_automation"
"toan-n3-201707-full","toan_q_2017_07_10","10","3","embedded","","","false","false","false","false","false","false","false","3","not_certified_by_automation"
"toan-n3-201707-full","toan_q_2017_07_11","11","4","embedded","","","false","false","false","false","false","false","false","4","not_certified_by_automation"
"toan-n3-201707-full","toan_q_2017_07_12","12","2","embedded","","","false","false","false","false","false","false","false","2","not_certified_by_automation"
"toan-n3-201707-full","toan_q_2017_07_13","13","1","embedded","","","false","false","false","false","false","false","false","1","not_certified_by_automation"
"toan-n3-201707-full","toan_q_2017_07_14","14","4","embedded","","","false","false","false","true","false","false","false","4","not_certified_by_automation"
"toan-n3-201707-full","toan_q_2017_07_15","15","4","embedded","","","false","false","false","false","false","false","false","4","not_certified_by_automation"
"toan-n3-201707-full","toan_q_2017_07_16","16","2","embedded","","","false","false","false","false","false","false","false","2","not_certified_by_automation"
"toan-n3-201707-full","toan_q_2017_07_17","17","3","embedded","","","false","false","false","false","false","false","false","3","not_certified_by_automation"
"toan-n3-201707-full","toan_q_2017_07_18","18","1","embedded","","","false","false","false","false","false","false","false","1","not_certified_by_automation"
"toan-n3-201707-full","toan_q_2017_07_19","19","2","embedded","","","false","false","false","false","false","false","false","2","not_certified_by_automation"
"toan-n3-201707-full","toan_q_2017_07_20","20","1","embedded","","","false","false","false","false","false","true","false","1","not_certified_by_automation"
"toan-n3-201707-full","toan_q_2017_07_21","21","4","embedded","","","false","false","false","true","true","true","false","4","not_certified_by_automation"
"toan-n3-201707-full","toan_q_2017_07_22","22","2","embedded","","","false","false","false","false","false","false","false","2","not_certified_by_automation"
"toan-n3-201707-full","toan_q_2017_07_23","23","3","embedded","","","false","false","false","true","false","false","false","3","not_certified_by_automation"
"toan-n3-201707-full","toan_q_2017_07_24","24","3","embedded","","","false","false","false","false","false","false","false","3","not_certified_by_automation"
"toan-n3-201707-full","toan_q_2017_07_25","25","1","embedded","","","false","false","false","false","false","false","false","1","not_certified_by_automation"
"toan-n3-201707-full","toan_q_2017_07_26","26","4","embedded","","","false","false","false","true","false","false","false","4","not_certified_by_automation"
"toan-n3-201707-full","toan_q_2017_07_27","27","1","embedded","","","false","false","false","true","false","false","false","1","not_certified_by_automation"
"toan-n3-201707-full","toan_q_2017_07_28","28","3","embedded","","","false","false","false","false","false","false","false","3","not_certified_by_automation"
"toan-n3-201707-full","toan_q_2017_07_29","29","1","embedded","","","false","false","false","true","false","false","false","1","not_certified_by_automation"
"toan-n3-201707-full","toan_q_2017_07_30","30","4","embedded","","","false","false","false","true","false","true","false","4","not_certified_by_automation"
"toan-n3-201707-full","toan_q_2017_07_31","31","3","embedded","","","false","false","false","true","false","true","false","3","not_certified_by_automation"
"toan-n3-201707-full","toan_q_2017_07_32","32","4","embedded","","","false","false","false","true","false","true","false","4","not_certified_by_automation"
"toan-n3-201707-full","toan_q_2017_07_33","33","2","embedded","","","false","false","false","true","true","true","false","2","not_certified_by_automation"
"toan-n3-201707-full","toan_q_2017_07_34","34","1","embedded","","","false","false","false","true","false","true","false","1","not_certified_by_automation"
"toan-n3-201707-full","toan_q_2017_07_35","35","2","embedded","","","false","false","false","true","false","true","false","2","not_certified_by_automation"
"toan-n3-201707-full","toan_q_2017_07_36","36","1","embedded","","","false","false","false","true","true","true","false","1","not_certified_by_automation"
"toan-n3-201707-full","toan_q_2017_07_37","37","4","embedded","","","false","false","false","true","true","true","false","4","not_certified_by_automation"
"toan-n3-201707-full","toan_q_2017_07_38","38","2","embedded","","","false","false","false","true","true","true","false","2","not_certified_by_automation"
"toan-n3-201707-full","toan_q_2017_07_39","39","1","embedded","","","false","false","false","true","true","true","false","1","not_certified_by_automation"
"toan-n3-201707-full","toan_q_2017_07_40","40","3","embedded","","","false","false","false","true","true","true","false","3","not_certified_by_automation"
"toan-n3-201707-full","toan_q_2017_07_41","41","2","embedded","","","false","false","false","true","false","true","false","2","not_certified_by_automation"
"toan-n3-201707-full","toan_q_2017_07_42","42","3","embedded","","","false","false","false","true","false","true","false","3","not_certified_by_automation"
"toan-n3-201707-full","toan_q_2017_07_43","43","4","embedded","","","false","false","false","true","true","true","false","4","not_certified_by_automation"
"toan-n3-201707-full","toan_q_2017_07_44","44","1","embedded","","","false","false","false","true","false","true","false","1","not_certified_by_automation"
"toan-n3-201707-full","toan_q_2017_07_45","45","3","embedded","","","false","false","false","true","true","true","false","3","not_certified_by_automation"
"toan-n3-201707-full","toan_q_2017_07_46","46","4","embedded","","","false","false","false","true","true","true","false","4","not_certified_by_automation"
"toan-n3-201707-full","toan_q_2017_07_47","47","2","embedded","","","false","false","false","true","true","true","false","2","not_certified_by_automation"
"toan-n3-201707-full","toan_q_2017_07_48","48","2","embedded","","","false","false","false","true","false","true","false","2","not_certified_by_automation"
"toan-n3-201707-full","toan_q_2017_07_49","49","2","embedded","","","false","false","false","true","false","true","false","2","not_certified_by_automation"
"toan-n3-201707-full","toan_q_2017_07_50","50","1","embedded","","","false","false","false","true","false","false","false","1","not_certified_by_automation"
"toan-n3-201707-full","toan_q_2017_07_51","51","3","embedded","","","false","false","false","true","false","true","false","3","not_certified_by_automation"
"toan-n3-201707-full","toan_q_2017_07_52","52","2","embedded","","","false","false","false","true","false","true","false","2","not_certified_by_automation"
"toan-n3-201707-full","toan_q_2017_07_53","53","4","embedded","","","false","false","false","true","false","false","false","4","not_certified_by_automation"
"toan-n3-201707-full","toan_q_2017_07_54","54","2","embedded","","","false","false","false","true","true","true","false","2","not_certified_by_automation"
"toan-n3-201707-full","toan_q_2017_07_55","55","1","embedded","","","false","false","false","true","true","true","false","1","not_certified_by_automation"
"toan-n3-201707-full","toan_q_2017_07_56","56","3","embedded","","","false","false","false","true","true","true","false","3","not_certified_by_automation"
"toan-n3-201707-full","toan_q_2017_07_57","57","4","embedded","","","false","false","false","true","true","true","false","4","not_certified_by_automation"
"toan-n3-201707-full","toan_q_2017_07_58","58","3","embedded","","","false","false","false","true","false","true","false","3","not_certified_by_automation"
"toan-n3-201707-full","toan_q_2017_07_59","59","2","curated","","","false","false","false","false","false","true","false","2","not_certified_by_automation"
"toan-n3-201707-full","toan_q_2017_07_60","60","4","curated","","","false","false","false","false","false","false","false","4","not_certified_by_automation"
"toan-n3-201707-full","toan_q_2017_07_61","61","2","curated","","","false","false","false","false","false","false","false","2","not_certified_by_automation"
"toan-n3-201707-full","toan_q_2017_07_62","62","3","curated","","","false","false","false","false","false","false","false","3","not_certified_by_automation"
"toan-n3-201707-full","toan_q_2017_07_63","63","4","curated","","","false","false","false","false","true","false","false","4","not_certified_by_automation"
"toan-n3-201707-full","toan_q_2017_07_64","64","4","curated","","","false","false","false","false","true","false","false","4","not_certified_by_automation"
"toan-n3-201707-full","toan_q_2017_07_65","65","3","curated","","","false","false","false","false","false","false","false","3","not_certified_by_automation"
"toan-n3-201707-full","toan_q_2017_07_66","66","3","curated","","","false","false","false","false","false","false","false","3","not_certified_by_automation"
"toan-n3-201707-full","toan_q_2017_07_67","67","2","curated","","","false","false","false","false","false","false","false","2","not_certified_by_automation"
"toan-n3-201707-full","toan_q_2017_07_68","68","2","curated","","","false","false","false","false","false","false","false","2","not_certified_by_automation"
"toan-n3-201707-full","toan_q_2017_07_69","69","1","curated","","","false","false","false","false","false","false","false","1","not_certified_by_automation"
"toan-n3-201707-full","toan_q_2017_07_70","70","4","curated","","","false","false","false","false","false","false","false","4","not_certified_by_automation"
"toan-n3-201707-full","toan_q_2017_07_71","71","3","curated","","","false","false","false","false","false","false","false","3","not_certified_by_automation"
"toan-n3-201707-full","toan_q_2017_07_72","72","1","curated","","","false","false","false","false","false","false","false","1","not_certified_by_automation"
"toan-n3-201707-full","toan_q_2017_07_73","73","3","curated","","","false","false","false","false","false","false","false","3","not_certified_by_automation"
"toan-n3-201707-full","toan_q_2017_07_74","74","1","curated","","","false","false","false","false","true","false","false","1","not_certified_by_automation"
"toan-n3-201707-full","toan_q_2017_07_75","75","2","curated","","","false","true","false","true","false","false","false","2","not_certified_by_automation"
"toan-n3-201707-full","toan_q_2017_07_76","76","3","curated","","","true","true","false","true","false","false","false","3","not_certified_by_automation"
"toan-n3-201707-full","toan_q_2017_07_77","77","2","curated","","","false","true","false","true","false","false","false","2","not_certified_by_automation"
"toan-n3-201707-full","toan_q_2017_07_78","78","3","curated","","","false","true","false","true","false","false","false","3","not_certified_by_automation"
"toan-n3-201707-full","toan_q_2017_07_79","79","4","curated","","","false","true","false","true","true","false","false","4","not_certified_by_automation"
"toan-n3-201707-full","toan_q_2017_07_80","80","2","curated","","","false","true","false","true","false","false","false","2","not_certified_by_automation"
"toan-n3-201707-full","toan_q_2017_07_81","81","2","curated","","","false","true","false","true","false","false","false","2","not_certified_by_automation"
"toan-n3-201707-full","toan_q_2017_07_82","82","4","curated","","","false","true","false","true","true","false","false","4","not_certified_by_automation"
"toan-n3-201707-full","toan_q_2017_07_83","83","2","curated","","","false","true","false","true","false","false","false","2","not_certified_by_automation"
"toan-n3-201707-full","toan_q_2017_07_84","84","1","curated","","","false","true","false","true","false","false","false","1","not_certified_by_automation"
"toan-n3-201707-full","toan_q_2017_07_85","85","3","curated","","","false","true","false","true","false","false","false","3","not_certified_by_automation"
"toan-n3-201707-full","toan_q_2017_07_86","86","4","curated","","","false","true","false","true","true","false","false","4","not_certified_by_automation"
"toan-n3-201707-full","toan_q_2017_07_87","87","4","curated","","","false","true","false","true","true","false","false","4","not_certified_by_automation"
"toan-n3-201707-full","toan_q_2017_07_88","88","2","curated","","","false","true","false","true","false","false","false","2","not_certified_by_automation"
"toan-n3-201707-full","toan_q_2017_07_89","89","3","curated","","","false","true","false","true","false","false","false","3","not_certified_by_automation"
"toan-n3-201707-full","toan_q_2017_07_90","90","1","curated","","","true","true","false","false","false","false","false","1","not_certified_by_automation"
"toan-n3-201707-full","toan_q_2017_07_91","91","2","curated","","","true","true","false","false","false","false","false","2","not_certified_by_automation"
"toan-n3-201707-full","toan_q_2017_07_92","92","2","curated","","","true","true","false","false","true","false","false","2","not_certified_by_automation"
"toan-n3-201707-full","toan_q_2017_07_93","93","1","curated","","","true","true","false","false","false","false","false","1","not_certified_by_automation"
"toan-n3-201707-full","toan_q_2017_07_94","94","3","curated","","","false","true","false","false","false","false","false","3","not_certified_by_automation"
"toan-n3-201707-full","toan_q_2017_07_95","95","2","curated","","","false","true","false","false","false","false","false","2","not_certified_by_automation"
"toan-n3-201707-full","toan_q_2017_07_96","96","2","curated","","","false","true","false","false","false","false","false","2","not_certified_by_automation"
"toan-n3-201707-full","toan_q_2017_07_97","97","3","curated","","","false","true","false","true","false","false","false","3","not_certified_by_automation"
"toan-n3-201707-full","toan_q_2017_07_98","98","2","curated","","","false","true","false","false","false","false","false","2","not_certified_by_automation"
"toan-n3-201707-full","toan_q_2017_07_99","99","3","curated","","","false","true","false","false","false","false","false","3","not_certified_by_automation"
"toan-n3-201707-full","toan_q_2017_07_100","100","1","curated","","","false","true","false","true","false","false","false","1","not_certified_by_automation"
"toan-n3-201707-full","toan_q_2017_07_101","101","1","curated","","","false","true","false","false","false","false","false","1","not_certified_by_automation"
"toan-n3-201707-full","toan_q_2017_07_102","102","3","curated","","","false","true","false","true","false","false","false","3","not_certified_by_automation"
"toan-n3-201612-full","toan_q_2016_12_1","1","4","embedded","","","false","false","false","true","true","true","false","4","not_certified_by_automation"
"toan-n3-201612-full","toan_q_2016_12_2","2","2","embedded","","","false","false","false","true","false","false","false","2","not_certified_by_automation"
"toan-n3-201612-full","toan_q_2016_12_3","3","1","embedded","","","false","false","false","true","true","false","false","1","not_certified_by_automation"
"toan-n3-201612-full","toan_q_2016_12_4","4","3","embedded","","","false","false","false","true","false","false","false","3","not_certified_by_automation"
"toan-n3-201612-full","toan_q_2016_12_5","5","2","embedded","","","false","false","false","true","true","false","false","2","not_certified_by_automation"
"toan-n3-201612-full","toan_q_2016_12_6","6","4","embedded","","","false","false","false","true","false","false","false","4","not_certified_by_automation"
"toan-n3-201612-full","toan_q_2016_12_7","7","3","embedded","","","false","false","false","true","true","true","false","3","not_certified_by_automation"
"toan-n3-201612-full","toan_q_2016_12_8","8","1","embedded","","","false","false","false","true","true","false","false","1","not_certified_by_automation"
"toan-n3-201612-full","toan_q_2016_12_9","9","4","embedded","","","false","false","false","true","false","false","false","4","not_certified_by_automation"
"toan-n3-201612-full","toan_q_2016_12_10","10","3","embedded","","","false","false","false","true","false","false","false","3","not_certified_by_automation"
"toan-n3-201612-full","toan_q_2016_12_11","11","3","embedded","","","false","false","false","true","false","true","false","3","not_certified_by_automation"
"toan-n3-201612-full","toan_q_2016_12_12","12","2","embedded","","","false","false","false","true","false","false","false","2","not_certified_by_automation"
"toan-n3-201612-full","toan_q_2016_12_13","13","1","embedded","","","false","false","false","true","false","false","false","1","not_certified_by_automation"
"toan-n3-201612-full","toan_q_2016_12_14","14","4","embedded","","","false","false","false","true","false","false","true","3","not_certified_by_automation"
"toan-n3-201612-full","toan_q_2016_12_15","15","2","embedded","","","false","false","false","true","true","true","false","2","not_certified_by_automation"
"toan-n3-201612-full","toan_q_2016_12_16","16","4","embedded","","","false","false","false","true","false","true","false","4","not_certified_by_automation"
"toan-n3-201612-full","toan_q_2016_12_17","17","1","embedded","","","false","false","false","true","true","false","false","1","not_certified_by_automation"
"toan-n3-201612-full","toan_q_2016_12_18","18","3","embedded","","","false","false","false","true","false","false","false","3","not_certified_by_automation"
"toan-n3-201612-full","toan_q_2016_12_19","19","1","embedded","","","false","false","false","true","false","false","false","1","not_certified_by_automation"
"toan-n3-201612-full","toan_q_2016_12_20","20","3","embedded","","","false","false","false","true","true","true","false","3","not_certified_by_automation"
"toan-n3-201612-full","toan_q_2016_12_21","21","2","embedded","","","false","false","false","true","true","false","false","2","not_certified_by_automation"
"toan-n3-201612-full","toan_q_2016_12_22","22","4","embedded","","","false","false","false","true","true","false","false","4","not_certified_by_automation"
"toan-n3-201612-full","toan_q_2016_12_23","23","4","embedded","","","false","false","false","true","false","true","false","4","not_certified_by_automation"
"toan-n3-201612-full","toan_q_2016_12_24","24","1","embedded","","","false","false","false","true","false","false","false","1","not_certified_by_automation"
"toan-n3-201612-full","toan_q_2016_12_25","25","2","embedded","","","false","false","false","true","false","false","false","2","not_certified_by_automation"
"toan-n3-201612-full","toan_q_2016_12_26","26","4","embedded","","","false","false","false","true","false","false","false","4","not_certified_by_automation"
"toan-n3-201612-full","toan_q_2016_12_27","27","1","embedded","","","false","false","false","true","false","false","false","1","not_certified_by_automation"
"toan-n3-201612-full","toan_q_2016_12_28","28","3","embedded","","","false","false","false","true","false","false","false","3","not_certified_by_automation"
"toan-n3-201612-full","toan_q_2016_12_29","29","1","embedded","","","false","false","false","true","false","true","false","1","not_certified_by_automation"
"toan-n3-201612-full","toan_q_2016_12_30","30","2","embedded","","","false","false","false","true","true","false","false","2","not_certified_by_automation"
"toan-n3-201612-full","toan_q_2016_12_31","31","3","embedded","","","false","false","false","false","false","true","false","3","not_certified_by_automation"
"toan-n3-201612-full","toan_q_2016_12_32","32","2","embedded","","","false","false","false","false","false","true","false","2","not_certified_by_automation"
"toan-n3-201612-full","toan_q_2016_12_33","33","2","embedded","","","false","false","false","false","false","true","false","2","not_certified_by_automation"
"toan-n3-201612-full","toan_q_2016_12_34","34","1","embedded","","","false","false","false","false","false","true","false","1","not_certified_by_automation"
"toan-n3-201612-full","toan_q_2016_12_35","35","3","embedded","","","false","false","false","false","false","true","false","3","not_certified_by_automation"
"toan-n3-201612-full","toan_q_2016_12_36","36","2","embedded","","","false","false","false","true","true","true","false","2","not_certified_by_automation"
"toan-n3-201612-full","toan_q_2016_12_37","37","4","embedded","","","false","false","false","true","true","true","false","4","not_certified_by_automation"
"toan-n3-201612-full","toan_q_2016_12_38","38","3","embedded","","","false","false","false","true","false","true","false","3","not_certified_by_automation"
"toan-n3-201612-full","toan_q_2016_12_39","39","1","embedded","","","false","false","false","true","false","true","false","1","not_certified_by_automation"
"toan-n3-201612-full","toan_q_2016_12_40","40","4","embedded","","","false","false","false","true","true","true","false","4","not_certified_by_automation"
"toan-n3-201612-full","toan_q_2016_12_41","41","2","embedded","","","false","false","false","true","true","true","false","2","not_certified_by_automation"
"toan-n3-201612-full","toan_q_2016_12_42","42","3","embedded","","","false","false","false","true","false","true","false","3","not_certified_by_automation"
"toan-n3-201612-full","toan_q_2016_12_43","43","2","embedded","","","false","false","false","true","true","true","false","2","not_certified_by_automation"
"toan-n3-201612-full","toan_q_2016_12_44","44","3","embedded","","","false","false","false","true","false","true","false","3","not_certified_by_automation"
"toan-n3-201612-full","toan_q_2016_12_45","45","1","embedded","","","false","false","false","true","false","true","false","1","not_certified_by_automation"
"toan-n3-201612-full","toan_q_2016_12_46","46","2","embedded","","","false","false","false","true","true","true","false","2","not_certified_by_automation"
"toan-n3-201612-full","toan_q_2016_12_47","47","4","embedded","","","false","false","false","true","true","true","false","4","not_certified_by_automation"
"toan-n3-201612-full","toan_q_2016_12_48","48","1","embedded","","","false","false","false","true","true","true","false","1","not_certified_by_automation"
"toan-n3-201612-full","toan_q_2016_12_49","49","2","embedded","","","false","false","false","true","false","true","false","2","not_certified_by_automation"
"toan-n3-201612-full","toan_q_2016_12_50","50","4","embedded","","","false","false","false","true","false","true","false","4","not_certified_by_automation"
"toan-n3-201612-full","toan_q_2016_12_51","51","2","embedded","","","false","false","false","true","false","true","false","2","not_certified_by_automation"
"toan-n3-201612-full","toan_q_2016_12_52","52","1","embedded","","","false","false","false","true","true","true","false","1","not_certified_by_automation"
"toan-n3-201612-full","toan_q_2016_12_53","53","3","embedded","","","false","false","false","true","false","true","false","3","not_certified_by_automation"
"toan-n3-201612-full","toan_q_2016_12_54","54","3","embedded","","","false","false","false","true","false","true","false","3","not_certified_by_automation"
"toan-n3-201612-full","toan_q_2016_12_55","55","4","embedded","","","false","false","false","true","true","true","false","4","not_certified_by_automation"
"toan-n3-201612-full","toan_q_2016_12_56","56","1","embedded","","","false","false","false","true","false","true","false","1","not_certified_by_automation"
"toan-n3-201612-full","toan_q_2016_12_57","57","3","embedded","","","false","false","false","true","false","true","false","3","not_certified_by_automation"
"toan-n3-201612-full","toan_q_2016_12_58","58","2","embedded","","","false","false","false","true","true","true","false","2","not_certified_by_automation"
"toan-n3-201612-full","toan_q_2016_12_59","59","3","curated","","","false","false","false","false","false","false","false","3","not_certified_by_automation"
"toan-n3-201612-full","toan_q_2016_12_60","60","2","curated","","","false","false","false","false","false","false","false","2","not_certified_by_automation"
"toan-n3-201612-full","toan_q_2016_12_61","61","4","curated","","","false","false","false","false","false","false","false","4","not_certified_by_automation"
"toan-n3-201612-full","toan_q_2016_12_62","62","1","curated","","","false","false","false","false","true","false","false","1","not_certified_by_automation"
"toan-n3-201612-full","toan_q_2016_12_63","63","2","curated","","","false","false","false","false","false","false","false","2","not_certified_by_automation"
"toan-n3-201612-full","toan_q_2016_12_64","64","3","curated","","","false","false","false","false","false","false","false","3","not_certified_by_automation"
"toan-n3-201612-full","toan_q_2016_12_65","65","4","curated","","","false","false","false","false","true","false","false","4","not_certified_by_automation"
"toan-n3-201612-full","toan_q_2016_12_66","66","3","curated","","","false","false","false","false","false","false","false","3","not_certified_by_automation"
"toan-n3-201612-full","toan_q_2016_12_67","67","4","curated","","","false","false","false","false","false","false","false","4","not_certified_by_automation"
"toan-n3-201612-full","toan_q_2016_12_68","68","1","curated","","","false","false","false","false","false","false","false","1","not_certified_by_automation"
"toan-n3-201612-full","toan_q_2016_12_69","69","4","curated","","","false","false","false","false","false","false","false","4","not_certified_by_automation"
"toan-n3-201612-full","toan_q_2016_12_70","70","4","curated","","","false","false","false","false","false","false","false","4","not_certified_by_automation"
"toan-n3-201612-full","toan_q_2016_12_71","71","1","curated","","","false","false","false","false","false","false","false","1","not_certified_by_automation"
"toan-n3-201612-full","toan_q_2016_12_72","72","3","curated","","","false","false","false","true","true","false","false","3","not_certified_by_automation"
"toan-n3-201612-full","toan_q_2016_12_73","73","2","curated","","","false","false","false","false","false","false","false","2","not_certified_by_automation"
"toan-n3-201612-full","toan_q_2016_12_74","74","2","curated","","","false","false","false","false","false","false","false","2","not_certified_by_automation"
"toan-n3-201612-full","toan_q_2016_12_75","75","2","curated","","","true","true","false","true","false","false","false","2","not_certified_by_automation"
"toan-n3-201612-full","toan_q_2016_12_76","76","3","curated","","","false","true","false","true","false","false","false","3","not_certified_by_automation"
"toan-n3-201612-full","toan_q_2016_12_77","77","1","curated","","","false","true","false","true","false","false","false","1","not_certified_by_automation"
"toan-n3-201612-full","toan_q_2016_12_78","78","2","curated","","","false","true","false","true","false","false","false","2","not_certified_by_automation"
"toan-n3-201612-full","toan_q_2016_12_79","79","1","curated","","","false","true","false","true","false","true","false","1","not_certified_by_automation"
"toan-n3-201612-full","toan_q_2016_12_80","80","2","curated","","","false","true","false","true","false","false","false","2","not_certified_by_automation"
"toan-n3-201612-full","toan_q_2016_12_81","81","2","curated","","","false","true","false","true","false","true","false","2","not_certified_by_automation"
"toan-n3-201612-full","toan_q_2016_12_82","82","4","curated","","","false","true","false","true","false","true","false","4","not_certified_by_automation"
"toan-n3-201612-full","toan_q_2016_12_83","83","1","curated","","","false","true","false","true","false","false","false","1","not_certified_by_automation"
"toan-n3-201612-full","toan_q_2016_12_84","84","1","curated","","","false","true","false","true","true","false","false","1","not_certified_by_automation"
"toan-n3-201612-full","toan_q_2016_12_85","85","3","curated","","","false","true","false","true","false","false","false","3","not_certified_by_automation"
"toan-n3-201612-full","toan_q_2016_12_86","86","4","curated","","","false","true","false","true","false","false","false","4","not_certified_by_automation"
"toan-n3-201612-full","toan_q_2016_12_87","87","3","curated","","","false","true","false","true","false","false","false","3","not_certified_by_automation"
"toan-n3-201612-full","toan_q_2016_12_88","88","4","curated","","","false","true","false","true","false","false","false","4","not_certified_by_automation"
"toan-n3-201612-full","toan_q_2016_12_89","89","2","curated","","","false","true","false","true","false","false","false","2","not_certified_by_automation"
"toan-n3-201612-full","toan_q_2016_12_90","90","1","curated","","","true","true","false","false","false","false","false","1","not_certified_by_automation"
"toan-n3-201612-full","toan_q_2016_12_91","91","2","curated","","","true","true","false","false","false","false","false","2","not_certified_by_automation"
"toan-n3-201612-full","toan_q_2016_12_92","92","3","curated","","","true","true","false","false","false","false","false","3","not_certified_by_automation"
"toan-n3-201612-full","toan_q_2016_12_93","93","3","curated","","","true","true","false","false","false","false","false","3","not_certified_by_automation"
"toan-n3-201612-full","toan_q_2016_12_94","94","1","curated","","","false","true","false","false","false","false","false","1","not_certified_by_automation"
"toan-n3-201612-full","toan_q_2016_12_95","95","3","curated","","","false","true","false","false","false","false","false","3","not_certified_by_automation"
"toan-n3-201612-full","toan_q_2016_12_96","96","2","curated","","","false","true","false","true","false","false","false","2","not_certified_by_automation"
"toan-n3-201612-full","toan_q_2016_12_97","97","1","curated","","","false","true","false","false","false","false","false","1","not_certified_by_automation"
"toan-n3-201612-full","toan_q_2016_12_98","98","1","curated","","","false","true","false","false","false","false","false","1","not_certified_by_automation"
"toan-n3-201612-full","toan_q_2016_12_99","99","3","curated","","","false","true","false","true","false","false","false","3","not_certified_by_automation"
"toan-n3-201612-full","toan_q_2016_12_100","100","2","curated","","","false","true","false","false","false","false","false","2","not_certified_by_automation"
"toan-n3-201612-full","toan_q_2016_12_101","101","1","curated","","","false","true","false","true","false","false","false","1","not_certified_by_automation"
"toan-n3-201612-full","toan_q_2016_12_102","102","2","curated","","","false","true","false","true","false","false","false","2","not_certified_by_automation"
"toan-n3-201607-full","toan_q_2016_07_1","1","3","embedded","","","false","false","false","true","true","false","false","3","not_certified_by_automation"
"toan-n3-201607-full","toan_q_2016_07_2","2","2","embedded","","","false","false","false","true","true","false","false","2","not_certified_by_automation"
"toan-n3-201607-full","toan_q_2016_07_3","3","4","embedded","","","false","false","false","true","true","false","false","4","not_certified_by_automation"
"toan-n3-201607-full","toan_q_2016_07_4","4","4","embedded","","","false","false","false","true","true","false","false","4","not_certified_by_automation"
"toan-n3-201607-full","toan_q_2016_07_5","5","3","embedded","","","false","false","false","true","true","false","false","3","not_certified_by_automation"
"toan-n3-201607-full","toan_q_2016_07_6","6","1","embedded","","","false","false","false","true","true","false","false","1","not_certified_by_automation"
"toan-n3-201607-full","toan_q_2016_07_7","7","2","embedded","","","false","false","false","true","true","false","false","2","not_certified_by_automation"
"toan-n3-201607-full","toan_q_2016_07_8","8","1","embedded","","","false","false","false","true","true","false","false","1","not_certified_by_automation"
"toan-n3-201607-full","toan_q_2016_07_9","9","3","embedded","","","false","false","false","true","false","false","false","3","not_certified_by_automation"
"toan-n3-201607-full","toan_q_2016_07_10","10","2","embedded","","","false","false","false","true","false","false","false","2","not_certified_by_automation"
"toan-n3-201607-full","toan_q_2016_07_11","11","4","embedded","","","false","false","false","true","false","false","false","4","not_certified_by_automation"
"toan-n3-201607-full","toan_q_2016_07_12","12","1","embedded","","","false","false","false","false","false","false","false","1","not_certified_by_automation"
"toan-n3-201607-full","toan_q_2016_07_13","13","3","embedded","","","false","false","false","true","false","false","false","3","not_certified_by_automation"
"toan-n3-201607-full","toan_q_2016_07_14","14","2","embedded","","","false","false","false","true","false","false","false","2","not_certified_by_automation"
"toan-n3-201607-full","toan_q_2016_07_15","15","3","embedded","","","false","false","false","false","false","false","false","3","not_certified_by_automation"
"toan-n3-201607-full","toan_q_2016_07_16","16","4","embedded","","","false","false","false","true","false","false","false","4","not_certified_by_automation"
"toan-n3-201607-full","toan_q_2016_07_17","17","2","embedded","","","false","false","false","true","false","false","false","2","not_certified_by_automation"
"toan-n3-201607-full","toan_q_2016_07_18","18","1","embedded","","","false","false","false","false","false","false","false","1","not_certified_by_automation"
"toan-n3-201607-full","toan_q_2016_07_19","19","2","embedded","","","false","false","false","true","false","false","false","2","not_certified_by_automation"
"toan-n3-201607-full","toan_q_2016_07_20","20","4","embedded","","","false","false","false","true","false","false","false","4","not_certified_by_automation"
"toan-n3-201607-full","toan_q_2016_07_21","21","1","embedded","","","false","false","false","true","false","false","false","1","not_certified_by_automation"
"toan-n3-201607-full","toan_q_2016_07_22","22","4","embedded","","","false","false","false","true","false","false","false","4","not_certified_by_automation"
"toan-n3-201607-full","toan_q_2016_07_23","23","3","embedded","","","false","false","false","false","false","false","false","3","not_certified_by_automation"
"toan-n3-201607-full","toan_q_2016_07_24","24","2","embedded","","","false","false","false","true","false","false","false","2","not_certified_by_automation"
"toan-n3-201607-full","toan_q_2016_07_25","25","4","embedded","","","false","false","false","true","false","false","false","4","not_certified_by_automation"
"toan-n3-201607-full","toan_q_2016_07_26","26","4","embedded","","","false","false","false","false","false","false","false","4","not_certified_by_automation"
"toan-n3-201607-full","toan_q_2016_07_27","27","1","embedded","","","false","false","false","true","false","false","false","1","not_certified_by_automation"
"toan-n3-201607-full","toan_q_2016_07_28","28","3","embedded","","","false","false","false","true","false","false","false","3","not_certified_by_automation"
"toan-n3-201607-full","toan_q_2016_07_29","29","2","embedded","","","false","false","false","false","false","false","false","2","not_certified_by_automation"
"toan-n3-201607-full","toan_q_2016_07_30","30","1","embedded","","","false","false","false","true","false","false","false","1","not_certified_by_automation"
"toan-n3-201607-full","toan_q_2016_07_31","31","3","embedded","","","false","false","false","false","false","true","false","3","not_certified_by_automation"
"toan-n3-201607-full","toan_q_2016_07_32","32","1","embedded","","","false","false","false","false","false","true","false","1","not_certified_by_automation"
"toan-n3-201607-full","toan_q_2016_07_33","33","4","embedded","","","false","false","false","false","false","true","false","4","not_certified_by_automation"
"toan-n3-201607-full","toan_q_2016_07_34","34","1","embedded","","","false","false","false","false","false","true","false","1","not_certified_by_automation"
"toan-n3-201607-full","toan_q_2016_07_35","35","2","embedded","","","false","false","false","false","false","true","false","2","not_certified_by_automation"
"toan-n3-201607-full","toan_q_2016_07_36","36","3","embedded","","","false","false","false","true","false","true","false","3","not_certified_by_automation"
"toan-n3-201607-full","toan_q_2016_07_37","37","3","embedded","","","false","false","false","true","true","true","false","3","not_certified_by_automation"
"toan-n3-201607-full","toan_q_2016_07_38","38","1","embedded","","","false","false","false","true","true","true","false","1","not_certified_by_automation"
"toan-n3-201607-full","toan_q_2016_07_39","39","2","embedded","","","false","false","false","true","false","true","false","2","not_certified_by_automation"
"toan-n3-201607-full","toan_q_2016_07_40","40","2","embedded","","","false","false","false","true","false","true","false","2","not_certified_by_automation"
"toan-n3-201607-full","toan_q_2016_07_41","41","4","embedded","","","false","false","false","true","true","true","false","4","not_certified_by_automation"
"toan-n3-201607-full","toan_q_2016_07_42","42","2","embedded","","","false","false","false","true","true","true","false","2","not_certified_by_automation"
"toan-n3-201607-full","toan_q_2016_07_43","43","4","embedded","","","false","false","false","true","true","true","false","4","not_certified_by_automation"
"toan-n3-201607-full","toan_q_2016_07_44","44","1","embedded","","","false","false","false","true","false","true","false","1","not_certified_by_automation"
"toan-n3-201607-full","toan_q_2016_07_45","45","4","embedded","","","false","false","false","true","false","true","false","4","not_certified_by_automation"
"toan-n3-201607-full","toan_q_2016_07_46","46","3","embedded","","","false","false","false","true","true","true","false","3","not_certified_by_automation"
"toan-n3-201607-full","toan_q_2016_07_47","47","1","embedded","","","false","false","false","true","true","true","false","1","not_certified_by_automation"
"toan-n3-201607-full","toan_q_2016_07_48","48","4","embedded","","","false","false","false","true","true","true","false","4","not_certified_by_automation"
"toan-n3-201607-full","toan_q_2016_07_49","49","1","embedded","","","false","false","false","true","false","true","false","1","not_certified_by_automation"
"toan-n3-201607-full","toan_q_2016_07_50","50","3","embedded","","","false","false","false","true","false","true","false","3","not_certified_by_automation"
"toan-n3-201607-full","toan_q_2016_07_51","51","4","embedded","","","false","false","false","true","false","true","false","4","not_certified_by_automation"
"toan-n3-201607-full","toan_q_2016_07_52","52","1","embedded","","","false","false","false","true","false","true","false","1","not_certified_by_automation"
"toan-n3-201607-full","toan_q_2016_07_53","53","2","embedded","","","false","false","false","true","false","true","false","2","not_certified_by_automation"
"toan-n3-201607-full","toan_q_2016_07_54","54","1","embedded","","","false","false","false","true","false","true","false","1","not_certified_by_automation"
"toan-n3-201607-full","toan_q_2016_07_55","55","2","embedded","","","false","false","false","true","false","true","false","2","not_certified_by_automation"
"toan-n3-201607-full","toan_q_2016_07_56","56","1","embedded","","","false","false","false","true","true","true","false","1","not_certified_by_automation"
"toan-n3-201607-full","toan_q_2016_07_57","57","4","embedded","","","false","false","false","true","true","true","false","4","not_certified_by_automation"
"toan-n3-201607-full","toan_q_2016_07_58","58","3","embedded","","","false","false","false","true","false","true","false","3","not_certified_by_automation"
"toan-n3-201607-full","toan_q_2016_07_59","59","3","curated","","","false","false","false","false","false","false","false","3","not_certified_by_automation"
"toan-n3-201607-full","toan_q_2016_07_60","60","2","curated","","","false","false","false","false","false","false","false","2","not_certified_by_automation"
"toan-n3-201607-full","toan_q_2016_07_61","61","4","curated","","","false","false","false","false","false","false","false","4","not_certified_by_automation"
"toan-n3-201607-full","toan_q_2016_07_62","62","4","curated","","","false","false","false","false","false","false","false","4","not_certified_by_automation"
"toan-n3-201607-full","toan_q_2016_07_63","63","3","curated","","","false","false","false","false","false","false","false","3","not_certified_by_automation"
"toan-n3-201607-full","toan_q_2016_07_64","64","4","curated","","","false","false","false","false","false","false","false","4","not_certified_by_automation"
"toan-n3-201607-full","toan_q_2016_07_65","65","2","curated","","","false","false","false","false","false","false","false","2","not_certified_by_automation"
"toan-n3-201607-full","toan_q_2016_07_66","66","2","curated","","","false","false","false","false","false","false","false","2","not_certified_by_automation"
"toan-n3-201607-full","toan_q_2016_07_67","67","4","curated","","","false","false","false","false","false","false","false","4","not_certified_by_automation"
"toan-n3-201607-full","toan_q_2016_07_68","68","3","curated","","","false","false","false","false","false","false","false","3","not_certified_by_automation"
"toan-n3-201607-full","toan_q_2016_07_69","69","1","curated","","","false","false","false","false","false","false","false","1","not_certified_by_automation"
"toan-n3-201607-full","toan_q_2016_07_70","70","1","curated","","","false","false","false","false","false","false","false","1","not_certified_by_automation"
"toan-n3-201607-full","toan_q_2016_07_71","71","3","curated","","","false","false","false","false","false","false","false","3","not_certified_by_automation"
"toan-n3-201607-full","toan_q_2016_07_72","72","1","curated","","","false","false","false","false","false","false","false","1","not_certified_by_automation"
"toan-n3-201607-full","toan_q_2016_07_73","73","1","curated","","","false","false","false","false","false","false","false","1","not_certified_by_automation"
"toan-n3-201607-full","toan_q_2016_07_74","74","2","curated","","","false","false","false","false","false","false","false","2","not_certified_by_automation"
"toan-n3-201607-full","toan_q_2016_07_75","75","3","curated","","","false","true","false","true","true","true","false","3","not_certified_by_automation"
"toan-n3-201607-full","toan_q_2016_07_76","76","1","curated","","","false","true","false","true","false","true","false","1","not_certified_by_automation"
"toan-n3-201607-full","toan_q_2016_07_77","77","3","curated","","","false","true","false","true","false","false","false","3","not_certified_by_automation"
"toan-n3-201607-full","toan_q_2016_07_78","78","2","curated","","","false","true","false","true","false","false","false","2","not_certified_by_automation"
"toan-n3-201607-full","toan_q_2016_07_79","79","3","curated","","","false","true","false","true","false","false","false","3","not_certified_by_automation"
"toan-n3-201607-full","toan_q_2016_07_80","80","1","curated","","","false","true","false","true","false","true","false","1","not_certified_by_automation"
"toan-n3-201607-full","toan_q_2016_07_81","81","2","curated","","","false","true","false","true","true","false","false","2","not_certified_by_automation"
"toan-n3-201607-full","toan_q_2016_07_82","82","3","curated","","","false","true","false","true","false","true","false","3","not_certified_by_automation"
"toan-n3-201607-full","toan_q_2016_07_83","83","4","curated","","","false","true","false","true","false","false","false","4","not_certified_by_automation"
"toan-n3-201607-full","toan_q_2016_07_84","84","2","curated","","","false","true","false","true","false","false","false","2","not_certified_by_automation"
"toan-n3-201607-full","toan_q_2016_07_85","85","3","curated","","","false","true","false","true","false","true","false","3","not_certified_by_automation"
"toan-n3-201607-full","toan_q_2016_07_86","86","3","curated","","","false","true","false","true","true","false","false","3","not_certified_by_automation"
"toan-n3-201607-full","toan_q_2016_07_87","87","2","curated","","","false","true","false","true","false","false","false","2","not_certified_by_automation"
"toan-n3-201607-full","toan_q_2016_07_88","88","4","curated","","","false","true","false","true","false","false","false","4","not_certified_by_automation"
"toan-n3-201607-full","toan_q_2016_07_89","89","4","curated","","","false","true","false","true","false","false","false","4","not_certified_by_automation"
"toan-n3-201607-full","toan_q_2016_07_90","90","1","curated","","","true","true","false","false","false","false","false","1","not_certified_by_automation"
"toan-n3-201607-full","toan_q_2016_07_91","91","1","curated","","","true","true","false","false","false","false","false","1","not_certified_by_automation"
"toan-n3-201607-full","toan_q_2016_07_92","92","3","curated","","","true","true","false","true","false","false","false","3","not_certified_by_automation"
"toan-n3-201607-full","toan_q_2016_07_93","93","2","curated","","","true","true","false","false","false","false","false","2","not_certified_by_automation"
"toan-n3-201607-full","toan_q_2016_07_94","94","2","curated","","","false","true","false","false","false","false","false","2","not_certified_by_automation"
"toan-n3-201607-full","toan_q_2016_07_95","95","3","curated","","","false","true","false","false","false","false","false","3","not_certified_by_automation"
"toan-n3-201607-full","toan_q_2016_07_96","96","1","curated","","","false","true","false","false","false","false","false","1","not_certified_by_automation"
"toan-n3-201607-full","toan_q_2016_07_97","97","2","curated","","","false","true","false","false","false","false","false","2","not_certified_by_automation"
"toan-n3-201607-full","toan_q_2016_07_98","98","2","curated","","","false","true","false","false","true","false","false","2","not_certified_by_automation"
"toan-n3-201607-full","toan_q_2016_07_99","99","3","curated","","","false","true","false","false","false","false","false","3","not_certified_by_automation"
"toan-n3-201607-full","toan_q_2016_07_100","100","1","curated","","","false","true","false","false","false","false","false","1","not_certified_by_automation"
"toan-n3-201607-full","toan_q_2016_07_101","101","2","curated","","","false","true","false","false","false","false","false","2","not_certified_by_automation"
"toan-n3-201607-full","toan_q_2016_07_102","102","3","curated","","","false","true","false","false","false","false","false","3","not_certified_by_automation"
"toan-n3-201512-full","toan_q_2015_12_1","1","4","embedded","","","false","false","false","true","true","false","false","4","not_certified_by_automation"
"toan-n3-201512-full","toan_q_2015_12_2","2","1","embedded","","","false","false","false","true","true","false","false","1","not_certified_by_automation"
"toan-n3-201512-full","toan_q_2015_12_3","3","2","embedded","","","false","false","false","true","true","false","false","2","not_certified_by_automation"
"toan-n3-201512-full","toan_q_2015_12_4","4","4","embedded","","","false","false","false","true","true","false","false","4","not_certified_by_automation"
"toan-n3-201512-full","toan_q_2015_12_5","5","3","embedded","","","false","false","false","true","true","false","false","3","not_certified_by_automation"
"toan-n3-201512-full","toan_q_2015_12_6","6","2","embedded","","","false","false","false","true","true","false","false","2","not_certified_by_automation"
"toan-n3-201512-full","toan_q_2015_12_7","7","4","embedded","","","false","false","false","true","true","false","false","4","not_certified_by_automation"
"toan-n3-201512-full","toan_q_2015_12_8","8","1","embedded","","","false","false","false","false","true","false","false","1","not_certified_by_automation"
"toan-n3-201512-full","toan_q_2015_12_9","9","2","embedded","","","false","false","false","true","false","false","false","2","not_certified_by_automation"
"toan-n3-201512-full","toan_q_2015_12_10","10","4","embedded","","","false","false","false","true","false","false","false","4","not_certified_by_automation"
"toan-n3-201512-full","toan_q_2015_12_11","11","1","embedded","","","false","false","false","true","false","false","false","1","not_certified_by_automation"
"toan-n3-201512-full","toan_q_2015_12_12","12","3","embedded","","","false","false","false","true","false","false","false","3","not_certified_by_automation"
"toan-n3-201512-full","toan_q_2015_12_13","13","2","embedded","","","false","false","false","true","false","false","false","2","not_certified_by_automation"
"toan-n3-201512-full","toan_q_2015_12_14","14","2","embedded","","","false","false","false","true","false","false","false","2","not_certified_by_automation"
"toan-n3-201512-full","toan_q_2015_12_15","15","4","embedded","","","false","false","false","true","false","false","false","4","not_certified_by_automation"
"toan-n3-201512-full","toan_q_2015_12_16","16","3","embedded","","","false","false","false","false","false","false","false","3","not_certified_by_automation"
"toan-n3-201512-full","toan_q_2015_12_17","17","3","embedded","","","false","false","false","true","false","false","false","3","not_certified_by_automation"
"toan-n3-201512-full","toan_q_2015_12_18","18","1","embedded","","","false","false","false","true","false","false","false","1","not_certified_by_automation"
"toan-n3-201512-full","toan_q_2015_12_19","19","4","embedded","","","false","false","false","true","false","false","false","4","not_certified_by_automation"
"toan-n3-201512-full","toan_q_2015_12_20","20","2","embedded","","","false","false","false","true","false","false","false","2","not_certified_by_automation"
"toan-n3-201512-full","toan_q_2015_12_21","21","1","embedded","","","false","false","false","true","false","false","false","1","not_certified_by_automation"
"toan-n3-201512-full","toan_q_2015_12_22","22","3","embedded","","","false","false","false","true","false","false","false","3","not_certified_by_automation"
"toan-n3-201512-full","toan_q_2015_12_23","23","2","embedded","","","false","false","false","true","false","false","false","2","not_certified_by_automation"
"toan-n3-201512-full","toan_q_2015_12_24","24","4","embedded","","","false","false","false","true","false","false","false","4","not_certified_by_automation"
"toan-n3-201512-full","toan_q_2015_12_25","25","3","embedded","","","false","false","false","true","false","false","false","3","not_certified_by_automation"
"toan-n3-201512-full","toan_q_2015_12_26","26","4","embedded","","","false","false","false","true","false","false","false","4","not_certified_by_automation"
"toan-n3-201512-full","toan_q_2015_12_27","27","2","embedded","","","false","false","false","true","false","false","false","2","not_certified_by_automation"
"toan-n3-201512-full","toan_q_2015_12_28","28","1","embedded","","","false","false","false","true","true","false","false","1","not_certified_by_automation"
"toan-n3-201512-full","toan_q_2015_12_29","29","3","embedded","","","false","false","false","true","false","false","false","3","not_certified_by_automation"
"toan-n3-201512-full","toan_q_2015_12_30","30","1","embedded","","","false","false","false","true","false","false","false","1","not_certified_by_automation"
"toan-n3-201512-full","toan_q_2015_12_31","31","3","embedded","","","false","false","false","false","false","true","false","3","not_certified_by_automation"
"toan-n3-201512-full","toan_q_2015_12_32","32","1","embedded","","","false","false","false","false","false","true","false","1","not_certified_by_automation"
"toan-n3-201512-full","toan_q_2015_12_33","33","4","embedded","","","false","false","false","false","false","true","false","4","not_certified_by_automation"
"toan-n3-201512-full","toan_q_2015_12_34","34","2","embedded","","","false","false","false","false","false","true","false","2","not_certified_by_automation"
"toan-n3-201512-full","toan_q_2015_12_35","35","2","embedded","","","false","false","false","false","false","true","false","2","not_certified_by_automation"
"toan-n3-201512-full","toan_q_2015_12_36","36","4","embedded","","","false","false","false","true","true","true","false","4","not_certified_by_automation"
"toan-n3-201512-full","toan_q_2015_12_37","37","2","embedded","","","false","false","false","true","false","true","false","2","not_certified_by_automation"
"toan-n3-201512-full","toan_q_2015_12_38","38","1","embedded","","","false","false","false","true","false","true","false","1","not_certified_by_automation"
"toan-n3-201512-full","toan_q_2015_12_39","39","3","embedded","","","false","false","false","true","true","true","false","3","not_certified_by_automation"
"toan-n3-201512-full","toan_q_2015_12_40","40","4","embedded","","","false","false","false","true","true","true","false","4","not_certified_by_automation"
"toan-n3-201512-full","toan_q_2015_12_41","41","1","embedded","","","false","false","false","true","true","true","false","1","not_certified_by_automation"
"toan-n3-201512-full","toan_q_2015_12_42","42","2","embedded","","","false","false","false","true","false","true","false","2","not_certified_by_automation"
"toan-n3-201512-full","toan_q_2015_12_43","43","2","embedded","","","false","false","false","true","true","true","false","2","not_certified_by_automation"
"toan-n3-201512-full","toan_q_2015_12_44","44","4","embedded","","","false","false","false","true","true","true","false","4","not_certified_by_automation"
"toan-n3-201512-full","toan_q_2015_12_45","45","1","embedded","","","false","false","false","true","true","true","false","1","not_certified_by_automation"
"toan-n3-201512-full","toan_q_2015_12_46","46","3","embedded","","","false","false","false","true","false","true","false","3","not_certified_by_automation"
"toan-n3-201512-full","toan_q_2015_12_47","47","2","embedded","","","false","false","false","true","false","true","false","2","not_certified_by_automation"
"toan-n3-201512-full","toan_q_2015_12_48","48","4","embedded","","","false","false","false","true","true","true","false","4","not_certified_by_automation"
"toan-n3-201512-full","toan_q_2015_12_49","49","2","embedded","","","false","false","false","true","false","false","true","1","not_certified_by_automation"
"toan-n3-201512-full","toan_q_2015_12_50","50","2","embedded","","","false","false","false","true","false","false","true","4","not_certified_by_automation"
"toan-n3-201512-full","toan_q_2015_12_51","51","3","embedded","","","false","false","false","true","false","false","false","3","not_certified_by_automation"
"toan-n3-201512-full","toan_q_2015_12_52","52","1","embedded","","","false","false","false","true","false","true","false","1","not_certified_by_automation"
"toan-n3-201512-full","toan_q_2015_12_53","53","4","embedded","","","false","false","false","true","false","false","false","4","not_certified_by_automation"
"toan-n3-201512-full","toan_q_2015_12_54","54","1","embedded","","","false","false","false","true","true","true","false","1","not_certified_by_automation"
"toan-n3-201512-full","toan_q_2015_12_55","55","4","embedded","","","false","false","false","true","false","true","false","4","not_certified_by_automation"
"toan-n3-201512-full","toan_q_2015_12_56","56","1","embedded","","","false","false","false","true","true","true","false","1","not_certified_by_automation"
"toan-n3-201512-full","toan_q_2015_12_57","57","2","embedded","","","false","false","false","true","false","true","false","2","not_certified_by_automation"
"toan-n3-201512-full","toan_q_2015_12_58","58","3","embedded","","","false","false","false","true","false","true","false","3","not_certified_by_automation"
"toan-n3-201512-full","toan_q_2015_12_59","59","2","curated","","","false","false","false","false","false","false","false","2","not_certified_by_automation"
"toan-n3-201512-full","toan_q_2015_12_60","60","3","curated","","","false","false","false","false","true","false","false","3","not_certified_by_automation"
"toan-n3-201512-full","toan_q_2015_12_61","61","3","curated","","","false","false","false","false","true","false","false","3","not_certified_by_automation"
"toan-n3-201512-full","toan_q_2015_12_62","62","2","curated","","","false","false","false","false","false","false","false","2","not_certified_by_automation"
"toan-n3-201512-full","toan_q_2015_12_63","63","3","curated","","","false","false","false","false","false","false","false","3","not_certified_by_automation"
"toan-n3-201512-full","toan_q_2015_12_64","64","2","curated","","","false","false","false","true","false","false","false","2","not_certified_by_automation"
"toan-n3-201512-full","toan_q_2015_12_65","65","1","curated","","","false","false","false","false","false","false","false","1","not_certified_by_automation"
"toan-n3-201512-full","toan_q_2015_12_66","66","4","curated","","","false","false","false","false","false","false","false","4","not_certified_by_automation"
"toan-n3-201512-full","toan_q_2015_12_67","67","4","curated","","","false","false","false","false","false","false","false","4","not_certified_by_automation"
"toan-n3-201512-full","toan_q_2015_12_68","68","2","curated","","","false","false","false","false","false","false","false","2","not_certified_by_automation"
"toan-n3-201512-full","toan_q_2015_12_69","69","2","curated","","","false","false","false","false","false","false","false","2","not_certified_by_automation"
"toan-n3-201512-full","toan_q_2015_12_70","70","3","curated","","","false","false","false","false","false","false","false","3","not_certified_by_automation"
"toan-n3-201512-full","toan_q_2015_12_71","71","1","curated","","","false","false","false","false","false","false","false","1","not_certified_by_automation"
"toan-n3-201512-full","toan_q_2015_12_72","72","1","curated","","","false","false","false","false","false","false","false","1","not_certified_by_automation"
"toan-n3-201512-full","toan_q_2015_12_73","73","1","curated","","","false","false","false","false","false","false","false","1","not_certified_by_automation"
"toan-n3-201512-full","toan_q_2015_12_74","74","4","curated","","","false","false","false","false","true","false","false","4","not_certified_by_automation"
"toan-n3-201512-full","toan_q_2015_12_75","75","4","curated","","","true","true","false","true","false","false","false","4","not_certified_by_automation"
"toan-n3-201512-full","toan_q_2015_12_76","76","3","curated","","","false","true","false","true","false","false","false","3","not_certified_by_automation"
"toan-n3-201512-full","toan_q_2015_12_77","77","2","curated","","","false","true","false","true","true","false","false","2","not_certified_by_automation"
"toan-n3-201512-full","toan_q_2015_12_78","78","3","curated","","","false","true","false","true","false","false","false","3","not_certified_by_automation"
"toan-n3-201512-full","toan_q_2015_12_79","79","3","curated","","","false","true","false","true","false","false","false","3","not_certified_by_automation"
"toan-n3-201512-full","toan_q_2015_12_80","80","1","curated","","","true","true","false","true","true","false","false","1","not_certified_by_automation"
"toan-n3-201512-full","toan_q_2015_12_81","81","2","curated","","","false","true","false","true","false","false","false","2","not_certified_by_automation"
"toan-n3-201512-full","toan_q_2015_12_82","82","4","curated","","","false","true","false","true","true","false","false","4","not_certified_by_automation"
"toan-n3-201512-full","toan_q_2015_12_83","83","3","curated","","","false","true","false","true","false","false","false","3","not_certified_by_automation"
"toan-n3-201512-full","toan_q_2015_12_84","84","2","curated","","","false","true","false","true","true","false","false","2","not_certified_by_automation"
"toan-n3-201512-full","toan_q_2015_12_85","85","3","curated","","","false","true","false","true","false","false","false","3","not_certified_by_automation"
"toan-n3-201512-full","toan_q_2015_12_86","86","1","curated","","","false","true","false","true","false","false","false","1","not_certified_by_automation"
"toan-n3-201512-full","toan_q_2015_12_87","87","2","curated","","","false","true","false","true","true","true","false","2","not_certified_by_automation"
"toan-n3-201512-full","toan_q_2015_12_88","88","3","curated","","","false","true","false","true","true","false","false","3","not_certified_by_automation"
"toan-n3-201512-full","toan_q_2015_12_89","89","3","curated","","","false","true","false","true","true","false","false","3","not_certified_by_automation"
"toan-n3-201512-full","toan_q_2015_12_90","90","2","curated","","","true","true","false","true","false","false","false","2","not_certified_by_automation"
"toan-n3-201512-full","toan_q_2015_12_91","91","3","curated","","","true","true","false","true","true","false","false","3","not_certified_by_automation"
"toan-n3-201512-full","toan_q_2015_12_92","92","1","curated","","","true","true","false","true","false","false","false","1","not_certified_by_automation"
"toan-n3-201512-full","toan_q_2015_12_93","93","1","curated","","","true","true","false","true","false","false","false","1","not_certified_by_automation"
"toan-n3-201512-full","toan_q_2015_12_94","94","3","curated","","","false","true","false","true","false","false","false","3","not_certified_by_automation"
"toan-n3-201512-full","toan_q_2015_12_95","95","1","curated","","","false","true","false","true","true","true","false","1","not_certified_by_automation"
"toan-n3-201512-full","toan_q_2015_12_96","96","1","curated","","","false","true","false","true","false","false","false","1","not_certified_by_automation"
"toan-n3-201512-full","toan_q_2015_12_97","97","3","curated","","","false","true","false","true","true","false","false","3","not_certified_by_automation"
"toan-n3-201512-full","toan_q_2015_12_98","98","2","curated","","","false","true","false","true","false","false","false","2","not_certified_by_automation"
"toan-n3-201512-full","toan_q_2015_12_99","99","1","curated","","","false","true","false","true","false","false","false","1","not_certified_by_automation"
"toan-n3-201512-full","toan_q_2015_12_100","100","2","curated","","","false","true","false","true","false","false","false","2","not_certified_by_automation"
"toan-n3-201512-full","toan_q_2015_12_101","101","3","curated","","","false","true","false","true","false","false","false","3","not_certified_by_automation"
"toan-n3-201512-full","toan_q_2015_12_102","102","2","curated","","","false","true","false","true","false","false","false","2","not_certified_by_automation"
"toan-n3-201507-full","toan_q_2015_07_1","1","1","embedded","","","false","false","false","true","true","false","false","1","not_certified_by_automation"
"toan-n3-201507-full","toan_q_2015_07_2","2","3","embedded","","","false","false","false","true","true","false","false","3","not_certified_by_automation"
"toan-n3-201507-full","toan_q_2015_07_3","3","4","embedded","","","false","false","false","true","true","false","false","4","not_certified_by_automation"
"toan-n3-201507-full","toan_q_2015_07_4","4","3","embedded","","","false","false","false","true","true","false","false","3","not_certified_by_automation"
"toan-n3-201507-full","toan_q_2015_07_5","5","2","embedded","","","false","false","false","true","true","false","false","2","not_certified_by_automation"
"toan-n3-201507-full","toan_q_2015_07_6","6","4","embedded","","","false","false","false","true","true","false","false","4","not_certified_by_automation"
"toan-n3-201507-full","toan_q_2015_07_7","7","1","embedded","","","false","false","false","true","true","false","false","1","not_certified_by_automation"
"toan-n3-201507-full","toan_q_2015_07_8","8","4","embedded","","","false","false","false","true","true","false","false","4","not_certified_by_automation"
"toan-n3-201507-full","toan_q_2015_07_9","9","1","embedded","","","false","false","false","true","false","false","false","1","not_certified_by_automation"
"toan-n3-201507-full","toan_q_2015_07_10","10","3","embedded","","","false","false","false","true","false","false","false","3","not_certified_by_automation"
"toan-n3-201507-full","toan_q_2015_07_11","11","2","embedded","","","false","false","false","true","false","false","false","2","not_certified_by_automation"
"toan-n3-201507-full","toan_q_2015_07_12","12","3","embedded","","","false","false","false","true","false","false","false","3","not_certified_by_automation"
"toan-n3-201507-full","toan_q_2015_07_13","13","1","embedded","","","false","false","false","true","false","false","false","1","not_certified_by_automation"
"toan-n3-201507-full","toan_q_2015_07_14","14","3","embedded","","","false","false","false","true","false","true","false","3","not_certified_by_automation"
"toan-n3-201507-full","toan_q_2015_07_15","15","4","embedded","","","false","false","false","true","false","false","false","4","not_certified_by_automation"
"toan-n3-201507-full","toan_q_2015_07_16","16","2","embedded","","","false","false","false","false","false","true","false","2","not_certified_by_automation"
"toan-n3-201507-full","toan_q_2015_07_17","17","2","embedded","","","false","false","false","true","false","false","false","2","not_certified_by_automation"
"toan-n3-201507-full","toan_q_2015_07_18","18","3","embedded","","","false","false","false","false","false","false","false","3","not_certified_by_automation"
"toan-n3-201507-full","toan_q_2015_07_19","19","1","embedded","","","false","false","false","true","false","false","false","1","not_certified_by_automation"
"toan-n3-201507-full","toan_q_2015_07_20","20","4","embedded","","","false","false","false","true","false","false","false","4","not_certified_by_automation"
"toan-n3-201507-full","toan_q_2015_07_21","21","4","embedded","","","false","false","false","true","false","false","false","4","not_certified_by_automation"
"toan-n3-201507-full","toan_q_2015_07_22","22","3","embedded","","","false","false","false","true","false","false","false","3","not_certified_by_automation"
"toan-n3-201507-full","toan_q_2015_07_23","23","2","embedded","","","false","false","false","true","false","false","false","2","not_certified_by_automation"
"toan-n3-201507-full","toan_q_2015_07_24","24","2","embedded","","","false","false","false","true","false","false","false","2","not_certified_by_automation"
"toan-n3-201507-full","toan_q_2015_07_25","25","1","embedded","","","false","false","false","true","false","false","false","1","not_certified_by_automation"
"toan-n3-201507-full","toan_q_2015_07_26","26","2","embedded","","","false","false","false","true","false","false","false","2","not_certified_by_automation"
"toan-n3-201507-full","toan_q_2015_07_27","27","3","embedded","","","false","false","false","true","false","false","false","3","not_certified_by_automation"
"toan-n3-201507-full","toan_q_2015_07_28","28","1","embedded","","","false","false","false","true","false","false","false","1","not_certified_by_automation"
"toan-n3-201507-full","toan_q_2015_07_29","29","1","embedded","","","false","false","false","false","false","false","false","1","not_certified_by_automation"
"toan-n3-201507-full","toan_q_2015_07_30","30","4","embedded","","","false","false","false","true","false","false","false","4","not_certified_by_automation"
"toan-n3-201507-full","toan_q_2015_07_31","31","2","embedded","","","false","false","false","false","false","true","false","2","not_certified_by_automation"
"toan-n3-201507-full","toan_q_2015_07_32","32","1","embedded","","","false","false","false","false","false","true","false","1","not_certified_by_automation"
"toan-n3-201507-full","toan_q_2015_07_33","33","3","embedded","","","false","false","false","false","false","true","false","3","not_certified_by_automation"
"toan-n3-201507-full","toan_q_2015_07_34","34","4","embedded","","","false","false","false","false","false","true","false","4","not_certified_by_automation"
"toan-n3-201507-full","toan_q_2015_07_35","35","2","embedded","","","false","false","false","false","false","true","false","2","not_certified_by_automation"
"toan-n3-201507-full","toan_q_2015_07_36","36","3","embedded","","","false","false","false","true","true","true","false","3","not_certified_by_automation"
"toan-n3-201507-full","toan_q_2015_07_37","37","4","embedded","","","false","false","false","true","true","true","false","4","not_certified_by_automation"
"toan-n3-201507-full","toan_q_2015_07_38","38","2","embedded","","","false","false","false","true","true","true","false","2","not_certified_by_automation"
"toan-n3-201507-full","toan_q_2015_07_39","39","1","embedded","","","false","false","false","true","false","true","false","1","not_certified_by_automation"
"toan-n3-201507-full","toan_q_2015_07_40","40","2","embedded","","","false","false","false","true","false","true","false","2","not_certified_by_automation"
"toan-n3-201507-full","toan_q_2015_07_41","41","4","embedded","","","false","false","false","true","true","true","false","4","not_certified_by_automation"
"toan-n3-201507-full","toan_q_2015_07_42","42","4","embedded","","","false","false","false","true","false","true","false","4","not_certified_by_automation"
"toan-n3-201507-full","toan_q_2015_07_43","43","3","embedded","","","false","false","false","true","false","true","false","3","not_certified_by_automation"
"toan-n3-201507-full","toan_q_2015_07_44","44","1","embedded","","","false","false","false","true","true","true","false","1","not_certified_by_automation"
"toan-n3-201507-full","toan_q_2015_07_45","45","2","embedded","","","false","false","false","true","true","true","false","2","not_certified_by_automation"
"toan-n3-201507-full","toan_q_2015_07_46","46","1","embedded","","","false","false","false","true","true","true","false","1","not_certified_by_automation"
"toan-n3-201507-full","toan_q_2015_07_47","47","3","embedded","","","false","false","false","true","true","true","false","3","not_certified_by_automation"
"toan-n3-201507-full","toan_q_2015_07_48","48","4","embedded","","","false","false","false","true","true","true","false","4","not_certified_by_automation"
"toan-n3-201507-full","toan_q_2015_07_49","49","3","embedded","","","false","false","false","true","false","true","false","3","not_certified_by_automation"
"toan-n3-201507-full","toan_q_2015_07_50","50","2","embedded","","","false","false","false","true","false","true","false","2","not_certified_by_automation"
"toan-n3-201507-full","toan_q_2015_07_51","51","1","embedded","","","false","false","false","true","false","true","false","1","not_certified_by_automation"
"toan-n3-201507-full","toan_q_2015_07_52","52","4","embedded","","","false","false","false","true","false","true","false","4","not_certified_by_automation"
"toan-n3-201507-full","toan_q_2015_07_53","53","1","embedded","","","false","false","false","true","false","true","true","2","not_certified_by_automation"
"toan-n3-201507-full","toan_q_2015_07_54","54","1","embedded","","","false","false","false","true","true","true","false","1","not_certified_by_automation"
"toan-n3-201507-full","toan_q_2015_07_55","55","3","embedded","","","false","false","false","true","false","true","false","3","not_certified_by_automation"
"toan-n3-201507-full","toan_q_2015_07_56","56","2","embedded","","","false","false","false","true","false","true","false","2","not_certified_by_automation"
"toan-n3-201507-full","toan_q_2015_07_57","57","1","embedded","","","false","false","false","true","false","true","false","1","not_certified_by_automation"
"toan-n3-201507-full","toan_q_2015_07_58","58","2","embedded","","","false","false","false","true","false","true","false","2","not_certified_by_automation"
"toan-n3-201507-full","toan_q_2015_07_59","59","1","curated","","","false","false","false","false","false","false","false","1","not_certified_by_automation"
"toan-n3-201507-full","toan_q_2015_07_60","60","3","curated","","","false","false","false","false","false","false","false","3","not_certified_by_automation"
"toan-n3-201507-full","toan_q_2015_07_61","61","1","curated","","","false","false","false","false","false","false","false","1","not_certified_by_automation"
"toan-n3-201507-full","toan_q_2015_07_62","62","4","curated","","","false","false","false","false","false","false","false","4","not_certified_by_automation"
"toan-n3-201507-full","toan_q_2015_07_63","63","4","curated","","","false","false","false","false","false","false","false","4","not_certified_by_automation"
"toan-n3-201507-full","toan_q_2015_07_64","64","2","curated","","","false","false","false","false","false","false","false","2","not_certified_by_automation"
"toan-n3-201507-full","toan_q_2015_07_65","65","2","curated","","","false","false","false","false","false","false","false","2","not_certified_by_automation"
"toan-n3-201507-full","toan_q_2015_07_66","66","3","curated","","","false","false","false","true","false","false","false","3","not_certified_by_automation"
"toan-n3-201507-full","toan_q_2015_07_67","67","3","curated","","","false","false","false","true","false","false","false","3","not_certified_by_automation"
"toan-n3-201507-full","toan_q_2015_07_68","68","4","curated","","","false","false","false","true","false","false","false","4","not_certified_by_automation"
"toan-n3-201507-full","toan_q_2015_07_69","69","2","curated","","","false","false","false","false","false","false","false","2","not_certified_by_automation"
"toan-n3-201507-full","toan_q_2015_07_70","70","4","curated","","","false","false","false","false","false","false","false","4","not_certified_by_automation"
"toan-n3-201507-full","toan_q_2015_07_71","71","1","curated","","","false","false","false","false","false","false","false","1","not_certified_by_automation"
"toan-n3-201507-full","toan_q_2015_07_72","72","2","curated","","","false","false","false","false","false","false","false","2","not_certified_by_automation"
"toan-n3-201507-full","toan_q_2015_07_73","73","3","curated","","","false","false","false","false","false","false","false","3","not_certified_by_automation"
"toan-n3-201507-full","toan_q_2015_07_74","74","3","curated","","","false","false","false","false","false","false","false","3","not_certified_by_automation"
"toan-n3-201507-full","toan_q_2015_07_75","75","3","curated","","","false","true","false","true","true","true","false","3","not_certified_by_automation"
"toan-n3-201507-full","toan_q_2015_07_76","76","4","curated","","","true","true","false","true","false","true","false","4","not_certified_by_automation"
"toan-n3-201507-full","toan_q_2015_07_77","77","2","curated","","","false","true","false","true","false","true","false","2","not_certified_by_automation"
"toan-n3-201507-full","toan_q_2015_07_78","78","3","curated","","","false","true","false","true","true","true","false","3","not_certified_by_automation"
"toan-n3-201507-full","toan_q_2015_07_79","79","2","curated","","","false","true","false","true","false","false","true","1","not_certified_by_automation"
"toan-n3-201507-full","toan_q_2015_07_80","80","3","curated","","","false","true","false","true","false","false","false","3","not_certified_by_automation"
"toan-n3-201507-full","toan_q_2015_07_81","81","2","curated","","","false","true","false","true","true","true","false","2","not_certified_by_automation"
"toan-n3-201507-full","toan_q_2015_07_82","82","3","curated","","","false","true","false","true","true","false","false","3","not_certified_by_automation"
"toan-n3-201507-full","toan_q_2015_07_83","83","4","curated","","","false","true","false","true","false","false","false","4","not_certified_by_automation"
"toan-n3-201507-full","toan_q_2015_07_84","84","1","curated","","","false","true","false","true","true","true","false","1","not_certified_by_automation"
"toan-n3-201507-full","toan_q_2015_07_85","85","4","curated","","","false","true","false","true","true","true","false","4","not_certified_by_automation"
"toan-n3-201507-full","toan_q_2015_07_86","86","1","curated","","","false","true","false","true","true","true","false","1","not_certified_by_automation"
"toan-n3-201507-full","toan_q_2015_07_87","87","4","curated","","","false","true","false","true","true","true","false","4","not_certified_by_automation"
"toan-n3-201507-full","toan_q_2015_07_88","88","1","curated","","","false","true","false","true","true","false","false","1","not_certified_by_automation"
"toan-n3-201507-full","toan_q_2015_07_89","89","2","curated","","","false","true","false","true","false","false","false","2","not_certified_by_automation"
"toan-n3-201507-full","toan_q_2015_07_90","90","1","curated","","","true","true","false","true","false","true","false","1","not_certified_by_automation"
"toan-n3-201507-full","toan_q_2015_07_91","91","3","curated","","","true","true","false","true","false","true","false","3","not_certified_by_automation"
"toan-n3-201507-full","toan_q_2015_07_92","92","2","curated","","","true","true","false","true","false","true","false","2","not_certified_by_automation"
"toan-n3-201507-full","toan_q_2015_07_93","93","1","curated","","","true","true","false","true","false","false","false","1","not_certified_by_automation"
"toan-n3-201507-full","toan_q_2015_07_94","94","3","curated","","","false","true","false","true","true","false","false","3","not_certified_by_automation"
"toan-n3-201507-full","toan_q_2015_07_95","95","1","curated","","","false","true","false","true","false","false","false","1","not_certified_by_automation"
"toan-n3-201507-full","toan_q_2015_07_96","96","2","curated","","","false","true","false","true","false","false","false","2","not_certified_by_automation"
"toan-n3-201507-full","toan_q_2015_07_97","97","3","curated","","","false","true","false","true","false","false","false","3","not_certified_by_automation"
"toan-n3-201507-full","toan_q_2015_07_98","98","2","curated","","","false","true","false","true","false","false","false","2","not_certified_by_automation"
"toan-n3-201507-full","toan_q_2015_07_99","99","1","curated","","","false","true","false","true","false","false","false","1","not_certified_by_automation"
"toan-n3-201507-full","toan_q_2015_07_100","100","2","curated","","","false","true","false","true","true","true","false","2","not_certified_by_automation"
"toan-n3-201507-full","toan_q_2015_07_101","101","1","curated","","","false","true","false","true","false","false","false","1","not_certified_by_automation"
"toan-n3-201507-full","toan_q_2015_07_102","102","3","curated","","","false","true","false","true","false","true","false","3","not_certified_by_automation"
"toan-n3-201412-full","toan_q_2014_12_1","1","2","embedded","","","false","false","false","true","false","true","false","2","not_certified_by_automation"
"toan-n3-201412-full","toan_q_2014_12_2","2","3","embedded","","","false","false","false","true","false","true","false","3","not_certified_by_automation"
"toan-n3-201412-full","toan_q_2014_12_3","3","3","embedded","","","false","false","false","true","true","true","false","3","not_certified_by_automation"
"toan-n3-201412-full","toan_q_2014_12_4","4","2","embedded","","","false","false","false","true","false","true","false","2","not_certified_by_automation"
"toan-n3-201412-full","toan_q_2014_12_5","5","3","embedded","","","false","false","false","true","false","true","false","3","not_certified_by_automation"
"toan-n3-201412-full","toan_q_2014_12_6","6","2","embedded","","","false","false","false","true","false","true","false","2","not_certified_by_automation"
"toan-n3-201412-full","toan_q_2014_12_7","7","1","embedded","","","false","false","false","true","false","true","false","1","not_certified_by_automation"
"toan-n3-201412-full","toan_q_2014_12_8","8","4","embedded","","","false","false","false","true","false","true","false","4","not_certified_by_automation"
"toan-n3-201412-full","toan_q_2014_12_9","9","2","embedded","","","false","false","false","true","false","true","false","2","not_certified_by_automation"
"toan-n3-201412-full","toan_q_2014_12_10","10","4","embedded","","","false","false","false","true","false","false","false","4","not_certified_by_automation"
"toan-n3-201412-full","toan_q_2014_12_11","11","1","embedded","","","false","false","false","true","false","false","false","1","not_certified_by_automation"
"toan-n3-201412-full","toan_q_2014_12_12","12","2","embedded","","","false","false","false","true","false","false","false","2","not_certified_by_automation"
"toan-n3-201412-full","toan_q_2014_12_13","13","1","embedded","","","false","false","false","true","false","false","false","1","not_certified_by_automation"
"toan-n3-201412-full","toan_q_2014_12_14","14","2","embedded","","","false","false","false","true","false","false","false","2","not_certified_by_automation"
"toan-n3-201412-full","toan_q_2014_12_15","15","2","embedded","","","false","false","false","true","false","false","false","2","not_certified_by_automation"
"toan-n3-201412-full","toan_q_2014_12_16","16","2","embedded","","","false","false","false","true","false","false","false","2","not_certified_by_automation"
"toan-n3-201412-full","toan_q_2014_12_17","17","3","embedded","","","false","false","false","true","false","true","false","3","not_certified_by_automation"
"toan-n3-201412-full","toan_q_2014_12_18","18","1","embedded","","","false","false","false","true","false","false","false","1","not_certified_by_automation"
"toan-n3-201412-full","toan_q_2014_12_19","19","1","embedded","","","false","false","false","true","false","false","false","1","not_certified_by_automation"
"toan-n3-201412-full","toan_q_2014_12_20","20","4","embedded","","","false","false","false","true","false","false","false","4","not_certified_by_automation"
"toan-n3-201412-full","toan_q_2014_12_21","21","4","embedded","","","false","false","false","true","false","false","false","4","not_certified_by_automation"
"toan-n3-201412-full","toan_q_2014_12_22","22","2","embedded","","","false","false","false","true","false","false","false","2","not_certified_by_automation"
"toan-n3-201412-full","toan_q_2014_12_23","23","2","embedded","","","false","false","false","true","true","false","false","2","not_certified_by_automation"
"toan-n3-201412-full","toan_q_2014_12_24","24","1","embedded","","","false","false","false","true","false","false","false","1","not_certified_by_automation"
"toan-n3-201412-full","toan_q_2014_12_25","25","4","embedded","","","false","false","false","true","true","false","false","4","not_certified_by_automation"
"toan-n3-201412-full","toan_q_2014_12_26","26","4","embedded","","","false","false","false","true","false","false","false","4","not_certified_by_automation"
"toan-n3-201412-full","toan_q_2014_12_27","27","3","embedded","","","false","false","false","true","false","false","false","3","not_certified_by_automation"
"toan-n3-201412-full","toan_q_2014_12_28","28","1","embedded","","","false","false","false","true","false","false","false","1","not_certified_by_automation"
"toan-n3-201412-full","toan_q_2014_12_29","29","4","embedded","","","false","false","false","true","false","false","false","4","not_certified_by_automation"
"toan-n3-201412-full","toan_q_2014_12_30","30","3","embedded","","","false","false","false","true","false","false","false","3","not_certified_by_automation"
"toan-n3-201412-full","toan_q_2014_12_31","31","2","embedded","","","false","false","false","false","false","true","false","2","not_certified_by_automation"
"toan-n3-201412-full","toan_q_2014_12_32","32","3","embedded","","","false","false","false","false","false","true","false","3","not_certified_by_automation"
"toan-n3-201412-full","toan_q_2014_12_33","33","1","embedded","","","false","false","false","false","false","true","false","1","not_certified_by_automation"
"toan-n3-201412-full","toan_q_2014_12_34","34","2","embedded","","","false","false","false","false","false","true","false","2","not_certified_by_automation"
"toan-n3-201412-full","toan_q_2014_12_35","35","4","embedded","","","false","false","false","false","false","true","false","4","not_certified_by_automation"
"toan-n3-201412-full","toan_q_2014_12_36","36","2","embedded","","","false","false","false","true","false","true","false","2","not_certified_by_automation"
"toan-n3-201412-full","toan_q_2014_12_37","37","3","embedded","","","false","false","false","true","true","true","false","3","not_certified_by_automation"
"toan-n3-201412-full","toan_q_2014_12_38","38","2","embedded","","","false","false","false","true","true","true","false","2","not_certified_by_automation"
"toan-n3-201412-full","toan_q_2014_12_39","39","1","embedded","","","false","false","false","true","true","true","false","1","not_certified_by_automation"
"toan-n3-201412-full","toan_q_2014_12_40","40","1","embedded","","","false","false","false","true","true","true","false","1","not_certified_by_automation"
"toan-n3-201412-full","toan_q_2014_12_41","41","4","embedded","","","false","false","false","true","true","true","false","4","not_certified_by_automation"
"toan-n3-201412-full","toan_q_2014_12_42","42","2","embedded","","","false","false","false","true","true","true","false","2","not_certified_by_automation"
"toan-n3-201412-full","toan_q_2014_12_43","43","3","embedded","","","false","false","false","true","false","true","false","3","not_certified_by_automation"
"toan-n3-201412-full","toan_q_2014_12_44","44","4","embedded","","","false","false","false","true","false","true","false","4","not_certified_by_automation"
"toan-n3-201412-full","toan_q_2014_12_45","45","3","embedded","","","false","false","false","true","true","true","false","3","not_certified_by_automation"
"toan-n3-201412-full","toan_q_2014_12_46","46","4","embedded","","","false","false","false","true","false","true","false","4","not_certified_by_automation"
"toan-n3-201412-full","toan_q_2014_12_47","47","2","embedded","","","false","false","false","true","false","true","false","2","not_certified_by_automation"
"toan-n3-201412-full","toan_q_2014_12_48","48","1","embedded","","","false","false","false","true","false","true","false","1","not_certified_by_automation"
"toan-n3-201412-full","toan_q_2014_12_49","49","1","embedded","","","false","false","false","true","false","false","false","1","not_certified_by_automation"
"toan-n3-201412-full","toan_q_2014_12_50","50","2","embedded","","","false","false","false","true","false","false","false","2","not_certified_by_automation"
"toan-n3-201412-full","toan_q_2014_12_51","51","4","embedded","","","false","false","false","true","false","false","false","4","not_certified_by_automation"
"toan-n3-201412-full","toan_q_2014_12_52","52","3","embedded","","","false","false","false","true","false","false","false","3","not_certified_by_automation"
"toan-n3-201412-full","toan_q_2014_12_53","53","4","embedded","","","false","false","false","true","false","false","true","2","not_certified_by_automation"
"toan-n3-201412-full","toan_q_2014_12_54","54","1","embedded","","","false","false","false","true","false","true","false","1","not_certified_by_automation"
"toan-n3-201412-full","toan_q_2014_12_55","55","4","embedded","","","false","false","false","true","false","true","false","4","not_certified_by_automation"
"toan-n3-201412-full","toan_q_2014_12_56","56","2","embedded","","","false","false","false","true","false","true","false","2","not_certified_by_automation"
"toan-n3-201412-full","toan_q_2014_12_57","57","3","embedded","","","false","false","false","true","false","true","false","3","not_certified_by_automation"
"toan-n3-201412-full","toan_q_2014_12_58","58","2","embedded","","","false","false","false","true","false","true","false","2","not_certified_by_automation"
"toan-n3-201412-full","toan_q_2014_12_59","59","3","curated","","","false","false","false","false","true","false","false","3","not_certified_by_automation"
"toan-n3-201412-full","toan_q_2014_12_60","60","2","curated","","","false","false","false","false","true","false","false","2","not_certified_by_automation"
"toan-n3-201412-full","toan_q_2014_12_61","61","3","curated","","","false","false","false","false","false","false","false","3","not_certified_by_automation"
"toan-n3-201412-full","toan_q_2014_12_62","62","2","curated","","","false","false","false","false","false","false","false","2","not_certified_by_automation"
"toan-n3-201412-full","toan_q_2014_12_63","63","3","curated","","","false","false","false","false","false","false","false","3","not_certified_by_automation"
"toan-n3-201412-full","toan_q_2014_12_64","64","3","curated","","","false","false","false","false","false","false","false","3","not_certified_by_automation"
"toan-n3-201412-full","toan_q_2014_12_65","65","4","curated","","","false","false","false","false","false","false","false","4","not_certified_by_automation"
"toan-n3-201412-full","toan_q_2014_12_66","66","2","curated","","","false","false","false","false","false","false","false","2","not_certified_by_automation"
"toan-n3-201412-full","toan_q_2014_12_67","67","1","curated","","","false","false","false","false","false","false","false","1","not_certified_by_automation"
"toan-n3-201412-full","toan_q_2014_12_68","68","4","curated","","","false","false","false","false","false","false","false","4","not_certified_by_automation"
"toan-n3-201412-full","toan_q_2014_12_69","69","2","curated","","","false","false","false","false","false","false","false","2","not_certified_by_automation"
"toan-n3-201412-full","toan_q_2014_12_70","70","1","curated","","","false","false","false","false","false","false","false","1","not_certified_by_automation"
"toan-n3-201412-full","toan_q_2014_12_71","71","4","curated","","","false","false","false","false","false","false","false","4","not_certified_by_automation"
"toan-n3-201412-full","toan_q_2014_12_72","72","4","curated","","","false","false","false","false","false","true","false","4","not_certified_by_automation"
"toan-n3-201412-full","toan_q_2014_12_73","73","1","curated","","","false","false","false","false","false","false","false","1","not_certified_by_automation"
"toan-n3-201412-full","toan_q_2014_12_74","74","1","curated","","","false","false","false","false","false","false","false","1","not_certified_by_automation"
"toan-n3-201412-full","toan_q_2014_12_75","75","2","curated","","","true","false","false","true","true","true","false","2","not_certified_by_automation"
"toan-n3-201412-full","toan_q_2014_12_76","76","3","curated","","","false","false","false","true","true","true","false","3","not_certified_by_automation"
"toan-n3-201412-full","toan_q_2014_12_77","77","1","curated","","","false","false","false","true","true","true","false","1","not_certified_by_automation"
"toan-n3-201412-full","toan_q_2014_12_78","78","3","curated","","","false","false","false","true","true","true","false","3","not_certified_by_automation"
"toan-n3-201412-full","toan_q_2014_12_79","79","2","curated","","","false","false","false","true","true","true","false","2","not_certified_by_automation"
"toan-n3-201412-full","toan_q_2014_12_80","80","4","curated","","","true","false","false","true","true","true","false","4","not_certified_by_automation"
"toan-n3-201412-full","toan_q_2014_12_81","81","3","curated","","","false","false","false","true","true","true","false","3","not_certified_by_automation"
"toan-n3-201412-full","toan_q_2014_12_82","82","4","curated","","","false","false","false","true","true","true","false","4","not_certified_by_automation"
"toan-n3-201412-full","toan_q_2014_12_83","83","1","curated","","","false","false","false","true","true","true","false","1","not_certified_by_automation"
"toan-n3-201412-full","toan_q_2014_12_84","84","2","curated","","","false","false","false","true","true","true","false","2","not_certified_by_automation"
"toan-n3-201412-full","toan_q_2014_12_85","85","3","curated","","","false","false","false","true","true","true","false","3","not_certified_by_automation"
"toan-n3-201412-full","toan_q_2014_12_86","86","1","curated","","","false","false","false","true","true","true","false","1","not_certified_by_automation"
"toan-n3-201412-full","toan_q_2014_12_87","87","4","curated","","","false","false","false","true","true","true","false","4","not_certified_by_automation"
"toan-n3-201412-full","toan_q_2014_12_88","88","2","curated","","","false","false","false","true","false","false","false","2","not_certified_by_automation"
"toan-n3-201412-full","toan_q_2014_12_89","89","2","curated","","","false","false","false","true","true","true","false","2","not_certified_by_automation"
"toan-n3-201412-full","toan_q_2014_12_90","90","2","curated","","","true","false","false","true","false","false","false","2","not_certified_by_automation"
"toan-n3-201412-full","toan_q_2014_12_91","91","1","curated","","","true","false","false","true","false","false","false","1","not_certified_by_automation"
"toan-n3-201412-full","toan_q_2014_12_92","92","2","curated","","","true","false","false","true","false","false","false","2","not_certified_by_automation"
"toan-n3-201412-full","toan_q_2014_12_93","93","3","curated","","","true","false","false","true","false","true","false","3","not_certified_by_automation"
"toan-n3-201412-full","toan_q_2014_12_94","94","1","curated","","","false","false","false","true","false","false","false","1","not_certified_by_automation"
"toan-n3-201412-full","toan_q_2014_12_95","95","2","curated","","","false","false","false","true","false","false","false","2","not_certified_by_automation"
"toan-n3-201412-full","toan_q_2014_12_96","96","2","curated","","","false","false","false","true","false","false","false","2","not_certified_by_automation"
"toan-n3-201412-full","toan_q_2014_12_97","97","3","curated","","","false","false","false","true","false","false","false","3","not_certified_by_automation"
"toan-n3-201412-full","toan_q_2014_12_98","98","3","curated","","","false","false","false","true","false","false","false","3","not_certified_by_automation"
"toan-n3-201412-full","toan_q_2014_12_99","99","1","curated","","","false","false","false","true","false","false","false","1","not_certified_by_automation"
"toan-n3-201412-full","toan_q_2014_12_100","100","3","curated","","","false","false","false","true","true","true","true","1","not_certified_by_automation"
"toan-n3-201412-full","toan_q_2014_12_101","101","1","curated","","","false","false","false","true","false","false","false","1","not_certified_by_automation"
"toan-n3-201412-full","toan_q_2014_12_102","102","1","curated","","","false","false","false","true","false","false","false","1","not_certified_by_automation"
"toan-n3-201407-full","toan_q_2014_07_1","1","2","embedded","","","false","false","false","true","false","false","false","2","not_certified_by_automation"
"toan-n3-201407-full","toan_q_2014_07_2","2","2","embedded","","","false","false","false","true","true","true","false","2","not_certified_by_automation"
"toan-n3-201407-full","toan_q_2014_07_3","3","1","embedded","","","false","false","false","true","true","false","false","1","not_certified_by_automation"
"toan-n3-201407-full","toan_q_2014_07_4","4","3","embedded","","","false","false","false","true","true","false","false","3","not_certified_by_automation"
"toan-n3-201407-full","toan_q_2014_07_5","5","3","embedded","","","false","false","false","true","true","false","false","3","not_certified_by_automation"
"toan-n3-201407-full","toan_q_2014_07_6","6","1","embedded","","","false","false","false","true","false","true","false","1","not_certified_by_automation"
"toan-n3-201407-full","toan_q_2014_07_7","7","4","embedded","","","false","false","false","true","true","false","false","4","not_certified_by_automation"
"toan-n3-201407-full","toan_q_2014_07_8","8","2","embedded","","","false","false","false","true","true","false","false","2","not_certified_by_automation"
"toan-n3-201407-full","toan_q_2014_07_9","9","3","embedded","","","false","false","false","true","false","true","false","3","not_certified_by_automation"
"toan-n3-201407-full","toan_q_2014_07_10","10","4","embedded","","","false","false","false","true","false","true","false","4","not_certified_by_automation"
"toan-n3-201407-full","toan_q_2014_07_11","11","1","embedded","","","false","false","false","true","false","true","false","1","not_certified_by_automation"
"toan-n3-201407-full","toan_q_2014_07_12","12","4","embedded","","","false","false","false","true","false","true","false","4","not_certified_by_automation"
"toan-n3-201407-full","toan_q_2014_07_13","13","1","embedded","","","false","false","false","false","true","true","false","1","not_certified_by_automation"
"toan-n3-201407-full","toan_q_2014_07_14","14","2","embedded","","","false","false","false","true","false","true","false","2","not_certified_by_automation"
"toan-n3-201407-full","toan_q_2014_07_15","15","1","embedded","","","false","false","false","true","true","false","false","1","not_certified_by_automation"
"toan-n3-201407-full","toan_q_2014_07_16","16","2","embedded","","","false","false","false","true","false","false","false","2","not_certified_by_automation"
"toan-n3-201407-full","toan_q_2014_07_17","17","1","embedded","","","false","false","false","true","false","true","false","1","not_certified_by_automation"
"toan-n3-201407-full","toan_q_2014_07_18","18","3","embedded","","","false","false","false","true","false","false","false","3","not_certified_by_automation"
"toan-n3-201407-full","toan_q_2014_07_19","19","2","embedded","","","false","false","false","true","false","false","false","2","not_certified_by_automation"
"toan-n3-201407-full","toan_q_2014_07_20","20","3","embedded","","","false","false","false","true","false","false","false","3","not_certified_by_automation"
"toan-n3-201407-full","toan_q_2014_07_21","21","3","embedded","","","false","false","false","true","false","false","false","3","not_certified_by_automation"
"toan-n3-201407-full","toan_q_2014_07_22","22","4","embedded","","","false","false","false","true","true","true","false","4","not_certified_by_automation"
"toan-n3-201407-full","toan_q_2014_07_23","23","3","embedded","","","false","false","false","true","false","false","false","3","not_certified_by_automation"
"toan-n3-201407-full","toan_q_2014_07_24","24","4","embedded","","","false","false","false","true","false","false","false","4","not_certified_by_automation"
"toan-n3-201407-full","toan_q_2014_07_25","25","4","embedded","","","false","false","false","true","true","true","false","4","not_certified_by_automation"
"toan-n3-201407-full","toan_q_2014_07_26","26","4","embedded","","","false","false","false","true","false","false","false","4","not_certified_by_automation"
"toan-n3-201407-full","toan_q_2014_07_27","27","3","embedded","","","false","false","false","true","false","false","false","3","not_certified_by_automation"
"toan-n3-201407-full","toan_q_2014_07_28","28","1","embedded","","","false","false","false","true","false","false","false","1","not_certified_by_automation"
"toan-n3-201407-full","toan_q_2014_07_29","29","2","embedded","","","false","false","false","true","false","false","false","2","not_certified_by_automation"
"toan-n3-201407-full","toan_q_2014_07_30","30","1","embedded","","","false","false","false","true","false","false","false","1","not_certified_by_automation"
"toan-n3-201407-full","toan_q_2014_07_31","31","4","embedded","","","false","false","false","false","false","true","false","4","not_certified_by_automation"
"toan-n3-201407-full","toan_q_2014_07_32","32","1","embedded","","","false","false","false","true","false","true","false","1","not_certified_by_automation"
"toan-n3-201407-full","toan_q_2014_07_33","33","4","embedded","","","false","false","false","false","false","true","false","4","not_certified_by_automation"
"toan-n3-201407-full","toan_q_2014_07_34","34","2","embedded","","","false","false","false","false","false","true","false","2","not_certified_by_automation"
"toan-n3-201407-full","toan_q_2014_07_35","35","3","embedded","","","false","false","false","true","false","true","false","3","not_certified_by_automation"
"toan-n3-201407-full","toan_q_2014_07_36","36","2","embedded","","","false","false","false","true","true","true","false","2","not_certified_by_automation"
"toan-n3-201407-full","toan_q_2014_07_37","37","3","embedded","","","false","false","false","true","false","true","false","3","not_certified_by_automation"
"toan-n3-201407-full","toan_q_2014_07_38","38","1","embedded","","","false","false","false","true","true","true","false","1","not_certified_by_automation"
"toan-n3-201407-full","toan_q_2014_07_39","39","3","embedded","","","false","false","false","true","false","true","false","3","not_certified_by_automation"
"toan-n3-201407-full","toan_q_2014_07_40","40","1","embedded","","","false","false","false","true","false","true","false","1","not_certified_by_automation"
"toan-n3-201407-full","toan_q_2014_07_41","41","4","embedded","","","false","false","false","true","true","true","false","4","not_certified_by_automation"
"toan-n3-201407-full","toan_q_2014_07_42","42","3","embedded","","","false","false","false","true","false","true","false","3","not_certified_by_automation"
"toan-n3-201407-full","toan_q_2014_07_43","43","2","embedded","","","false","false","false","true","true","true","false","2","not_certified_by_automation"
"toan-n3-201407-full","toan_q_2014_07_44","44","1","embedded","","","false","false","false","true","true","true","false","1","not_certified_by_automation"
"toan-n3-201407-full","toan_q_2014_07_45","45","2","embedded","","","false","false","false","true","false","true","false","2","not_certified_by_automation"
"toan-n3-201407-full","toan_q_2014_07_46","46","4","embedded","","","false","false","false","true","true","true","false","4","not_certified_by_automation"
"toan-n3-201407-full","toan_q_2014_07_47","47","4","embedded","","","false","false","false","true","false","true","false","4","not_certified_by_automation"
"toan-n3-201407-full","toan_q_2014_07_48","48","3","embedded","","","false","false","false","true","true","true","false","3","not_certified_by_automation"
"toan-n3-201407-full","toan_q_2014_07_49","49","2","embedded","","","false","false","false","true","false","false","false","2","not_certified_by_automation"
"toan-n3-201407-full","toan_q_2014_07_50","50","1","embedded","","","false","false","false","true","false","false","false","1","not_certified_by_automation"
"toan-n3-201407-full","toan_q_2014_07_51","51","2","embedded","","","false","false","false","true","false","false","true","3","not_certified_by_automation"
"toan-n3-201407-full","toan_q_2014_07_52","52","3","embedded","","","false","false","false","true","false","false","false","3","not_certified_by_automation"
"toan-n3-201407-full","toan_q_2014_07_53","53","2","embedded","","","false","false","false","true","false","true","true","4","not_certified_by_automation"
"toan-n3-201407-full","toan_q_2014_07_54","54","1","embedded","","","false","false","false","true","false","true","false","1","not_certified_by_automation"
"toan-n3-201407-full","toan_q_2014_07_55","55","4","embedded","","","false","false","false","true","false","true","false","4","not_certified_by_automation"
"toan-n3-201407-full","toan_q_2014_07_56","56","3","embedded","","","false","false","false","true","false","true","false","3","not_certified_by_automation"
"toan-n3-201407-full","toan_q_2014_07_57","57","4","embedded","","","false","false","false","true","true","true","false","4","not_certified_by_automation"
"toan-n3-201407-full","toan_q_2014_07_58","58","2","embedded","","","false","false","false","true","true","true","false","2","not_certified_by_automation"
"toan-n3-201407-full","toan_q_2014_07_59","59","2","curated","","","false","false","false","true","true","false","false","2","not_certified_by_automation"
"toan-n3-201407-full","toan_q_2014_07_60","60","1","curated","","","false","false","false","false","false","false","false","1","not_certified_by_automation"
"toan-n3-201407-full","toan_q_2014_07_61","61","1","curated","","","false","false","false","false","false","false","false","1","not_certified_by_automation"
"toan-n3-201407-full","toan_q_2014_07_62","62","2","curated","","","false","false","false","false","false","false","false","2","not_certified_by_automation"
"toan-n3-201407-full","toan_q_2014_07_63","63","2","curated","","","false","false","false","false","true","false","false","2","not_certified_by_automation"
"toan-n3-201407-full","toan_q_2014_07_64","64","1","curated","","","false","false","false","false","false","false","false","1","not_certified_by_automation"
"toan-n3-201407-full","toan_q_2014_07_65","65","3","curated","","","false","false","false","false","false","false","false","3","not_certified_by_automation"
"toan-n3-201407-full","toan_q_2014_07_66","66","1","curated","","","false","false","false","false","false","false","false","1","not_certified_by_automation"
"toan-n3-201407-full","toan_q_2014_07_67","67","4","curated","","","false","false","false","false","false","false","false","4","not_certified_by_automation"
"toan-n3-201407-full","toan_q_2014_07_68","68","3","curated","","","false","false","false","true","false","false","false","3","not_certified_by_automation"
"toan-n3-201407-full","toan_q_2014_07_69","69","2","curated","","","false","false","false","true","false","false","false","2","not_certified_by_automation"
"toan-n3-201407-full","toan_q_2014_07_70","70","3","curated","","","false","false","false","false","false","false","false","3","not_certified_by_automation"
"toan-n3-201407-full","toan_q_2014_07_71","71","4","curated","","","false","false","false","false","false","false","false","4","not_certified_by_automation"
"toan-n3-201407-full","toan_q_2014_07_72","72","1","curated","","","false","false","false","false","false","false","false","1","not_certified_by_automation"
"toan-n3-201407-full","toan_q_2014_07_73","73","3","curated","","","false","false","false","false","false","false","false","3","not_certified_by_automation"
"toan-n3-201407-full","toan_q_2014_07_74","74","4","curated","","","false","false","false","false","false","false","false","4","not_certified_by_automation"
"toan-n3-201407-full","toan_q_2014_07_75","75","2","curated","","","false","false","false","true","true","true","false","2","not_certified_by_automation"
"toan-n3-201407-full","toan_q_2014_07_76","76","3","curated","","","false","false","false","true","true","true","false","3","not_certified_by_automation"
"toan-n3-201407-full","toan_q_2014_07_77","77","4","curated","","","false","false","false","true","false","true","false","4","not_certified_by_automation"
"toan-n3-201407-full","toan_q_2014_07_78","78","2","curated","","","false","false","false","true","true","true","false","2","not_certified_by_automation"
"toan-n3-201407-full","toan_q_2014_07_79","79","2","curated","","","false","false","false","true","false","true","false","2","not_certified_by_automation"
"toan-n3-201407-full","toan_q_2014_07_80","80","1","curated","","","false","false","false","true","true","true","false","1","not_certified_by_automation"
"toan-n3-201407-full","toan_q_2014_07_81","81","4","curated","","","false","false","false","true","false","true","false","4","not_certified_by_automation"
"toan-n3-201407-full","toan_q_2014_07_82","82","2","curated","","","false","false","false","true","true","true","false","2","not_certified_by_automation"
"toan-n3-201407-full","toan_q_2014_07_83","83","3","curated","","","false","false","false","true","true","true","false","3","not_certified_by_automation"
"toan-n3-201407-full","toan_q_2014_07_84","84","4","curated","","","false","false","false","true","true","true","false","4","not_certified_by_automation"
"toan-n3-201407-full","toan_q_2014_07_85","85","3","curated","","","false","false","false","true","false","true","false","3","not_certified_by_automation"
"toan-n3-201407-full","toan_q_2014_07_86","86","2","curated","","","false","false","false","true","true","true","false","2","not_certified_by_automation"
"toan-n3-201407-full","toan_q_2014_07_87","87","1","curated","","","false","false","false","true","false","true","false","1","not_certified_by_automation"
"toan-n3-201407-full","toan_q_2014_07_88","88","4","curated","","","false","false","false","true","true","true","false","4","not_certified_by_automation"
"toan-n3-201407-full","toan_q_2014_07_89","89","2","curated","","","false","false","false","true","false","true","false","2","not_certified_by_automation"
"toan-n3-201407-full","toan_q_2014_07_90","90","3","curated","","","true","false","false","true","false","false","false","3","not_certified_by_automation"
"toan-n3-201407-full","toan_q_2014_07_91","91","3","curated","","","true","false","false","true","false","false","false","3","not_certified_by_automation"
"toan-n3-201407-full","toan_q_2014_07_92","92","1","curated","","","true","false","false","true","true","false","false","1","not_certified_by_automation"
"toan-n3-201407-full","toan_q_2014_07_93","93","2","curated","","","true","false","false","true","false","false","false","2","not_certified_by_automation"
"toan-n3-201407-full","toan_q_2014_07_94","94","2","curated","","","false","false","false","true","false","false","false","2","not_certified_by_automation"
"toan-n3-201407-full","toan_q_2014_07_95","95","1","curated","","","false","false","false","true","false","false","false","1","not_certified_by_automation"
"toan-n3-201407-full","toan_q_2014_07_96","96","1","curated","","","false","false","false","true","false","false","false","1","not_certified_by_automation"
"toan-n3-201407-full","toan_q_2014_07_97","97","1","curated","","","false","false","false","true","false","false","false","1","not_certified_by_automation"
"toan-n3-201407-full","toan_q_2014_07_98","98","2","curated","","","false","false","false","true","false","false","false","2","not_certified_by_automation"
"toan-n3-201407-full","toan_q_2014_07_99","99","1","curated","","","false","false","false","true","true","false","false","1","not_certified_by_automation"
"toan-n3-201407-full","toan_q_2014_07_100","100","3","curated","","","false","false","false","true","false","false","false","3","not_certified_by_automation"
"toan-n3-201407-full","toan_q_2014_07_101","101","2","curated","","","false","false","false","true","true","false","false","2","not_certified_by_automation"
"toan-n3-201407-full","toan_q_2014_07_102","102","3","curated","","","false","false","false","true","true","false","false","3","not_certified_by_automation"
"toan-n3-201312-full","toan_q_2013_12_1","1","1","embedded","","","false","false","false","true","false","true","false","1","not_certified_by_automation"
"toan-n3-201312-full","toan_q_2013_12_2","2","4","embedded","","","false","false","false","true","false","true","false","4","not_certified_by_automation"
"toan-n3-201312-full","toan_q_2013_12_3","3","2","embedded","","","false","false","false","true","false","true","false","2","not_certified_by_automation"
"toan-n3-201312-full","toan_q_2013_12_4","4","1","embedded","","","false","false","false","true","false","true","false","1","not_certified_by_automation"
"toan-n3-201312-full","toan_q_2013_12_5","5","3","embedded","","","false","false","false","true","false","true","false","3","not_certified_by_automation"
"toan-n3-201312-full","toan_q_2013_12_6","6","4","embedded","","","false","false","false","true","false","true","false","4","not_certified_by_automation"
"toan-n3-201312-full","toan_q_2013_12_7","7","1","embedded","","","false","false","false","true","false","true","false","1","not_certified_by_automation"
"toan-n3-201312-full","toan_q_2013_12_8","8","3","embedded","","","false","false","false","true","false","true","false","3","not_certified_by_automation"
"toan-n3-201312-full","toan_q_2013_12_9","9","2","embedded","","","false","false","false","true","false","true","false","2","not_certified_by_automation"
"toan-n3-201312-full","toan_q_2013_12_10","10","3","embedded","","","false","false","false","true","false","true","false","3","not_certified_by_automation"
"toan-n3-201312-full","toan_q_2013_12_11","11","4","embedded","","","false","false","false","true","false","true","false","4","not_certified_by_automation"
"toan-n3-201312-full","toan_q_2013_12_12","12","1","embedded","","","false","false","false","true","false","true","false","1","not_certified_by_automation"
"toan-n3-201312-full","toan_q_2013_12_13","13","4","embedded","","","false","false","false","true","true","true","false","4","not_certified_by_automation"
"toan-n3-201312-full","toan_q_2013_12_14","14","1","embedded","","","false","false","false","true","false","true","false","1","not_certified_by_automation"
"toan-n3-201312-full","toan_q_2013_12_15","15","2","embedded","","","false","false","false","true","false","true","false","2","not_certified_by_automation"
"toan-n3-201312-full","toan_q_2013_12_16","16","3","embedded","","","false","false","false","true","false","true","false","3","not_certified_by_automation"
"toan-n3-201312-full","toan_q_2013_12_17","17","4","embedded","","","false","false","false","true","false","true","false","4","not_certified_by_automation"
"toan-n3-201312-full","toan_q_2013_12_18","18","1","embedded","","","false","false","false","true","false","true","false","1","not_certified_by_automation"
"toan-n3-201312-full","toan_q_2013_12_19","19","2","embedded","","","false","false","false","true","false","true","false","2","not_certified_by_automation"
"toan-n3-201312-full","toan_q_2013_12_20","20","4","embedded","","","false","false","false","true","false","true","false","4","not_certified_by_automation"
"toan-n3-201312-full","toan_q_2013_12_21","21","3","embedded","","","false","false","false","true","false","true","false","3","not_certified_by_automation"
"toan-n3-201312-full","toan_q_2013_12_22","22","2","embedded","","","false","false","false","true","false","true","false","2","not_certified_by_automation"
"toan-n3-201312-full","toan_q_2013_12_23","23","1","embedded","","","false","false","false","true","false","true","false","1","not_certified_by_automation"
"toan-n3-201312-full","toan_q_2013_12_24","24","1","embedded","","","false","false","false","true","false","true","false","1","not_certified_by_automation"
"toan-n3-201312-full","toan_q_2013_12_25","25","3","embedded","","","false","false","false","true","false","true","false","3","not_certified_by_automation"
"toan-n3-201312-full","toan_q_2013_12_26","26","2","embedded","","","false","false","false","true","false","true","false","2","not_certified_by_automation"
"toan-n3-201312-full","toan_q_2013_12_27","27","2","embedded","","","false","false","false","true","false","true","false","2","not_certified_by_automation"
"toan-n3-201312-full","toan_q_2013_12_28","28","1","embedded","","","false","false","false","true","false","true","false","1","not_certified_by_automation"
"toan-n3-201312-full","toan_q_2013_12_29","29","4","embedded","","","false","false","false","true","false","true","false","4","not_certified_by_automation"
"toan-n3-201312-full","toan_q_2013_12_30","30","3","embedded","","","false","false","false","true","false","true","false","3","not_certified_by_automation"
"toan-n3-201312-full","toan_q_2013_12_31","31","3","embedded","","","false","false","false","false","false","true","false","3","not_certified_by_automation"
"toan-n3-201312-full","toan_q_2013_12_32","32","2","embedded","","","false","false","false","false","false","true","false","2","not_certified_by_automation"
"toan-n3-201312-full","toan_q_2013_12_33","33","4","embedded","","","false","false","false","false","false","true","false","4","not_certified_by_automation"
"toan-n3-201312-full","toan_q_2013_12_34","34","3","embedded","","","false","false","false","false","false","true","false","3","not_certified_by_automation"
"toan-n3-201312-full","toan_q_2013_12_35","35","1","embedded","","","false","false","false","false","false","true","false","1","not_certified_by_automation"
"toan-n3-201312-full","toan_q_2013_12_36","36","4","embedded","","","false","false","false","true","false","true","false","4","not_certified_by_automation"
"toan-n3-201312-full","toan_q_2013_12_37","37","2","embedded","","","false","false","false","true","true","true","false","2","not_certified_by_automation"
"toan-n3-201312-full","toan_q_2013_12_38","38","2","embedded","","","false","false","false","true","false","true","false","2","not_certified_by_automation"
"toan-n3-201312-full","toan_q_2013_12_39","39","3","embedded","","","false","false","false","true","true","true","false","3","not_certified_by_automation"
"toan-n3-201312-full","toan_q_2013_12_40","40","1","embedded","","","false","false","false","true","false","true","false","1","not_certified_by_automation"
"toan-n3-201312-full","toan_q_2013_12_41","41","3","embedded","","","false","false","false","true","true","true","false","3","not_certified_by_automation"
"toan-n3-201312-full","toan_q_2013_12_42","42","4","embedded","","","false","false","false","true","true","true","false","4","not_certified_by_automation"
"toan-n3-201312-full","toan_q_2013_12_43","43","1","embedded","","","false","false","false","true","true","true","false","1","not_certified_by_automation"
"toan-n3-201312-full","toan_q_2013_12_44","44","4","embedded","","","false","false","false","true","false","true","false","4","not_certified_by_automation"
"toan-n3-201312-full","toan_q_2013_12_45","45","2","embedded","","","false","false","false","true","true","true","false","2","not_certified_by_automation"
"toan-n3-201312-full","toan_q_2013_12_46","46","2","embedded","","","false","false","false","true","true","true","false","2","not_certified_by_automation"
"toan-n3-201312-full","toan_q_2013_12_47","47","3","embedded","","","false","false","false","true","false","true","false","3","not_certified_by_automation"
"toan-n3-201312-full","toan_q_2013_12_48","48","1","embedded","","","false","false","false","true","true","true","false","1","not_certified_by_automation"
"toan-n3-201312-full","toan_q_2013_12_49","49","1","embedded","","","false","false","false","true","true","false","false","1","not_certified_by_automation"
"toan-n3-201312-full","toan_q_2013_12_50","50","1","embedded","","","false","false","false","true","false","false","false","1","not_certified_by_automation"
"toan-n3-201312-full","toan_q_2013_12_51","51","2","embedded","","","false","false","false","true","false","false","false","2","not_certified_by_automation"
"toan-n3-201312-full","toan_q_2013_12_52","52","4","embedded","","","false","false","false","true","true","false","false","4","not_certified_by_automation"
"toan-n3-201312-full","toan_q_2013_12_53","53","3","embedded","","","false","false","false","true","false","false","false","3","not_certified_by_automation"
"toan-n3-201312-full","toan_q_2013_12_54","54","3","embedded","","","false","false","false","true","true","true","false","3","not_certified_by_automation"
"toan-n3-201312-full","toan_q_2013_12_55","55","2","embedded","","","false","false","false","true","false","true","false","2","not_certified_by_automation"
"toan-n3-201312-full","toan_q_2013_12_56","56","1","curated","","","false","false","false","false","true","true","false","1","not_certified_by_automation"
"toan-n3-201312-full","toan_q_2013_12_57","57","3","embedded","","","false","false","false","true","true","true","false","3","not_certified_by_automation"
"toan-n3-201312-full","toan_q_2013_12_58","58","4","embedded","","","false","false","false","true","false","true","false","4","not_certified_by_automation"
"toan-n3-201312-full","toan_q_2013_12_59","59","3","curated","","","false","false","false","false","false","false","false","3","not_certified_by_automation"
"toan-n3-201312-full","toan_q_2013_12_60","60","1","curated","","","false","false","false","false","false","false","false","1","not_certified_by_automation"
"toan-n3-201312-full","toan_q_2013_12_61","61","4","curated","","","false","false","false","false","false","false","false","4","not_certified_by_automation"
"toan-n3-201312-full","toan_q_2013_12_62","62","2","curated","","","false","false","false","true","false","false","false","2","not_certified_by_automation"
"toan-n3-201312-full","toan_q_2013_12_63","63","2","curated","","","false","false","false","false","false","false","false","2","not_certified_by_automation"
"toan-n3-201312-full","toan_q_2013_12_64","64","3","curated","","","false","false","false","false","false","false","false","3","not_certified_by_automation"
"toan-n3-201312-full","toan_q_2013_12_65","65","1","curated","","","false","false","false","false","false","false","false","1","not_certified_by_automation"
"toan-n3-201312-full","toan_q_2013_12_66","66","3","curated","","","false","false","false","false","true","false","false","3","not_certified_by_automation"
"toan-n3-201312-full","toan_q_2013_12_67","67","2","curated","","","false","false","false","false","false","false","false","2","not_certified_by_automation"
"toan-n3-201312-full","toan_q_2013_12_68","68","4","curated","","","false","false","false","false","false","false","false","4","not_certified_by_automation"
"toan-n3-201312-full","toan_q_2013_12_69","69","3","curated","","","false","false","false","false","false","false","false","3","not_certified_by_automation"
"toan-n3-201312-full","toan_q_2013_12_70","70","1","curated","","","false","false","false","false","false","false","false","1","not_certified_by_automation"
"toan-n3-201312-full","toan_q_2013_12_71","71","1","curated","","","false","false","false","false","false","false","false","1","not_certified_by_automation"
"toan-n3-201312-full","toan_q_2013_12_72","72","3","curated","","","false","false","false","false","false","false","false","3","not_certified_by_automation"
"toan-n3-201312-full","toan_q_2013_12_73","73","4","curated","","","false","false","false","true","true","false","false","4","not_certified_by_automation"
"toan-n3-201312-full","toan_q_2013_12_74","74","2","curated","","","false","false","false","false","false","false","false","2","not_certified_by_automation"
"toan-n3-201312-full","toan_q_2013_12_75","75","2","curated","","","true","false","false","true","true","true","false","2","not_certified_by_automation"
"toan-n3-201312-full","toan_q_2013_12_76","76","4","curated","","","false","false","false","true","false","true","false","4","not_certified_by_automation"
"toan-n3-201312-full","toan_q_2013_12_77","77","1","curated","","","true","false","false","true","false","true","false","1","not_certified_by_automation"
"toan-n3-201312-full","toan_q_2013_12_78","78","4","curated","","","false","false","false","true","true","true","false","4","not_certified_by_automation"
"toan-n3-201312-full","toan_q_2013_12_79","79","2","curated","","","false","false","false","true","false","true","false","2","not_certified_by_automation"
"toan-n3-201312-full","toan_q_2013_12_80","80","2","curated","","","false","false","false","true","true","true","true","1","not_certified_by_automation"
"toan-n3-201312-full","toan_q_2013_12_81","81","2","curated","","","false","false","false","true","false","true","false","2","not_certified_by_automation"
"toan-n3-201312-full","toan_q_2013_12_82","82","3","curated","","","false","false","false","true","false","true","false","3","not_certified_by_automation"
"toan-n3-201312-full","toan_q_2013_12_83","83","4","curated","","","false","false","false","true","true","true","false","4","not_certified_by_automation"
"toan-n3-201312-full","toan_q_2013_12_84","84","3","curated","","","false","false","false","true","true","true","false","3","not_certified_by_automation"
"toan-n3-201312-full","toan_q_2013_12_85","85","2","curated","","","false","false","false","true","false","true","false","2","not_certified_by_automation"
"toan-n3-201312-full","toan_q_2013_12_86","86","1","curated","","","false","false","false","true","true","true","false","1","not_certified_by_automation"
"toan-n3-201312-full","toan_q_2013_12_87","87","2","curated","","","false","false","false","true","true","true","false","2","not_certified_by_automation"
"toan-n3-201312-full","toan_q_2013_12_88","88","2","curated","","","false","false","false","true","true","true","false","2","not_certified_by_automation"
"toan-n3-201312-full","toan_q_2013_12_89","89","3","curated","","","false","false","false","true","true","true","false","3","not_certified_by_automation"
"toan-n3-201312-full","toan_q_2013_12_90","90","1","curated","","","true","false","false","true","true","true","false","1","not_certified_by_automation"
"toan-n3-201312-full","toan_q_2013_12_91","91","3","curated","","","true","false","false","true","true","true","false","3","not_certified_by_automation"
"toan-n3-201312-full","toan_q_2013_12_92","92","2","curated","","","true","false","false","true","true","true","false","2","not_certified_by_automation"
"toan-n3-201312-full","toan_q_2013_12_93","93","1","curated","","","true","false","false","true","true","true","false","1","not_certified_by_automation"
"toan-n3-201312-full","toan_q_2013_12_94","94","1","curated","","","false","false","false","true","true","true","false","1","not_certified_by_automation"
"toan-n3-201312-full","toan_q_2013_12_95","95","1","curated","","","false","false","false","true","true","true","false","1","not_certified_by_automation"
"toan-n3-201312-full","toan_q_2013_12_96","96","2","curated","","","false","false","false","true","true","true","false","2","not_certified_by_automation"
"toan-n3-201312-full","toan_q_2013_12_97","97","3","curated","","","false","false","false","true","true","true","false","3","not_certified_by_automation"
"toan-n3-201312-full","toan_q_2013_12_98","98","1","curated","","","false","false","false","true","true","true","false","1","not_certified_by_automation"
"toan-n3-201312-full","toan_q_2013_12_99","99","3","curated","","","false","false","false","true","true","true","false","3","not_certified_by_automation"
"toan-n3-201312-full","toan_q_2013_12_100","100","3","curated","","","false","false","false","true","true","true","false","3","not_certified_by_automation"
"toan-n3-201312-full","toan_q_2013_12_101","101","3","curated","","","false","false","false","true","true","true","false","3","not_certified_by_automation"
"toan-n3-201312-full","toan_q_2013_12_102","102","2","curated","","","false","false","false","true","true","true","false","2","not_certified_by_automation"
"toan-n3-201307-full","toan_q_2013_07_1","1","3","embedded","","","false","false","false","true","false","true","false","3","not_certified_by_automation"
"toan-n3-201307-full","toan_q_2013_07_2","2","4","embedded","","","false","false","false","true","false","true","false","4","not_certified_by_automation"
"toan-n3-201307-full","toan_q_2013_07_3","3","1","embedded","","","false","false","false","true","false","true","false","1","not_certified_by_automation"
"toan-n3-201307-full","toan_q_2013_07_4","4","1","embedded","","","false","false","false","true","false","true","false","1","not_certified_by_automation"
"toan-n3-201307-full","toan_q_2013_07_5","5","2","embedded","","","false","false","false","true","false","true","false","2","not_certified_by_automation"
"toan-n3-201307-full","toan_q_2013_07_6","6","1","embedded","","","false","false","false","true","false","true","false","1","not_certified_by_automation"
"toan-n3-201307-full","toan_q_2013_07_7","7","3","embedded","","","false","false","false","true","false","true","false","3","not_certified_by_automation"
"toan-n3-201307-full","toan_q_2013_07_8","8","2","embedded","","","false","false","false","true","false","true","false","2","not_certified_by_automation"
"toan-n3-201307-full","toan_q_2013_07_9","9","2","embedded","","","false","false","false","true","false","false","false","2","not_certified_by_automation"
"toan-n3-201307-full","toan_q_2013_07_10","10","3","embedded","","","false","false","false","true","false","false","false","3","not_certified_by_automation"
"toan-n3-201307-full","toan_q_2013_07_11","11","2","embedded","","","false","false","false","true","true","false","false","2","not_certified_by_automation"
"toan-n3-201307-full","toan_q_2013_07_12","12","1","embedded","","","false","false","false","true","false","false","false","1","not_certified_by_automation"
"toan-n3-201307-full","toan_q_2013_07_13","13","4","embedded","","","false","false","false","true","false","false","false","4","not_certified_by_automation"
"toan-n3-201307-full","toan_q_2013_07_14","14","4","embedded","","","false","false","false","true","false","false","false","4","not_certified_by_automation"
"toan-n3-201307-full","toan_q_2013_07_15","15","4","embedded","","","false","false","false","true","false","false","false","4","not_certified_by_automation"
"toan-n3-201307-full","toan_q_2013_07_16","16","3","embedded","","","false","false","false","true","false","false","false","3","not_certified_by_automation"
"toan-n3-201307-full","toan_q_2013_07_17","17","2","embedded","","","false","false","false","true","false","false","false","2","not_certified_by_automation"
"toan-n3-201307-full","toan_q_2013_07_18","18","3","embedded","","","false","false","false","true","false","false","false","3","not_certified_by_automation"
"toan-n3-201307-full","toan_q_2013_07_19","19","1","embedded","","","false","false","false","true","false","false","false","1","not_certified_by_automation"
"toan-n3-201307-full","toan_q_2013_07_20","20","4","embedded","","","false","false","false","true","false","false","false","4","not_certified_by_automation"
"toan-n3-201307-full","toan_q_2013_07_21","21","4","embedded","","","false","false","false","true","false","false","false","4","not_certified_by_automation"
"toan-n3-201307-full","toan_q_2013_07_22","22","1","embedded","","","false","false","false","true","false","false","false","1","not_certified_by_automation"
"toan-n3-201307-full","toan_q_2013_07_23","23","2","embedded","","","false","false","false","true","false","false","false","2","not_certified_by_automation"
"toan-n3-201307-full","toan_q_2013_07_24","24","4","embedded","","","false","false","false","true","false","false","false","4","not_certified_by_automation"
"toan-n3-201307-full","toan_q_2013_07_25","25","3","embedded","","","false","false","false","true","false","false","false","3","not_certified_by_automation"
"toan-n3-201307-full","toan_q_2013_07_26","26","1","embedded","","","false","false","false","true","false","false","false","1","not_certified_by_automation"
"toan-n3-201307-full","toan_q_2013_07_27","27","2","embedded","","","false","false","false","true","false","false","false","2","not_certified_by_automation"
"toan-n3-201307-full","toan_q_2013_07_28","28","4","embedded","","","false","false","false","true","false","false","false","4","not_certified_by_automation"
"toan-n3-201307-full","toan_q_2013_07_29","29","4","embedded","","","false","false","false","true","false","false","false","4","not_certified_by_automation"
"toan-n3-201307-full","toan_q_2013_07_30","30","2","embedded","","","false","false","false","true","false","false","false","2","not_certified_by_automation"
"toan-n3-201307-full","toan_q_2013_07_31","31","3","embedded","","","false","false","false","false","false","true","false","3","not_certified_by_automation"
"toan-n3-201307-full","toan_q_2013_07_32","32","3","embedded","","","false","false","false","false","false","true","false","3","not_certified_by_automation"
"toan-n3-201307-full","toan_q_2013_07_33","33","1","embedded","","","false","false","false","false","false","true","false","1","not_certified_by_automation"
"toan-n3-201307-full","toan_q_2013_07_34","34","2","embedded","","","false","false","false","false","false","true","false","2","not_certified_by_automation"
"toan-n3-201307-full","toan_q_2013_07_35","35","3","embedded","","","false","false","false","false","false","true","false","3","not_certified_by_automation"
"toan-n3-201307-full","toan_q_2013_07_36","36","3","embedded","","","false","false","false","true","true","true","false","3","not_certified_by_automation"
"toan-n3-201307-full","toan_q_2013_07_37","37","3","embedded","","","false","false","false","true","true","true","false","3","not_certified_by_automation"
"toan-n3-201307-full","toan_q_2013_07_38","38","2","embedded","","","false","false","false","true","true","true","false","2","not_certified_by_automation"
"toan-n3-201307-full","toan_q_2013_07_39","39","4","embedded","","","false","false","false","true","false","true","false","4","not_certified_by_automation"
"toan-n3-201307-full","toan_q_2013_07_40","40","1","embedded","","","false","false","false","true","true","true","false","1","not_certified_by_automation"
"toan-n3-201307-full","toan_q_2013_07_41","41","1","embedded","","","false","false","false","true","false","true","false","1","not_certified_by_automation"
"toan-n3-201307-full","toan_q_2013_07_42","42","2","embedded","","","false","false","false","true","false","true","false","2","not_certified_by_automation"
"toan-n3-201307-full","toan_q_2013_07_43","43","3","embedded","","","false","false","false","true","false","true","false","3","not_certified_by_automation"
"toan-n3-201307-full","toan_q_2013_07_44","44","2","embedded","","","false","false","false","true","true","true","false","2","not_certified_by_automation"
"toan-n3-201307-full","toan_q_2013_07_45","45","3","embedded","","","false","false","false","true","false","true","false","3","not_certified_by_automation"
"toan-n3-201307-full","toan_q_2013_07_46","46","1","embedded","","","false","false","false","true","true","true","false","1","not_certified_by_automation"
"toan-n3-201307-full","toan_q_2013_07_47","47","4","embedded","","","false","false","false","true","true","true","false","4","not_certified_by_automation"
"toan-n3-201307-full","toan_q_2013_07_48","48","4","embedded","","","false","false","false","true","false","true","false","4","not_certified_by_automation"
"toan-n3-201307-full","toan_q_2013_07_49","49","4","embedded","","","false","false","false","true","false","false","false","4","not_certified_by_automation"
"toan-n3-201307-full","toan_q_2013_07_50","50","1","embedded","","","false","false","false","true","false","false","false","1","not_certified_by_automation"
"toan-n3-201307-full","toan_q_2013_07_51","51","2","embedded","","","false","false","false","true","false","false","false","2","not_certified_by_automation"
"toan-n3-201307-full","toan_q_2013_07_52","52","3","embedded","","","false","false","false","true","false","false","false","3","not_certified_by_automation"
"toan-n3-201307-full","toan_q_2013_07_53","53","2","embedded","","","false","false","false","true","true","false","false","2","not_certified_by_automation"
"toan-n3-201307-full","toan_q_2013_07_54","54","1","embedded","","","false","false","false","true","true","true","false","1","not_certified_by_automation"
"toan-n3-201307-full","toan_q_2013_07_55","55","3","embedded","","","false","false","false","true","false","true","false","3","not_certified_by_automation"
"toan-n3-201307-full","toan_q_2013_07_56","56","2","embedded","","","false","false","false","true","false","true","false","2","not_certified_by_automation"
"toan-n3-201307-full","toan_q_2013_07_57","57","4","embedded","","","false","false","false","true","false","true","false","4","not_certified_by_automation"
"toan-n3-201307-full","toan_q_2013_07_58","58","4","embedded","","","false","false","false","true","true","true","false","4","not_certified_by_automation"
"toan-n3-201307-full","toan_q_2013_07_59","59","2","curated","","","false","false","false","false","true","false","false","2","not_certified_by_automation"
"toan-n3-201307-full","toan_q_2013_07_60","60","4","curated","","","false","false","false","false","false","false","false","4","not_certified_by_automation"
"toan-n3-201307-full","toan_q_2013_07_61","61","4","curated","","","false","false","false","false","false","false","false","4","not_certified_by_automation"
"toan-n3-201307-full","toan_q_2013_07_62","62","2","curated","","","false","false","false","true","true","true","false","2","not_certified_by_automation"
"toan-n3-201307-full","toan_q_2013_07_63","63","2","curated","","","false","false","false","false","false","false","false","2","not_certified_by_automation"
"toan-n3-201307-full","toan_q_2013_07_64","64","1","curated","","","false","false","false","false","false","false","false","1","not_certified_by_automation"
"toan-n3-201307-full","toan_q_2013_07_65","65","3","curated","","","false","false","false","false","false","false","false","3","not_certified_by_automation"
"toan-n3-201307-full","toan_q_2013_07_66","66","1","curated","","","false","false","false","false","false","false","false","1","not_certified_by_automation"
"toan-n3-201307-full","toan_q_2013_07_67","67","4","curated","","","false","false","false","false","false","false","false","4","not_certified_by_automation"
"toan-n3-201307-full","toan_q_2013_07_68","68","2","curated","","","false","false","false","false","false","false","false","2","not_certified_by_automation"
"toan-n3-201307-full","toan_q_2013_07_69","69","1","curated","","","false","false","false","false","false","false","false","1","not_certified_by_automation"
"toan-n3-201307-full","toan_q_2013_07_70","70","3","curated","","","false","false","false","false","false","false","false","3","not_certified_by_automation"
"toan-n3-201307-full","toan_q_2013_07_71","71","2","curated","","","false","false","false","false","false","false","false","2","not_certified_by_automation"
"toan-n3-201307-full","toan_q_2013_07_72","72","3","curated","","","false","false","false","false","false","false","false","3","not_certified_by_automation"
"toan-n3-201307-full","toan_q_2013_07_73","73","1","curated","","","false","false","false","false","true","false","false","1","not_certified_by_automation"
"toan-n3-201307-full","toan_q_2013_07_74","74","1","curated","","","false","false","false","false","false","true","false","1","not_certified_by_automation"
"toan-n3-201307-full","toan_q_2013_07_75","75","3","curated","","","true","true","false","false","false","false","false","3","not_certified_by_automation"
"toan-n3-201307-full","toan_q_2013_07_76","76","2","curated","","","false","true","false","false","false","false","false","2","not_certified_by_automation"
"toan-n3-201307-full","toan_q_2013_07_77","77","4","curated","","","false","true","false","false","false","false","false","4","not_certified_by_automation"
"toan-n3-201307-full","toan_q_2013_07_78","78","3","curated","","","false","true","false","false","false","false","false","3","not_certified_by_automation"
"toan-n3-201307-full","toan_q_2013_07_79","79","3","curated","","","true","true","false","false","false","false","false","3","not_certified_by_automation"
"toan-n3-201307-full","toan_q_2013_07_80","80","1","curated","","","false","true","false","false","false","false","false","1","not_certified_by_automation"
"toan-n3-201307-full","toan_q_2013_07_81","81","3","curated","","","false","true","false","false","false","false","false","3","not_certified_by_automation"
"toan-n3-201307-full","toan_q_2013_07_82","82","2","curated","","","false","true","false","false","false","false","false","2","not_certified_by_automation"
"toan-n3-201307-full","toan_q_2013_07_83","83","2","curated","","","false","true","false","false","false","false","false","2","not_certified_by_automation"
"toan-n3-201307-full","toan_q_2013_07_84","84","3","curated","","","false","true","false","false","false","false","false","3","not_certified_by_automation"
"toan-n3-201307-full","toan_q_2013_07_85","85","4","curated","","","false","true","false","false","false","false","false","4","not_certified_by_automation"
"toan-n3-201307-full","toan_q_2013_07_86","86","3","curated","","","false","true","false","false","false","false","false","3","not_certified_by_automation"
"toan-n3-201307-full","toan_q_2013_07_87","87","1","curated","","","false","true","false","false","true","false","false","1","not_certified_by_automation"
"toan-n3-201307-full","toan_q_2013_07_88","88","2","curated","","","false","true","false","false","false","false","false","2","not_certified_by_automation"
"toan-n3-201307-full","toan_q_2013_07_89","89","3","curated","","","false","true","false","false","false","false","false","3","not_certified_by_automation"
"toan-n3-201307-full","toan_q_2013_07_90","90","3","curated","","","true","true","false","false","false","false","false","3","not_certified_by_automation"
"toan-n3-201307-full","toan_q_2013_07_91","91","1","curated","","","true","true","false","false","true","false","false","1","not_certified_by_automation"
"toan-n3-201307-full","toan_q_2013_07_92","92","2","curated","","","true","true","false","true","false","false","false","2","not_certified_by_automation"
"toan-n3-201307-full","toan_q_2013_07_93","93","1","curated","","","true","true","false","false","false","false","false","1","not_certified_by_automation"
"toan-n3-201307-full","toan_q_2013_07_94","94","3","curated","","","false","true","false","false","false","false","false","3","not_certified_by_automation"
"toan-n3-201307-full","toan_q_2013_07_95","95","2","curated","","","false","true","false","false","false","false","false","2","not_certified_by_automation"
"toan-n3-201307-full","toan_q_2013_07_96","96","3","curated","","","false","true","false","true","false","false","false","3","not_certified_by_automation"
"toan-n3-201307-full","toan_q_2013_07_97","97","2","curated","","","false","true","false","false","false","false","false","2","not_certified_by_automation"
"toan-n3-201307-full","toan_q_2013_07_98","98","3","curated","","","false","true","false","false","false","false","false","3","not_certified_by_automation"
"toan-n3-201307-full","toan_q_2013_07_99","99","1","curated","","","false","true","false","false","false","false","false","1","not_certified_by_automation"
"toan-n3-201307-full","toan_q_2013_07_100","100","1","curated","","","false","true","false","false","false","false","false","1","not_certified_by_automation"
"toan-n3-201307-full","toan_q_2013_07_101","101","3","curated","","","false","true","false","false","false","false","false","3","not_certified_by_automation"
"toan-n3-201307-full","toan_q_2013_07_102","102","2","curated","","","false","true","false","false","false","false","false","2","not_certified_by_automation"
"toan-n3-201212-full","toan_q_2012_12_1","1","2","embedded","","","false","false","false","true","false","true","false","2","not_certified_by_automation"
"toan-n3-201212-full","toan_q_2012_12_2","2","3","embedded","","","false","false","false","true","false","true","false","3","not_certified_by_automation"
"toan-n3-201212-full","toan_q_2012_12_3","3","4","embedded","","","false","false","false","true","false","true","false","4","not_certified_by_automation"
"toan-n3-201212-full","toan_q_2012_12_4","4","2","embedded","","","false","false","false","true","false","true","false","2","not_certified_by_automation"
"toan-n3-201212-full","toan_q_2012_12_5","5","1","embedded","","","false","false","false","true","false","true","false","1","not_certified_by_automation"
"toan-n3-201212-full","toan_q_2012_12_6","6","3","embedded","","","false","false","false","true","false","true","false","3","not_certified_by_automation"
"toan-n3-201212-full","toan_q_2012_12_7","7","1","embedded","","","false","false","false","true","true","true","false","1","not_certified_by_automation"
"toan-n3-201212-full","toan_q_2012_12_8","8","4","embedded","","","false","false","false","true","true","true","false","4","not_certified_by_automation"
"toan-n3-201212-full","toan_q_2012_12_9","9","4","embedded","","","false","false","false","true","false","false","false","4","not_certified_by_automation"
"toan-n3-201212-full","toan_q_2012_12_10","10","2","embedded","","","false","false","false","true","false","false","false","2","not_certified_by_automation"
"toan-n3-201212-full","toan_q_2012_12_11","11","1","embedded","","","false","false","false","true","false","true","false","1","not_certified_by_automation"
"toan-n3-201212-full","toan_q_2012_12_12","12","3","embedded","","","false","false","false","true","false","false","false","3","not_certified_by_automation"
"toan-n3-201212-full","toan_q_2012_12_13","13","4","embedded","","","false","false","false","true","false","true","false","4","not_certified_by_automation"
"toan-n3-201212-full","toan_q_2012_12_14","14","1","embedded","","","false","false","false","true","false","false","false","1","not_certified_by_automation"
"toan-n3-201212-full","toan_q_2012_12_15","15","1","embedded","","","false","false","false","true","false","false","false","1","not_certified_by_automation"
"toan-n3-201212-full","toan_q_2012_12_16","16","3","embedded","","","false","false","false","true","false","true","false","3","not_certified_by_automation"
"toan-n3-201212-full","toan_q_2012_12_17","17","3","embedded","","","false","false","false","true","false","true","false","3","not_certified_by_automation"
"toan-n3-201212-full","toan_q_2012_12_18","18","4","embedded","","","false","false","false","true","false","false","false","4","not_certified_by_automation"
"toan-n3-201212-full","toan_q_2012_12_19","19","4","embedded","","","false","false","false","true","false","true","false","4","not_certified_by_automation"
"toan-n3-201212-full","toan_q_2012_12_20","20","2","embedded","","","false","false","false","false","false","true","false","2","not_certified_by_automation"
"toan-n3-201212-full","toan_q_2012_12_21","21","1","embedded","","","false","false","false","true","false","true","false","1","not_certified_by_automation"
"toan-n3-201212-full","toan_q_2012_12_22","22","3","embedded","","","false","false","false","true","false","false","false","3","not_certified_by_automation"
"toan-n3-201212-full","toan_q_2012_12_23","23","1","embedded","","","false","false","false","true","false","true","false","1","not_certified_by_automation"
"toan-n3-201212-full","toan_q_2012_12_24","24","2","embedded","","","false","false","false","true","false","false","false","2","not_certified_by_automation"
"toan-n3-201212-full","toan_q_2012_12_25","25","2","embedded","","","false","false","false","true","false","true","false","2","not_certified_by_automation"
"toan-n3-201212-full","toan_q_2012_12_26","26","2","embedded","","","false","false","false","true","false","false","false","2","not_certified_by_automation"
"toan-n3-201212-full","toan_q_2012_12_27","27","3","embedded","","","false","false","false","true","false","false","false","3","not_certified_by_automation"
"toan-n3-201212-full","toan_q_2012_12_28","28","4","embedded","","","false","false","false","true","false","false","false","4","not_certified_by_automation"
"toan-n3-201212-full","toan_q_2012_12_29","29","3","embedded","","","false","false","false","true","false","false","false","3","not_certified_by_automation"
"toan-n3-201212-full","toan_q_2012_12_30","30","4","embedded","","","false","false","false","true","false","true","true","1","not_certified_by_automation"
"toan-n3-201212-full","toan_q_2012_12_31","31","3","embedded","","","false","false","false","true","false","true","false","3","not_certified_by_automation"
"toan-n3-201212-full","toan_q_2012_12_32","32","4","embedded","","","false","false","false","true","false","true","false","4","not_certified_by_automation"
"toan-n3-201212-full","toan_q_2012_12_33","33","1","embedded","","","false","false","false","true","false","true","false","1","not_certified_by_automation"
"toan-n3-201212-full","toan_q_2012_12_34","34","2","embedded","","","false","false","false","true","false","true","false","2","not_certified_by_automation"
"toan-n3-201212-full","toan_q_2012_12_35","35","2","embedded","","","false","false","false","true","false","true","false","2","not_certified_by_automation"
"toan-n3-201212-full","toan_q_2012_12_36","36","4","embedded","","","false","false","false","true","false","true","false","4","not_certified_by_automation"
"toan-n3-201212-full","toan_q_2012_12_37","37","4","embedded","","","false","false","false","true","true","true","false","4","not_certified_by_automation"
"toan-n3-201212-full","toan_q_2012_12_38","38","1","embedded","","","false","false","false","true","false","true","false","1","not_certified_by_automation"
"toan-n3-201212-full","toan_q_2012_12_39","39","2","embedded","","","false","false","false","true","false","true","false","2","not_certified_by_automation"
"toan-n3-201212-full","toan_q_2012_12_40","40","2","embedded","","","false","false","false","true","true","true","false","2","not_certified_by_automation"
"toan-n3-201212-full","toan_q_2012_12_41","41","1","embedded","","","false","false","false","true","true","true","false","1","not_certified_by_automation"
"toan-n3-201212-full","toan_q_2012_12_42","42","2","embedded","","","false","false","false","true","false","true","false","2","not_certified_by_automation"
"toan-n3-201212-full","toan_q_2012_12_43","43","3","embedded","","","false","false","false","true","true","true","false","3","not_certified_by_automation"
"toan-n3-201212-full","toan_q_2012_12_44","44","3","embedded","","","false","false","false","true","false","true","false","3","not_certified_by_automation"
"toan-n3-201212-full","toan_q_2012_12_45","45","1","embedded","","","false","false","false","true","true","true","false","1","not_certified_by_automation"
"toan-n3-201212-full","toan_q_2012_12_46","46","3","embedded","","","false","false","false","true","true","true","false","3","not_certified_by_automation"
"toan-n3-201212-full","toan_q_2012_12_47","47","2","embedded","","","false","false","false","true","false","true","false","2","not_certified_by_automation"
"toan-n3-201212-full","toan_q_2012_12_48","48","1","embedded","","","false","false","false","true","true","true","false","1","not_certified_by_automation"
"toan-n3-201212-full","toan_q_2012_12_49","49","2","curated","","","false","false","false","true","false","true","false","2","not_certified_by_automation"
"toan-n3-201212-full","toan_q_2012_12_50","50","3","curated","","","false","false","false","true","false","true","false","3","not_certified_by_automation"
"toan-n3-201212-full","toan_q_2012_12_51","51","3","curated","","","false","false","false","true","false","true","false","3","not_certified_by_automation"
"toan-n3-201212-full","toan_q_2012_12_52","52","1","embedded","","","false","false","false","true","false","false","false","1","not_certified_by_automation"
"toan-n3-201212-full","toan_q_2012_12_53","53","4","curated","","","false","false","false","true","false","true","false","4","not_certified_by_automation"
"toan-n3-201212-full","toan_q_2012_12_54","54","4","curated","","","false","false","false","false","false","false","false","4","not_certified_by_automation"
"toan-n3-201212-full","toan_q_2012_12_55","55","2","embedded","","","false","false","false","true","false","true","false","2","not_certified_by_automation"
"toan-n3-201212-full","toan_q_2012_12_56","56","4","embedded","","","false","false","false","true","false","true","false","4","not_certified_by_automation"
"toan-n3-201212-full","toan_q_2012_12_57","57","3","embedded","","","false","false","false","true","false","true","false","3","not_certified_by_automation"
"toan-n3-201212-full","toan_q_2012_12_58","58","1","embedded","","","false","false","false","true","false","true","false","1","not_certified_by_automation"
"toan-n3-201212-full","toan_q_2012_12_59","59","2","curated","","","false","false","false","false","false","true","false","2","not_certified_by_automation"
"toan-n3-201212-full","toan_q_2012_12_60","60","1","curated","","","false","false","false","false","false","false","false","1","not_certified_by_automation"
"toan-n3-201212-full","toan_q_2012_12_61","61","2","curated","","","false","false","false","false","false","false","false","2","not_certified_by_automation"
"toan-n3-201212-full","toan_q_2012_12_62","62","3","curated","","","false","false","false","false","false","false","false","3","not_certified_by_automation"
"toan-n3-201212-full","toan_q_2012_12_63","63","1","curated","","","false","false","false","false","false","false","false","1","not_certified_by_automation"
"toan-n3-201212-full","toan_q_2012_12_64","64","2","curated","","","false","false","false","false","false","false","false","2","not_certified_by_automation"
"toan-n3-201212-full","toan_q_2012_12_65","65","4","curated","","","false","false","false","false","false","false","false","4","not_certified_by_automation"
"toan-n3-201212-full","toan_q_2012_12_66","66","3","curated","","","false","false","false","false","false","false","false","3","not_certified_by_automation"
"toan-n3-201212-full","toan_q_2012_12_67","67","3","curated","","","false","false","false","false","false","false","false","3","not_certified_by_automation"
"toan-n3-201212-full","toan_q_2012_12_68","68","4","curated","","","false","false","false","false","false","false","false","4","not_certified_by_automation"
"toan-n3-201212-full","toan_q_2012_12_69","69","1","curated","","","false","false","false","false","false","false","false","1","not_certified_by_automation"
"toan-n3-201212-full","toan_q_2012_12_70","70","1","curated","","","false","false","false","false","false","false","false","1","not_certified_by_automation"
"toan-n3-201212-full","toan_q_2012_12_71","71","3","curated","","","false","false","false","false","false","false","false","3","not_certified_by_automation"
"toan-n3-201212-full","toan_q_2012_12_72","72","3","curated","","","false","false","false","false","false","false","false","3","not_certified_by_automation"
"toan-n3-201212-full","toan_q_2012_12_73","73","2","curated","","","false","false","false","true","false","false","false","2","not_certified_by_automation"
"toan-n3-201212-full","toan_q_2012_12_74","74","3","curated","","","false","false","false","false","false","false","false","3","not_certified_by_automation"
"toan-n3-201212-full","toan_q_2012_12_75","75","4","curated","","","true","true","false","false","false","false","false","4","not_certified_by_automation"
"toan-n3-201212-full","toan_q_2012_12_76","76","4","curated","","","false","true","false","false","false","false","false","4","not_certified_by_automation"
"toan-n3-201212-full","toan_q_2012_12_77","77","3","curated","","","false","true","false","false","false","false","false","3","not_certified_by_automation"
"toan-n3-201212-full","toan_q_2012_12_78","78","3","curated","","","false","true","false","false","false","false","false","3","not_certified_by_automation"
"toan-n3-201212-full","toan_q_2012_12_79","79","1","curated","","","true","true","false","false","false","false","false","1","not_certified_by_automation"
"toan-n3-201212-full","toan_q_2012_12_80","80","2","curated","","","false","true","false","false","false","false","false","2","not_certified_by_automation"
"toan-n3-201212-full","toan_q_2012_12_81","81","1","curated","","","false","true","false","false","false","false","false","1","not_certified_by_automation"
"toan-n3-201212-full","toan_q_2012_12_82","82","1","curated","","","false","true","false","false","false","false","false","1","not_certified_by_automation"
"toan-n3-201212-full","toan_q_2012_12_83","83","3","curated","","","false","true","false","false","false","false","false","3","not_certified_by_automation"
"toan-n3-201212-full","toan_q_2012_12_84","84","1","curated","","","false","true","false","false","false","false","false","1","not_certified_by_automation"
"toan-n3-201212-full","toan_q_2012_12_85","85","2","curated","","","false","true","false","false","false","false","false","2","not_certified_by_automation"
"toan-n3-201212-full","toan_q_2012_12_86","86","4","curated","","","false","true","false","false","false","false","false","4","not_certified_by_automation"
"toan-n3-201212-full","toan_q_2012_12_87","87","3","curated","","","false","true","false","true","false","false","false","3","not_certified_by_automation"
"toan-n3-201212-full","toan_q_2012_12_88","88","3","curated","","","false","true","false","false","false","false","false","3","not_certified_by_automation"
"toan-n3-201212-full","toan_q_2012_12_89","89","1","curated","","","false","true","false","false","false","false","false","1","not_certified_by_automation"
"toan-n3-201212-full","toan_q_2012_12_90","90","3","curated","","","true","true","false","false","false","false","false","3","not_certified_by_automation"
"toan-n3-201212-full","toan_q_2012_12_91","91","3","curated","","","true","true","false","false","false","false","false","3","not_certified_by_automation"
"toan-n3-201212-full","toan_q_2012_12_92","92","1","curated","","","true","true","false","false","false","false","false","1","not_certified_by_automation"
"toan-n3-201212-full","toan_q_2012_12_93","93","2","curated","","","true","true","false","false","false","true","false","2","not_certified_by_automation"
"toan-n3-201212-full","toan_q_2012_12_94","94","1","curated","","","false","true","false","false","false","false","false","1","not_certified_by_automation"
"toan-n3-201212-full","toan_q_2012_12_95","95","2","curated","","","false","true","false","false","false","false","false","2","not_certified_by_automation"
"toan-n3-201212-full","toan_q_2012_12_96","96","2","curated","","","false","true","false","false","false","false","false","2","not_certified_by_automation"
"toan-n3-201212-full","toan_q_2012_12_97","97","3","curated","","","false","true","false","false","false","false","false","3","not_certified_by_automation"
"toan-n3-201212-full","toan_q_2012_12_98","98","1","curated","","","false","true","false","false","false","false","false","1","not_certified_by_automation"
"toan-n3-201212-full","toan_q_2012_12_99","99","2","curated","","","false","true","false","false","false","false","false","2","not_certified_by_automation"
"toan-n3-201212-full","toan_q_2012_12_100","100","3","curated","","","false","true","false","false","false","false","false","3","not_certified_by_automation"
"toan-n3-201212-full","toan_q_2012_12_101","101","3","curated","","","false","true","false","false","false","false","false","3","not_certified_by_automation"
"toan-n3-201212-full","toan_q_2012_12_102","102","2","curated","","","false","true","false","false","false","false","false","2","not_certified_by_automation"
"toan-n3-201207-full","toan_q_2012_07_1","1","1","embedded","","","false","false","false","true","false","false","false","1","not_certified_by_automation"
"toan-n3-201207-full","toan_q_2012_07_2","2","4","embedded","","","false","false","false","true","false","false","false","4","not_certified_by_automation"
"toan-n3-201207-full","toan_q_2012_07_3","3","1","embedded","","","false","false","false","true","false","false","false","1","not_certified_by_automation"
"toan-n3-201207-full","toan_q_2012_07_4","4","3","embedded","","","false","false","false","true","false","false","false","3","not_certified_by_automation"
"toan-n3-201207-full","toan_q_2012_07_5","5","2","embedded","","","false","false","false","true","false","false","false","2","not_certified_by_automation"
"toan-n3-201207-full","toan_q_2012_07_6","6","4","embedded","","","false","false","false","true","true","false","false","4","not_certified_by_automation"
"toan-n3-201207-full","toan_q_2012_07_7","7","2","embedded","","","false","false","false","true","true","false","false","2","not_certified_by_automation"
"toan-n3-201207-full","toan_q_2012_07_8","8","4","embedded","","","false","false","false","true","false","false","false","4","not_certified_by_automation"
"toan-n3-201207-full","toan_q_2012_07_9","9","3","embedded","","","false","false","false","true","false","false","false","3","not_certified_by_automation"
"toan-n3-201207-full","toan_q_2012_07_10","10","4","embedded","","","false","false","false","true","false","false","false","4","not_certified_by_automation"
"toan-n3-201207-full","toan_q_2012_07_11","11","3","embedded","","","false","false","false","true","false","false","false","3","not_certified_by_automation"
"toan-n3-201207-full","toan_q_2012_07_12","12","2","embedded","","","false","false","false","true","false","false","false","2","not_certified_by_automation"
"toan-n3-201207-full","toan_q_2012_07_13","13","1","embedded","","","false","false","false","true","false","false","false","1","not_certified_by_automation"
"toan-n3-201207-full","toan_q_2012_07_14","14","3","embedded","","","false","false","false","true","false","false","false","3","not_certified_by_automation"
"toan-n3-201207-full","toan_q_2012_07_15","15","1","embedded","","","false","false","false","true","false","false","false","1","not_certified_by_automation"
"toan-n3-201207-full","toan_q_2012_07_16","16","4","embedded","","","false","false","false","true","false","false","false","4","not_certified_by_automation"
"toan-n3-201207-full","toan_q_2012_07_17","17","3","embedded","","","false","false","false","true","false","false","false","3","not_certified_by_automation"
"toan-n3-201207-full","toan_q_2012_07_18","18","2","embedded","","","false","false","false","true","false","false","false","2","not_certified_by_automation"
"toan-n3-201207-full","toan_q_2012_07_19","19","1","embedded","","","false","false","false","true","false","false","false","1","not_certified_by_automation"
"toan-n3-201207-full","toan_q_2012_07_20","20","4","embedded","","","false","false","false","true","true","false","false","4","not_certified_by_automation"
"toan-n3-201207-full","toan_q_2012_07_21","21","2","embedded","","","false","false","false","true","false","false","false","2","not_certified_by_automation"
"toan-n3-201207-full","toan_q_2012_07_22","22","3","embedded","","","false","false","false","true","false","true","false","3","not_certified_by_automation"
"toan-n3-201207-full","toan_q_2012_07_23","23","2","embedded","","","false","false","false","true","false","false","false","2","not_certified_by_automation"
"toan-n3-201207-full","toan_q_2012_07_24","24","4","embedded","","","false","false","false","true","false","false","false","4","not_certified_by_automation"
"toan-n3-201207-full","toan_q_2012_07_25","25","2","embedded","","","false","false","false","true","true","false","false","2","not_certified_by_automation"
"toan-n3-201207-full","toan_q_2012_07_26","26","4","embedded","","","false","false","false","true","false","false","false","4","not_certified_by_automation"
"toan-n3-201207-full","toan_q_2012_07_27","27","2","embedded","","","false","false","false","true","false","false","false","2","not_certified_by_automation"
"toan-n3-201207-full","toan_q_2012_07_28","28","3","embedded","","","false","false","false","true","false","false","false","3","not_certified_by_automation"
"toan-n3-201207-full","toan_q_2012_07_29","29","1","embedded","","","false","false","false","true","false","true","false","1","not_certified_by_automation"
"toan-n3-201207-full","toan_q_2012_07_30","30","3","embedded","","","false","false","false","true","false","false","false","3","not_certified_by_automation"
"toan-n3-201207-full","toan_q_2012_07_31","31","4","embedded","","","false","false","false","true","false","false","false","4","not_certified_by_automation"
"toan-n3-201207-full","toan_q_2012_07_32","32","2","embedded","","","false","false","false","true","false","true","false","2","not_certified_by_automation"
"toan-n3-201207-full","toan_q_2012_07_33","33","1","embedded","","","false","false","false","true","false","false","false","1","not_certified_by_automation"
"toan-n3-201207-full","toan_q_2012_07_34","34","1","embedded","","","false","false","false","true","false","false","false","1","not_certified_by_automation"
"toan-n3-201207-full","toan_q_2012_07_35","35","3","embedded","","","false","false","false","true","false","false","false","3","not_certified_by_automation"
"toan-n3-201207-full","toan_q_2012_07_36","36","4","embedded","","","false","false","false","true","false","true","false","4","not_certified_by_automation"
"toan-n3-201207-full","toan_q_2012_07_37","37","1","embedded","","","false","false","false","true","true","true","false","1","not_certified_by_automation"
"toan-n3-201207-full","toan_q_2012_07_38","38","2","embedded","","","false","false","false","true","true","true","false","2","not_certified_by_automation"
"toan-n3-201207-full","toan_q_2012_07_39","39","2","embedded","","","false","false","false","true","false","true","false","2","not_certified_by_automation"
"toan-n3-201207-full","toan_q_2012_07_40","40","1","embedded","","","false","false","false","true","true","true","false","1","not_certified_by_automation"
"toan-n3-201207-full","toan_q_2012_07_41","41","3","embedded","","","false","false","false","true","true","true","false","3","not_certified_by_automation"
"toan-n3-201207-full","toan_q_2012_07_42","42","4","embedded","","","false","false","false","true","false","true","false","4","not_certified_by_automation"
"toan-n3-201207-full","toan_q_2012_07_43","43","2","embedded","","","false","false","false","true","false","true","false","2","not_certified_by_automation"
"toan-n3-201207-full","toan_q_2012_07_44","44","1","embedded","","","false","false","false","true","true","true","false","1","not_certified_by_automation"
"toan-n3-201207-full","toan_q_2012_07_45","45","4","embedded","","","false","false","false","true","true","true","false","4","not_certified_by_automation"
"toan-n3-201207-full","toan_q_2012_07_46","46","2","embedded","","","false","false","false","true","false","true","false","2","not_certified_by_automation"
"toan-n3-201207-full","toan_q_2012_07_47","47","3","embedded","","","false","false","false","true","true","true","false","3","not_certified_by_automation"
"toan-n3-201207-full","toan_q_2012_07_48","48","3","embedded","","","false","false","false","true","false","true","false","3","not_certified_by_automation"
"toan-n3-201207-full","toan_q_2012_07_49","49","2","embedded","","","false","false","false","true","false","true","true","4","not_certified_by_automation"
"toan-n3-201207-full","toan_q_2012_07_50","50","1","embedded","","","false","false","false","true","false","true","false","1","not_certified_by_automation"
"toan-n3-201207-full","toan_q_2012_07_51","51","4","embedded","","","false","false","false","true","false","true","false","4","not_certified_by_automation"
"toan-n3-201207-full","toan_q_2012_07_52","52","2","embedded","","","false","false","false","true","false","true","false","2","not_certified_by_automation"
"toan-n3-201207-full","toan_q_2012_07_53","53","3","embedded","","","false","false","false","true","false","true","false","3","not_certified_by_automation"
"toan-n3-201207-full","toan_q_2012_07_54","54","4","embedded","","","false","false","false","true","true","true","false","4","not_certified_by_automation"
"toan-n3-201207-full","toan_q_2012_07_55","55","3","embedded","","","false","false","false","true","true","true","false","3","not_certified_by_automation"
"toan-n3-201207-full","toan_q_2012_07_56","56","1","embedded","","","false","false","false","true","true","true","false","1","not_certified_by_automation"
"toan-n3-201207-full","toan_q_2012_07_57","57","2","embedded","","","false","false","false","true","true","true","false","2","not_certified_by_automation"
"toan-n3-201207-full","toan_q_2012_07_58","58","4","embedded","","","false","false","false","true","false","true","false","4","not_certified_by_automation"
"toan-n3-201207-full","toan_q_2012_07_59","59","3","curated","","","false","false","false","true","false","false","false","3","not_certified_by_automation"
"toan-n3-201207-full","toan_q_2012_07_60","60","3","curated","","","false","false","false","true","false","false","false","3","not_certified_by_automation"
"toan-n3-201207-full","toan_q_2012_07_61","61","3","curated","","","false","false","false","false","true","false","false","3","not_certified_by_automation"
"toan-n3-201207-full","toan_q_2012_07_62","62","4","curated","","","false","false","false","false","false","false","false","4","not_certified_by_automation"
"toan-n3-201207-full","toan_q_2012_07_63","63","3","curated","","","false","false","false","false","true","false","false","3","not_certified_by_automation"
"toan-n3-201207-full","toan_q_2012_07_64","64","2","curated","","","false","false","false","false","false","false","false","2","not_certified_by_automation"
"toan-n3-201207-full","toan_q_2012_07_65","65","2","curated","","","false","false","false","false","false","false","false","2","not_certified_by_automation"
"toan-n3-201207-full","toan_q_2012_07_66","66","4","curated","","","false","false","false","false","false","false","false","4","not_certified_by_automation"
"toan-n3-201207-full","toan_q_2012_07_67","67","2","curated","","","false","false","false","false","false","false","false","2","not_certified_by_automation"
"toan-n3-201207-full","toan_q_2012_07_68","68","2","curated","","","false","false","false","false","false","true","false","2","not_certified_by_automation"
"toan-n3-201207-full","toan_q_2012_07_69","69","4","curated","","","false","false","false","false","false","false","false","4","not_certified_by_automation"
"toan-n3-201207-full","toan_q_2012_07_70","70","1","curated","","","false","false","false","false","false","false","false","1","not_certified_by_automation"
"toan-n3-201207-full","toan_q_2012_07_71","71","1","curated","","","false","false","false","false","false","false","false","1","not_certified_by_automation"
"toan-n3-201207-full","toan_q_2012_07_72","72","1","curated","","","false","false","false","false","false","false","false","1","not_certified_by_automation"
"toan-n3-201207-full","toan_q_2012_07_73","73","1","curated","","","false","false","false","false","false","false","false","1","not_certified_by_automation"
"toan-n3-201207-full","toan_q_2012_07_74","74","2","curated","","","false","false","false","false","false","false","false","2","not_certified_by_automation"
"toan-n3-201207-full","toan_q_2012_07_75","75","4","curated","","","false","true","false","false","false","true","false","4","not_certified_by_automation"
"toan-n3-201207-full","toan_q_2012_07_76","76","3","curated","","","false","true","false","false","false","false","false","3","not_certified_by_automation"
"toan-n3-201207-full","toan_q_2012_07_77","77","4","curated","","","false","true","false","false","false","false","false","4","not_certified_by_automation"
"toan-n3-201207-full","toan_q_2012_07_78","78","1","curated","","","true","true","false","false","false","false","false","1","not_certified_by_automation"
"toan-n3-201207-full","toan_q_2012_07_79","79","3","curated","","","false","true","false","false","false","false","false","3","not_certified_by_automation"
"toan-n3-201207-full","toan_q_2012_07_80","80","1","curated","","","false","true","false","false","false","false","false","1","not_certified_by_automation"
"toan-n3-201207-full","toan_q_2012_07_81","81","4","curated","","","false","true","false","false","false","false","false","4","not_certified_by_automation"
"toan-n3-201207-full","toan_q_2012_07_82","82","4","curated","","","false","true","false","false","false","false","false","4","not_certified_by_automation"
"toan-n3-201207-full","toan_q_2012_07_83","83","3","curated","","","false","true","false","false","false","false","false","3","not_certified_by_automation"
"toan-n3-201207-full","toan_q_2012_07_84","84","4","curated","","","false","true","false","false","false","false","false","4","not_certified_by_automation"
"toan-n3-201207-full","toan_q_2012_07_85","85","1","curated","","","false","true","false","false","false","false","false","1","not_certified_by_automation"
"toan-n3-201207-full","toan_q_2012_07_86","86","4","curated","","","false","true","false","false","false","false","false","4","not_certified_by_automation"
"toan-n3-201207-full","toan_q_2012_07_87","87","3","curated","","","false","true","false","false","false","false","false","3","not_certified_by_automation"
"toan-n3-201207-full","toan_q_2012_07_88","88","3","curated","","","false","true","false","false","false","false","false","3","not_certified_by_automation"
"toan-n3-201207-full","toan_q_2012_07_89","89","1","curated","","","false","true","false","false","true","false","false","1","not_certified_by_automation"
"toan-n3-201207-full","toan_q_2012_07_90","90","1","curated","","","true","true","false","false","false","false","false","1","not_certified_by_automation"
"toan-n3-201207-full","toan_q_2012_07_91","91","2","curated","","","true","true","false","false","false","false","false","2","not_certified_by_automation"
"toan-n3-201207-full","toan_q_2012_07_92","92","3","curated","","","true","true","false","false","false","false","false","3","not_certified_by_automation"
"toan-n3-201207-full","toan_q_2012_07_93","93","1","curated","","","true","true","false","false","false","false","false","1","not_certified_by_automation"
"toan-n3-201207-full","toan_q_2012_07_94","94","3","curated","","","false","true","false","false","false","false","false","3","not_certified_by_automation"
"toan-n3-201207-full","toan_q_2012_07_95","95","2","curated","","","false","true","false","false","false","false","false","2","not_certified_by_automation"
"toan-n3-201207-full","toan_q_2012_07_96","96","1","curated","","","false","true","false","false","false","false","false","1","not_certified_by_automation"
"toan-n3-201207-full","toan_q_2012_07_97","97","1","curated","","","false","true","false","false","false","false","false","1","not_certified_by_automation"
"toan-n3-201207-full","toan_q_2012_07_98","98","2","curated","","","false","true","false","false","false","false","false","2","not_certified_by_automation"
"toan-n3-201207-full","toan_q_2012_07_99","99","2","curated","","","false","true","false","false","false","false","false","2","not_certified_by_automation"
"toan-n3-201207-full","toan_q_2012_07_100","100","1","curated","","","false","true","false","false","false","false","false","1","not_certified_by_automation"
"toan-n3-201207-full","toan_q_2012_07_101","101","1","curated","","","false","true","false","true","false","false","false","1","not_certified_by_automation"
"toan-n3-201207-full","toan_q_2012_07_102","102","3","curated","","","false","true","false","false","false","false","false","3","not_certified_by_automation"
"toan-n3-201112-full","toan_q_2011_12_1","1","3","embedded","","","false","false","false","true","true","true","false","3","not_certified_by_automation"
"toan-n3-201112-full","toan_q_2011_12_2","2","2","embedded","","","false","false","false","true","true","true","false","2","not_certified_by_automation"
"toan-n3-201112-full","toan_q_2011_12_3","3","2","embedded","","","false","false","false","true","false","true","false","2","not_certified_by_automation"
"toan-n3-201112-full","toan_q_2011_12_4","4","3","embedded","","","false","false","false","true","true","true","false","3","not_certified_by_automation"
"toan-n3-201112-full","toan_q_2011_12_5","5","4","embedded","","","false","false","false","true","true","true","false","4","not_certified_by_automation"
"toan-n3-201112-full","toan_q_2011_12_6","6","1","embedded","","","false","false","false","true","false","true","false","1","not_certified_by_automation"
"toan-n3-201112-full","toan_q_2011_12_7","7","2","embedded","","","false","false","false","true","false","true","false","2","not_certified_by_automation"
"toan-n3-201112-full","toan_q_2011_12_8","8","4","embedded","","","false","false","false","true","true","true","false","4","not_certified_by_automation"
"toan-n3-201112-full","toan_q_2011_12_9","9","3","embedded","","","false","false","false","true","false","true","false","3","not_certified_by_automation"
"toan-n3-201112-full","toan_q_2011_12_10","10","4","embedded","","","false","false","false","true","false","true","false","4","not_certified_by_automation"
"toan-n3-201112-full","toan_q_2011_12_11","11","4","embedded","","","false","false","false","true","false","true","false","4","not_certified_by_automation"
"toan-n3-201112-full","toan_q_2011_12_12","12","1","embedded","","","false","false","false","true","false","true","false","1","not_certified_by_automation"
"toan-n3-201112-full","toan_q_2011_12_13","13","2","embedded","","","false","false","false","true","false","true","false","2","not_certified_by_automation"
"toan-n3-201112-full","toan_q_2011_12_14","14","3","embedded","","","false","false","false","true","false","true","false","3","not_certified_by_automation"
"toan-n3-201112-full","toan_q_2011_12_15","15","2","embedded","","","false","false","false","true","false","true","false","2","not_certified_by_automation"
"toan-n3-201112-full","toan_q_2011_12_16","16","4","embedded","","","false","false","false","true","true","true","false","4","not_certified_by_automation"
"toan-n3-201112-full","toan_q_2011_12_17","17","2","embedded","","","false","false","false","true","false","true","false","2","not_certified_by_automation"
"toan-n3-201112-full","toan_q_2011_12_18","18","3","embedded","","","false","false","false","true","false","true","false","3","not_certified_by_automation"
"toan-n3-201112-full","toan_q_2011_12_19","19","1","embedded","","","false","false","false","true","true","true","false","1","not_certified_by_automation"
"toan-n3-201112-full","toan_q_2011_12_20","20","2","embedded","","","false","false","false","true","false","true","false","2","not_certified_by_automation"
"toan-n3-201112-full","toan_q_2011_12_21","21","2","embedded","","","false","false","false","true","false","true","false","2","not_certified_by_automation"
"toan-n3-201112-full","toan_q_2011_12_22","22","4","embedded","","","false","false","false","true","false","true","false","4","not_certified_by_automation"
"toan-n3-201112-full","toan_q_2011_12_23","23","1","embedded","","","false","false","false","true","false","true","false","1","not_certified_by_automation"
"toan-n3-201112-full","toan_q_2011_12_24","24","2","embedded","","","false","false","false","true","false","true","false","2","not_certified_by_automation"
"toan-n3-201112-full","toan_q_2011_12_25","25","1","embedded","","","false","false","false","true","false","true","false","1","not_certified_by_automation"
"toan-n3-201112-full","toan_q_2011_12_26","26","4","embedded","","","false","false","false","true","false","true","false","4","not_certified_by_automation"
"toan-n3-201112-full","toan_q_2011_12_27","27","4","embedded","","","false","false","false","true","false","true","false","4","not_certified_by_automation"
"toan-n3-201112-full","toan_q_2011_12_28","28","2","embedded","","","false","false","false","true","false","true","false","2","not_certified_by_automation"
"toan-n3-201112-full","toan_q_2011_12_29","29","3","embedded","","","false","false","false","true","false","true","false","3","not_certified_by_automation"
"toan-n3-201112-full","toan_q_2011_12_30","30","2","embedded","","","false","false","false","true","false","true","false","2","not_certified_by_automation"
"toan-n3-201112-full","toan_q_2011_12_31","31","4","embedded","","","false","false","false","true","false","true","false","4","not_certified_by_automation"
"toan-n3-201112-full","toan_q_2011_12_32","32","2","embedded","","","false","false","false","true","false","true","false","2","not_certified_by_automation"
"toan-n3-201112-full","toan_q_2011_12_33","33","1","embedded","","","false","false","false","true","false","true","false","1","not_certified_by_automation"
"toan-n3-201112-full","toan_q_2011_12_34","34","1","embedded","","","false","false","false","true","false","true","false","1","not_certified_by_automation"
"toan-n3-201112-full","toan_q_2011_12_35","35","4","embedded","","","false","false","false","true","false","true","false","4","not_certified_by_automation"
"toan-n3-201112-full","toan_q_2011_12_36","36","1","embedded","","","false","false","false","true","false","true","false","1","not_certified_by_automation"
"toan-n3-201112-full","toan_q_2011_12_37","37","3","embedded","","","false","false","false","true","true","true","false","3","not_certified_by_automation"
"toan-n3-201112-full","toan_q_2011_12_38","38","2","embedded","","","false","false","false","true","true","true","false","2","not_certified_by_automation"
"toan-n3-201112-full","toan_q_2011_12_39","39","4","embedded","","","false","false","false","true","false","true","false","4","not_certified_by_automation"
"toan-n3-201112-full","toan_q_2011_12_40","40","2","embedded","","","false","false","false","true","true","true","false","2","not_certified_by_automation"
"toan-n3-201112-full","toan_q_2011_12_41","41","2","embedded","","","false","false","false","true","true","true","false","2","not_certified_by_automation"
"toan-n3-201112-full","toan_q_2011_12_42","42","2","embedded","","","false","false","false","true","true","true","false","2","not_certified_by_automation"
"toan-n3-201112-full","toan_q_2011_12_43","43","1","embedded","","","false","false","false","true","false","true","false","1","not_certified_by_automation"
"toan-n3-201112-full","toan_q_2011_12_44","44","3","embedded","","","false","false","false","true","true","true","false","3","not_certified_by_automation"
"toan-n3-201112-full","toan_q_2011_12_45","45","4","embedded","","","false","false","false","true","false","true","false","4","not_certified_by_automation"
"toan-n3-201112-full","toan_q_2011_12_46","46","3","embedded","","","false","false","false","true","true","true","false","3","not_certified_by_automation"
"toan-n3-201112-full","toan_q_2011_12_47","47","3","embedded","","","false","false","false","true","true","true","false","3","not_certified_by_automation"
"toan-n3-201112-full","toan_q_2011_12_48","48","2","embedded","","","false","false","false","true","false","true","false","2","not_certified_by_automation"
"toan-n3-201112-full","toan_q_2011_12_49","49","4","embedded","","","false","false","false","true","false","true","false","4","not_certified_by_automation"
"toan-n3-201112-full","toan_q_2011_12_50","50","4","embedded","","","false","false","false","true","false","true","false","4","not_certified_by_automation"
"toan-n3-201112-full","toan_q_2011_12_51","51","3","embedded","","","false","false","false","true","false","false","false","3","not_certified_by_automation"
"toan-n3-201112-full","toan_q_2011_12_52","52","4","embedded","","","false","false","false","true","false","false","false","4","not_certified_by_automation"
"toan-n3-201112-full","toan_q_2011_12_53","53","1","embedded","","","false","false","false","true","false","false","false","1","not_certified_by_automation"
"toan-n3-201112-full","toan_q_2011_12_54","54","1","embedded","","","false","false","false","true","false","true","false","1","not_certified_by_automation"
"toan-n3-201112-full","toan_q_2011_12_55","55","2","embedded","","","false","false","false","true","false","true","false","2","not_certified_by_automation"
"toan-n3-201112-full","toan_q_2011_12_56","56","4","embedded","","","false","false","false","true","false","true","false","4","not_certified_by_automation"
"toan-n3-201112-full","toan_q_2011_12_57","57","1","embedded","","","false","false","false","true","true","true","false","1","not_certified_by_automation"
"toan-n3-201112-full","toan_q_2011_12_58","58","3","embedded","","","false","false","false","true","true","true","false","3","not_certified_by_automation"
"toan-n3-201112-full","toan_q_2011_12_59","59","3","curated","","","false","false","false","true","false","false","false","3","not_certified_by_automation"
"toan-n3-201112-full","toan_q_2011_12_60","60","4","curated","","","false","false","false","false","false","false","false","4","not_certified_by_automation"
"toan-n3-201112-full","toan_q_2011_12_61","61","1","curated","","","false","false","false","false","false","false","false","1","not_certified_by_automation"
"toan-n3-201112-full","toan_q_2011_12_62","62","1","curated","","","false","false","false","false","false","false","false","1","not_certified_by_automation"
"toan-n3-201112-full","toan_q_2011_12_63","63","2","curated","","","false","false","false","false","false","false","false","2","not_certified_by_automation"
"toan-n3-201112-full","toan_q_2011_12_64","64","1","curated","","","false","false","false","false","false","false","false","1","not_certified_by_automation"
"toan-n3-201112-full","toan_q_2011_12_65","65","4","curated","","","false","false","false","false","false","false","false","4","not_certified_by_automation"
"toan-n3-201112-full","toan_q_2011_12_66","66","4","curated","","","false","false","false","false","false","false","false","4","not_certified_by_automation"
"toan-n3-201112-full","toan_q_2011_12_67","67","2","curated","","","false","false","false","false","false","false","false","2","not_certified_by_automation"
"toan-n3-201112-full","toan_q_2011_12_68","68","4","curated","","","false","false","false","false","false","false","false","4","not_certified_by_automation"
"toan-n3-201112-full","toan_q_2011_12_69","69","2","curated","","","false","false","false","false","false","false","false","2","not_certified_by_automation"
"toan-n3-201112-full","toan_q_2011_12_70","70","3","curated","","","false","false","false","false","false","false","false","3","not_certified_by_automation"
"toan-n3-201112-full","toan_q_2011_12_71","71","4","curated","","","false","false","false","false","false","false","false","4","not_certified_by_automation"
"toan-n3-201112-full","toan_q_2011_12_72","72","2","curated","","","false","false","false","false","false","false","false","2","not_certified_by_automation"
"toan-n3-201112-full","toan_q_2011_12_73","73","3","curated","","","false","false","false","false","false","false","false","3","not_certified_by_automation"
"toan-n3-201112-full","toan_q_2011_12_74","74","2","curated","","","false","false","false","false","false","false","false","2","not_certified_by_automation"
"toan-n3-201112-full","toan_q_2011_12_75","75","3","curated","","","false","true","false","false","false","false","false","3","not_certified_by_automation"
"toan-n3-201112-full","toan_q_2011_12_76","76","4","curated","","","true","true","false","false","false","false","false","4","not_certified_by_automation"
"toan-n3-201112-full","toan_q_2011_12_77","77","3","curated","","","true","true","false","false","false","false","false","3","not_certified_by_automation"
"toan-n3-201112-full","toan_q_2011_12_78","78","3","curated","","","false","true","false","false","false","false","false","3","not_certified_by_automation"
"toan-n3-201112-full","toan_q_2011_12_79","79","1","curated","","","true","true","false","false","false","false","false","1","not_certified_by_automation"
"toan-n3-201112-full","toan_q_2011_12_80","80","1","curated","","","false","true","false","false","false","false","false","1","not_certified_by_automation"
"toan-n3-201112-full","toan_q_2011_12_81","81","2","curated","","","false","true","false","false","false","false","false","2","not_certified_by_automation"
"toan-n3-201112-full","toan_q_2011_12_82","82","4","curated","","","false","true","false","false","false","false","false","4","not_certified_by_automation"
"toan-n3-201112-full","toan_q_2011_12_83","83","1","curated","","","false","true","false","false","false","false","false","1","not_certified_by_automation"
"toan-n3-201112-full","toan_q_2011_12_84","84","3","curated","","","false","true","false","false","false","false","false","3","not_certified_by_automation"
"toan-n3-201112-full","toan_q_2011_12_85","85","2","curated","","","false","true","false","false","false","true","false","2","not_certified_by_automation"
"toan-n3-201112-full","toan_q_2011_12_86","86","4","curated","","","false","true","false","false","false","false","false","4","not_certified_by_automation"
"toan-n3-201112-full","toan_q_2011_12_87","87","2","curated","","","false","true","false","false","false","false","false","2","not_certified_by_automation"
"toan-n3-201112-full","toan_q_2011_12_88","88","3","curated","","","false","true","false","false","false","false","false","3","not_certified_by_automation"
"toan-n3-201112-full","toan_q_2011_12_89","89","3","curated","","","false","true","false","false","false","false","false","3","not_certified_by_automation"
"toan-n3-201112-full","toan_q_2011_12_90","90","3","curated","","","true","true","false","false","false","false","false","3","not_certified_by_automation"
"toan-n3-201112-full","toan_q_2011_12_91","91","1","curated","","","true","true","false","false","false","false","false","1","not_certified_by_automation"
"toan-n3-201112-full","toan_q_2011_12_92","92","2","curated","","","true","true","false","false","false","false","false","2","not_certified_by_automation"
"toan-n3-201112-full","toan_q_2011_12_93","93","3","curated","","","true","true","false","false","false","false","false","3","not_certified_by_automation"
"toan-n3-201112-full","toan_q_2011_12_94","94","2","curated","","","false","true","false","true","false","false","false","2","not_certified_by_automation"
"toan-n3-201112-full","toan_q_2011_12_95","95","2","curated","","","false","true","false","false","false","false","false","2","not_certified_by_automation"
"toan-n3-201112-full","toan_q_2011_12_96","96","1","curated","","","false","true","false","false","false","false","false","1","not_certified_by_automation"
"toan-n3-201112-full","toan_q_2011_12_97","97","3","curated","","","false","true","false","true","false","false","false","3","not_certified_by_automation"
"toan-n3-201112-full","toan_q_2011_12_98","98","2","curated","","","false","true","false","false","false","false","false","2","not_certified_by_automation"
"toan-n3-201112-full","toan_q_2011_12_99","99","3","curated","","","false","true","false","false","false","false","false","3","not_certified_by_automation"
"toan-n3-201112-full","toan_q_2011_12_100","100","1","curated","","","false","true","false","false","false","false","false","1","not_certified_by_automation"
"toan-n3-201112-full","toan_q_2011_12_101","101","2","curated","","","false","true","false","false","false","false","false","2","not_certified_by_automation"
"toan-n3-201107-full","toan_q_2011_07_1","1","3","embedded","","","false","false","false","true","true","false","false","3","not_certified_by_automation"
"toan-n3-201107-full","toan_q_2011_07_2","2","2","embedded","","","false","false","false","true","true","false","false","2","not_certified_by_automation"
"toan-n3-201107-full","toan_q_2011_07_3","3","2","embedded","","","false","false","false","true","false","false","false","2","not_certified_by_automation"
"toan-n3-201107-full","toan_q_2011_07_4","4","3","embedded","","","false","false","false","true","true","false","false","3","not_certified_by_automation"
"toan-n3-201107-full","toan_q_2011_07_5","5","1","embedded","","","false","false","false","true","true","false","false","1","not_certified_by_automation"
"toan-n3-201107-full","toan_q_2011_07_6","6","4","embedded","","","false","false","false","true","true","false","false","4","not_certified_by_automation"
"toan-n3-201107-full","toan_q_2011_07_7","7","2","embedded","","","false","false","false","true","true","false","false","2","not_certified_by_automation"
"toan-n3-201107-full","toan_q_2011_07_8","8","4","embedded","","","false","false","false","true","true","false","false","4","not_certified_by_automation"
"toan-n3-201107-full","toan_q_2011_07_9","9","3","embedded","","","false","false","false","true","false","false","false","3","not_certified_by_automation"
"toan-n3-201107-full","toan_q_2011_07_10","10","4","embedded","","","false","false","false","true","false","false","false","4","not_certified_by_automation"
"toan-n3-201107-full","toan_q_2011_07_11","11","1","embedded","","","false","false","false","true","false","false","false","1","not_certified_by_automation"
"toan-n3-201107-full","toan_q_2011_07_12","12","2","embedded","","","false","false","false","true","false","false","false","2","not_certified_by_automation"
"toan-n3-201107-full","toan_q_2011_07_13","13","2","embedded","","","false","false","false","true","false","false","false","2","not_certified_by_automation"
"toan-n3-201107-full","toan_q_2011_07_14","14","3","embedded","","","false","false","false","true","false","false","false","3","not_certified_by_automation"
"toan-n3-201107-full","toan_q_2011_07_15","15","2","embedded","","","false","false","false","true","false","false","false","2","not_certified_by_automation"
"toan-n3-201107-full","toan_q_2011_07_16","16","4","embedded","","","false","false","false","true","false","false","false","4","not_certified_by_automation"
"toan-n3-201107-full","toan_q_2011_07_17","17","3","embedded","","","false","false","false","true","false","true","false","3","not_certified_by_automation"
"toan-n3-201107-full","toan_q_2011_07_18","18","3","embedded","","","false","false","false","true","false","false","false","3","not_certified_by_automation"
"toan-n3-201107-full","toan_q_2011_07_19","19","1","embedded","","","false","false","false","true","false","false","false","1","not_certified_by_automation"
"toan-n3-201107-full","toan_q_2011_07_20","20","1","embedded","","","false","false","false","true","false","true","false","1","not_certified_by_automation"
"toan-n3-201107-full","toan_q_2011_07_21","21","2","embedded","","","false","false","false","true","false","false","false","2","not_certified_by_automation"
"toan-n3-201107-full","toan_q_2011_07_22","22","3","embedded","","","false","false","false","true","false","false","false","3","not_certified_by_automation"
"toan-n3-201107-full","toan_q_2011_07_23","23","4","embedded","","","false","false","false","true","true","false","false","4","not_certified_by_automation"
"toan-n3-201107-full","toan_q_2011_07_24","24","2","embedded","","","false","false","false","true","false","false","false","2","not_certified_by_automation"
"toan-n3-201107-full","toan_q_2011_07_25","25","1","embedded","","","false","false","false","true","false","false","false","1","not_certified_by_automation"
"toan-n3-201107-full","toan_q_2011_07_26","26","1","embedded","","","false","false","false","true","false","false","false","1","not_certified_by_automation"
"toan-n3-201107-full","toan_q_2011_07_27","27","4","embedded","","","false","false","false","true","false","false","false","4","not_certified_by_automation"
"toan-n3-201107-full","toan_q_2011_07_28","28","3","embedded","","","false","false","false","true","false","true","false","3","not_certified_by_automation"
"toan-n3-201107-full","toan_q_2011_07_29","29","2","embedded","","","false","false","false","true","false","false","false","2","not_certified_by_automation"
"toan-n3-201107-full","toan_q_2011_07_30","30","3","embedded","","","false","false","false","true","false","false","false","3","not_certified_by_automation"
"toan-n3-201107-full","toan_q_2011_07_31","31","4","embedded","","","false","false","false","true","false","false","false","4","not_certified_by_automation"
"toan-n3-201107-full","toan_q_2011_07_32","32","1","embedded","","","false","false","false","true","false","false","false","1","not_certified_by_automation"
"toan-n3-201107-full","toan_q_2011_07_33","33","4","embedded","","","false","false","false","true","false","false","false","4","not_certified_by_automation"
"toan-n3-201107-full","toan_q_2011_07_34","34","1","embedded","","","false","false","false","true","false","false","false","1","not_certified_by_automation"
"toan-n3-201107-full","toan_q_2011_07_35","35","1","embedded","","","false","false","false","true","false","false","false","1","not_certified_by_automation"
"toan-n3-201107-full","toan_q_2011_07_36","36","2","embedded","","","false","false","false","true","true","true","false","2","not_certified_by_automation"
"toan-n3-201107-full","toan_q_2011_07_37","37","2","embedded","","","false","false","false","true","false","true","false","2","not_certified_by_automation"
"toan-n3-201107-full","toan_q_2011_07_38","38","4","embedded","","","false","false","false","true","true","true","false","4","not_certified_by_automation"
"toan-n3-201107-full","toan_q_2011_07_39","39","3","embedded","","","false","false","false","true","false","true","false","3","not_certified_by_automation"
"toan-n3-201107-full","toan_q_2011_07_40","40","4","embedded","","","false","false","false","true","false","true","false","4","not_certified_by_automation"
"toan-n3-201107-full","toan_q_2011_07_41","41","1","embedded","","","false","false","false","true","true","true","false","1","not_certified_by_automation"
"toan-n3-201107-full","toan_q_2011_07_42","42","2","embedded","","","false","false","false","true","true","true","false","2","not_certified_by_automation"
"toan-n3-201107-full","toan_q_2011_07_43","43","3","embedded","","","false","false","false","true","true","true","false","3","not_certified_by_automation"
"toan-n3-201107-full","toan_q_2011_07_44","44","4","embedded","","","false","false","false","true","true","true","false","4","not_certified_by_automation"
"toan-n3-201107-full","toan_q_2011_07_45","45","4","embedded","","","false","false","false","true","true","true","false","4","not_certified_by_automation"
"toan-n3-201107-full","toan_q_2011_07_46","46","2","embedded","","","false","false","false","true","false","true","false","2","not_certified_by_automation"
"toan-n3-201107-full","toan_q_2011_07_47","47","3","embedded","","","false","false","false","true","true","true","false","3","not_certified_by_automation"
"toan-n3-201107-full","toan_q_2011_07_48","48","1","embedded","","","false","false","false","true","true","true","false","1","not_certified_by_automation"
"toan-n3-201107-full","toan_q_2011_07_49","49","2","embedded","","","false","false","false","true","false","false","false","2","not_certified_by_automation"
"toan-n3-201107-full","toan_q_2011_07_50","50","4","embedded","","","false","false","false","true","false","false","false","4","not_certified_by_automation"
"toan-n3-201107-full","toan_q_2011_07_51","51","2","embedded","","","false","false","false","true","false","true","false","2","not_certified_by_automation"
"toan-n3-201107-full","toan_q_2011_07_52","52","1","embedded","","","false","false","false","true","true","false","false","1","not_certified_by_automation"
"toan-n3-201107-full","toan_q_2011_07_53","53","3","embedded","","","false","false","false","true","true","false","false","3","not_certified_by_automation"
"toan-n3-201107-full","toan_q_2011_07_54","54","3","embedded","","","false","false","false","true","true","true","false","3","not_certified_by_automation"
"toan-n3-201107-full","toan_q_2011_07_55","55","4","embedded","","","false","false","false","true","false","true","false","4","not_certified_by_automation"
"toan-n3-201107-full","toan_q_2011_07_56","56","3","embedded","","","false","false","false","true","false","true","false","3","not_certified_by_automation"
"toan-n3-201107-full","toan_q_2011_07_57","57","2","embedded","","","false","false","false","true","true","true","false","2","not_certified_by_automation"
"toan-n3-201107-full","toan_q_2011_07_58","58","1","embedded","","","false","false","false","true","false","true","false","1","not_certified_by_automation"
"toan-n3-201107-full","toan_q_2011_07_59","59","3","curated","","","false","false","false","false","false","false","false","3","not_certified_by_automation"
"toan-n3-201107-full","toan_q_2011_07_60","60","3","curated","","","false","false","false","false","false","false","false","3","not_certified_by_automation"
"toan-n3-201107-full","toan_q_2011_07_61","61","3","curated","","","false","false","false","false","false","false","false","3","not_certified_by_automation"
"toan-n3-201107-full","toan_q_2011_07_62","62","4","curated","","","false","false","false","false","false","false","false","4","not_certified_by_automation"
"toan-n3-201107-full","toan_q_2011_07_63","63","3","curated","","","false","false","false","false","false","false","false","3","not_certified_by_automation"
"toan-n3-201107-full","toan_q_2011_07_64","64","4","curated","","","false","false","false","false","false","false","false","4","not_certified_by_automation"
"toan-n3-201107-full","toan_q_2011_07_65","65","1","curated","","","false","false","false","false","false","false","false","1","not_certified_by_automation"
"toan-n3-201107-full","toan_q_2011_07_66","66","3","curated","","","false","false","false","false","false","false","false","3","not_certified_by_automation"
"toan-n3-201107-full","toan_q_2011_07_67","67","2","curated","","","false","false","false","false","false","false","false","2","not_certified_by_automation"
"toan-n3-201107-full","toan_q_2011_07_68","68","1","curated","","","false","false","false","false","false","false","false","1","not_certified_by_automation"
"toan-n3-201107-full","toan_q_2011_07_69","69","1","curated","","","false","false","false","false","false","false","false","1","not_certified_by_automation"
"toan-n3-201107-full","toan_q_2011_07_70","70","4","curated","","","false","false","false","false","false","false","false","4","not_certified_by_automation"
"toan-n3-201107-full","toan_q_2011_07_71","71","4","curated","","","false","false","false","false","false","false","false","4","not_certified_by_automation"
"toan-n3-201107-full","toan_q_2011_07_72","72","2","curated","","","false","false","false","false","false","false","false","2","not_certified_by_automation"
"toan-n3-201107-full","toan_q_2011_07_73","73","2","curated","","","false","false","false","false","false","false","false","2","not_certified_by_automation"
"toan-n3-201107-full","toan_q_2011_07_74","74","3","curated","","","false","false","false","false","false","false","false","3","not_certified_by_automation"
"toan-n3-201107-full","toan_q_2011_07_75","75","2","curated","","","true","true","false","false","false","false","false","2","not_certified_by_automation"
"toan-n3-201107-full","toan_q_2011_07_76","76","4","curated","","","false","true","false","false","false","false","false","4","not_certified_by_automation"
"toan-n3-201107-full","toan_q_2011_07_77","77","1","curated","","","false","true","false","false","false","false","false","1","not_certified_by_automation"
"toan-n3-201107-full","toan_q_2011_07_78","78","2","curated","","","false","true","false","false","false","false","false","2","not_certified_by_automation"
"toan-n3-201107-full","toan_q_2011_07_79","79","3","curated","","","false","true","false","false","false","false","false","3","not_certified_by_automation"
"toan-n3-201107-full","toan_q_2011_07_80","80","2","curated","","","false","true","false","false","false","false","false","2","not_certified_by_automation"
"toan-n3-201107-full","toan_q_2011_07_81","81","3","curated","","","false","true","false","false","false","false","false","3","not_certified_by_automation"
"toan-n3-201107-full","toan_q_2011_07_82","82","1","curated","","","false","true","false","false","false","false","false","1","not_certified_by_automation"
"toan-n3-201107-full","toan_q_2011_07_83","83","4","curated","","","false","true","false","false","false","false","false","4","not_certified_by_automation"
"toan-n3-201107-full","toan_q_2011_07_84","84","2","curated","","","false","true","false","false","false","false","false","2","not_certified_by_automation"
"toan-n3-201107-full","toan_q_2011_07_85","85","4","curated","","","false","true","false","false","false","false","false","4","not_certified_by_automation"
"toan-n3-201107-full","toan_q_2011_07_86","86","4","curated","","","false","true","false","false","false","false","false","4","not_certified_by_automation"
"toan-n3-201107-full","toan_q_2011_07_87","87","2","curated","","","false","true","false","false","false","false","false","2","not_certified_by_automation"
"toan-n3-201107-full","toan_q_2011_07_88","88","2","curated","","","false","true","false","false","false","false","false","2","not_certified_by_automation"
"toan-n3-201107-full","toan_q_2011_07_89","89","4","curated","","","false","true","false","false","false","false","false","4","not_certified_by_automation"
"toan-n3-201107-full","toan_q_2011_07_90","90","2","curated","","","true","true","false","false","false","false","false","2","not_certified_by_automation"
"toan-n3-201107-full","toan_q_2011_07_91","91","3","curated","","","true","true","false","false","false","false","false","3","not_certified_by_automation"
"toan-n3-201107-full","toan_q_2011_07_92","92","2","curated","","","true","true","false","false","false","false","false","2","not_certified_by_automation"
"toan-n3-201107-full","toan_q_2011_07_93","93","1","curated","","","true","true","false","false","false","false","false","1","not_certified_by_automation"
"toan-n3-201107-full","toan_q_2011_07_94","94","3","curated","","","false","true","false","false","false","false","false","3","not_certified_by_automation"
"toan-n3-201107-full","toan_q_2011_07_95","95","1","curated","","","false","true","false","false","false","false","false","1","not_certified_by_automation"
"toan-n3-201107-full","toan_q_2011_07_96","96","3","curated","","","false","true","false","false","false","false","false","3","not_certified_by_automation"
"toan-n3-201107-full","toan_q_2011_07_97","97","2","curated","","","false","true","false","false","false","false","false","2","not_certified_by_automation"
"toan-n3-201107-full","toan_q_2011_07_98","98","2","curated","","","false","true","false","false","false","false","false","2","not_certified_by_automation"
"toan-n3-201107-full","toan_q_2011_07_99","99","1","curated","","","false","true","false","false","false","false","false","1","not_certified_by_automation"
"toan-n3-201107-full","toan_q_2011_07_100","100","3","curated","","","false","true","false","false","false","false","false","3","not_certified_by_automation"
"toan-n3-201107-full","toan_q_2011_07_101","101","2","curated","","","false","true","false","false","false","false","false","2","not_certified_by_automation"
"toan-n3-201007-full","toan_q_2010_07_1","1","3","embedded","","","false","false","false","true","true","true","false","3","not_certified_by_automation"
"toan-n3-201007-full","toan_q_2010_07_2","2","4","embedded","","","false","false","false","true","true","true","false","4","not_certified_by_automation"
"toan-n3-201007-full","toan_q_2010_07_3","3","1","embedded","","","false","false","false","true","true","true","false","1","not_certified_by_automation"
"toan-n3-201007-full","toan_q_2010_07_4","4","4","embedded","","","false","false","false","true","false","true","false","4","not_certified_by_automation"
"toan-n3-201007-full","toan_q_2010_07_5","5","1","embedded","","","false","false","false","true","false","true","false","1","not_certified_by_automation"
"toan-n3-201007-full","toan_q_2010_07_6","6","2","embedded","","","false","false","false","true","false","true","false","2","not_certified_by_automation"
"toan-n3-201007-full","toan_q_2010_07_7","7","2","embedded","","","false","false","false","true","false","true","false","2","not_certified_by_automation"
"toan-n3-201007-full","toan_q_2010_07_8","8","3","embedded","","","false","false","false","true","true","true","false","3","not_certified_by_automation"
"toan-n3-201007-full","toan_q_2010_07_9","9","4","embedded","","","false","false","false","true","false","true","false","4","not_certified_by_automation"
"toan-n3-201007-full","toan_q_2010_07_10","10","3","embedded","","","false","false","false","true","false","true","false","3","not_certified_by_automation"
"toan-n3-201007-full","toan_q_2010_07_11","11","2","embedded","","","false","false","false","true","false","true","false","2","not_certified_by_automation"
"toan-n3-201007-full","toan_q_2010_07_12","12","3","embedded","","","false","false","false","true","true","true","false","3","not_certified_by_automation"
"toan-n3-201007-full","toan_q_2010_07_13","13","3","embedded","","","false","false","false","true","false","true","false","3","not_certified_by_automation"
"toan-n3-201007-full","toan_q_2010_07_14","14","1","embedded","","","false","false","false","true","false","true","false","1","not_certified_by_automation"
"toan-n3-201007-full","toan_q_2010_07_15","15","1","embedded","","","false","false","false","true","false","true","false","1","not_certified_by_automation"
"toan-n3-201007-full","toan_q_2010_07_16","16","4","embedded","","","false","false","false","true","true","true","false","4","not_certified_by_automation"
"toan-n3-201007-full","toan_q_2010_07_17","17","4","embedded","","","false","false","false","true","false","true","false","4","not_certified_by_automation"
"toan-n3-201007-full","toan_q_2010_07_18","18","3","embedded","","","false","false","false","true","false","true","false","3","not_certified_by_automation"
"toan-n3-201007-full","toan_q_2010_07_19","19","2","embedded","","","false","false","false","true","false","true","false","2","not_certified_by_automation"
"toan-n3-201007-full","toan_q_2010_07_20","20","1","embedded","","","false","false","false","true","false","true","false","1","not_certified_by_automation"
"toan-n3-201007-full","toan_q_2010_07_21","21","3","embedded","","","false","false","false","true","false","true","false","3","not_certified_by_automation"
"toan-n3-201007-full","toan_q_2010_07_22","22","2","embedded","","","false","false","false","true","false","true","false","2","not_certified_by_automation"
"toan-n3-201007-full","toan_q_2010_07_23","23","4","embedded","","","false","false","false","true","false","true","false","4","not_certified_by_automation"
"toan-n3-201007-full","toan_q_2010_07_24","24","3","embedded","","","false","false","false","true","false","true","false","3","not_certified_by_automation"
"toan-n3-201007-full","toan_q_2010_07_25","25","1","embedded","","","false","false","false","true","false","true","false","1","not_certified_by_automation"
"toan-n3-201007-full","toan_q_2010_07_26","26","1","embedded","","","false","false","false","true","false","true","false","1","not_certified_by_automation"
"toan-n3-201007-full","toan_q_2010_07_27","27","2","embedded","","","false","false","false","true","false","true","false","2","not_certified_by_automation"
"toan-n3-201007-full","toan_q_2010_07_28","28","3","embedded","","","false","false","false","true","false","true","false","3","not_certified_by_automation"
"toan-n3-201007-full","toan_q_2010_07_29","29","3","embedded","","","false","false","false","true","false","true","false","3","not_certified_by_automation"
"toan-n3-201007-full","toan_q_2010_07_30","30","2","embedded","","","false","false","false","true","false","true","false","2","not_certified_by_automation"
"toan-n3-201007-full","toan_q_2010_07_31","31","4","embedded","","","false","false","false","true","true","true","false","4","not_certified_by_automation"
"toan-n3-201007-full","toan_q_2010_07_32","32","2","embedded","","","false","false","false","true","false","true","false","2","not_certified_by_automation"
"toan-n3-201007-full","toan_q_2010_07_33","33","2","embedded","","","false","false","false","true","false","true","false","2","not_certified_by_automation"
"toan-n3-201007-full","toan_q_2010_07_34","34","1","embedded","","","false","false","false","true","false","true","false","1","not_certified_by_automation"
"toan-n3-201007-full","toan_q_2010_07_35","35","4","embedded","","","false","false","false","true","false","true","false","4","not_certified_by_automation"
"toan-n3-201007-full","toan_q_2010_07_36","36","2","embedded","","","false","false","false","true","false","true","false","2","not_certified_by_automation"
"toan-n3-201007-full","toan_q_2010_07_37","37","3","embedded","","","false","false","false","true","false","true","false","3","not_certified_by_automation"
"toan-n3-201007-full","toan_q_2010_07_38","38","4","embedded","","","false","false","false","true","false","true","false","4","not_certified_by_automation"
"toan-n3-201007-full","toan_q_2010_07_39","39","2","embedded","","","false","false","false","true","false","true","false","2","not_certified_by_automation"
"toan-n3-201007-full","toan_q_2010_07_40","40","1","embedded","","","false","false","false","true","false","true","false","1","not_certified_by_automation"
"toan-n3-201007-full","toan_q_2010_07_41","41","3","embedded","","","false","false","false","true","false","true","false","3","not_certified_by_automation"
"toan-n3-201007-full","toan_q_2010_07_42","42","1","embedded","","","false","false","false","true","true","true","false","1","not_certified_by_automation"
"toan-n3-201007-full","toan_q_2010_07_43","43","4","embedded","","","false","false","false","true","false","true","false","4","not_certified_by_automation"
"toan-n3-201007-full","toan_q_2010_07_44","44","4","embedded","","","false","false","false","true","false","true","false","4","not_certified_by_automation"
"toan-n3-201007-full","toan_q_2010_07_45","45","2","embedded","","","false","false","false","true","true","true","false","2","not_certified_by_automation"
"toan-n3-201007-full","toan_q_2010_07_46","46","3","embedded","","","false","false","false","true","true","true","false","3","not_certified_by_automation"
"toan-n3-201007-full","toan_q_2010_07_47","47","1","embedded","","","false","false","false","true","false","true","false","1","not_certified_by_automation"
"toan-n3-201007-full","toan_q_2010_07_48","48","3","embedded","","","false","false","false","true","false","true","false","3","not_certified_by_automation"
"toan-n3-201007-full","toan_q_2010_07_49","49","3","embedded","","","false","false","false","true","false","true","false","3","not_certified_by_automation"
"toan-n3-201007-full","toan_q_2010_07_50","50","1","embedded","","","false","false","false","true","false","true","false","1","not_certified_by_automation"
"toan-n3-201007-full","toan_q_2010_07_51","51","2","embedded","","","false","false","false","true","false","true","false","2","not_certified_by_automation"
"toan-n3-201007-full","toan_q_2010_07_52","52","2","embedded","","","false","false","false","true","false","true","false","2","not_certified_by_automation"
"toan-n3-201007-full","toan_q_2010_07_53","53","4","embedded","","","false","false","false","true","false","true","true","1","not_certified_by_automation"
"toan-n3-201007-full","toan_q_2010_07_54","54","1","embedded","","","false","false","false","true","true","true","false","1","not_certified_by_automation"
"toan-n3-201007-full","toan_q_2010_07_55","55","3","embedded","","","false","false","false","true","false","true","false","3","not_certified_by_automation"
"toan-n3-201007-full","toan_q_2010_07_56","56","1","embedded","","","false","false","false","true","true","true","false","1","not_certified_by_automation"
"toan-n3-201007-full","toan_q_2010_07_57","57","2","embedded","","","false","false","false","true","true","true","false","2","not_certified_by_automation"
"toan-n3-201007-full","toan_q_2010_07_58","58","4","embedded","","","false","false","false","true","false","true","false","4","not_certified_by_automation"
"toan-n3-201007-full","toan_q_2010_07_59","59","2","curated","","","false","false","false","false","true","false","false","2","not_certified_by_automation"
"toan-n3-201007-full","toan_q_2010_07_60","60","4","curated","","","false","false","false","false","false","false","false","4","not_certified_by_automation"
"toan-n3-201007-full","toan_q_2010_07_61","61","3","curated","","","false","false","false","false","false","false","false","3","not_certified_by_automation"
"toan-n3-201007-full","toan_q_2010_07_62","62","2","curated","","","false","false","false","false","false","false","false","2","not_certified_by_automation"
"toan-n3-201007-full","toan_q_2010_07_63","63","3","curated","","","false","false","false","false","false","false","false","3","not_certified_by_automation"
"toan-n3-201007-full","toan_q_2010_07_64","64","4","curated","","","false","false","false","false","false","false","false","4","not_certified_by_automation"
"toan-n3-201007-full","toan_q_2010_07_65","65","2","curated","","","false","false","false","false","false","false","false","2","not_certified_by_automation"
"toan-n3-201007-full","toan_q_2010_07_66","66","1","curated","","","false","false","false","false","false","false","false","1","not_certified_by_automation"
"toan-n3-201007-full","toan_q_2010_07_67","67","4","curated","","","false","false","false","false","false","false","false","4","not_certified_by_automation"
"toan-n3-201007-full","toan_q_2010_07_68","68","3","curated","","","false","false","false","false","false","false","false","3","not_certified_by_automation"
"toan-n3-201007-full","toan_q_2010_07_69","69","1","curated","","","false","false","false","false","false","false","false","1","not_certified_by_automation"
"toan-n3-201007-full","toan_q_2010_07_70","70","3","curated","","","false","false","false","false","false","false","false","3","not_certified_by_automation"
"toan-n3-201007-full","toan_q_2010_07_71","71","4","curated","","","false","false","false","false","false","false","false","4","not_certified_by_automation"
"toan-n3-201007-full","toan_q_2010_07_72","72","4","curated","","","false","false","false","false","false","false","false","4","not_certified_by_automation"
"toan-n3-201007-full","toan_q_2010_07_73","73","2","curated","","","false","false","false","false","false","false","false","2","not_certified_by_automation"
"toan-n3-201007-full","toan_q_2010_07_74","74","1","curated","","","false","false","false","false","false","true","false","1","not_certified_by_automation"
"toan-n3-201007-full","toan_q_2010_07_75","75","3","curated","","","true","true","false","false","false","false","false","3","not_certified_by_automation"
"toan-n3-201007-full","toan_q_2010_07_76","76","3","curated","","","false","true","false","false","false","false","false","3","not_certified_by_automation"
"toan-n3-201007-full","toan_q_2010_07_77","77","4","curated","","","false","true","false","false","false","false","false","4","not_certified_by_automation"
"toan-n3-201007-full","toan_q_2010_07_78","78","3","curated","","","false","true","false","false","false","false","false","3","not_certified_by_automation"
"toan-n3-201007-full","toan_q_2010_07_79","79","4","curated","","","false","true","false","false","false","false","false","4","not_certified_by_automation"
"toan-n3-201007-full","toan_q_2010_07_80","80","3","curated","","","false","true","false","false","false","false","false","3","not_certified_by_automation"
"toan-n3-201007-full","toan_q_2010_07_81","81","4","curated","","","false","true","false","false","false","false","false","4","not_certified_by_automation"
"toan-n3-201007-full","toan_q_2010_07_82","82","4","curated","","","false","true","false","false","false","false","false","4","not_certified_by_automation"
"toan-n3-201007-full","toan_q_2010_07_83","83","2","curated","","","false","true","false","false","false","false","false","2","not_certified_by_automation"
"toan-n3-201007-full","toan_q_2010_07_84","84","2","curated","","","false","true","false","false","false","false","false","2","not_certified_by_automation"
"toan-n3-201007-full","toan_q_2010_07_85","85","4","curated","","","false","true","false","false","false","false","false","4","not_certified_by_automation"
"toan-n3-201007-full","toan_q_2010_07_86","86","4","curated","","","false","true","false","false","false","false","false","4","not_certified_by_automation"
"toan-n3-201007-full","toan_q_2010_07_87","87","4","curated","","","false","true","false","false","false","false","false","4","not_certified_by_automation"
"toan-n3-201007-full","toan_q_2010_07_88","88","2","curated","","","false","true","false","false","false","false","false","2","not_certified_by_automation"
"toan-n3-201007-full","toan_q_2010_07_89","89","4","curated","","","false","true","false","false","false","false","false","4","not_certified_by_automation"
"toan-n3-201007-full","toan_q_2010_07_90","90","2","curated","","","true","true","false","false","false","false","false","2","not_certified_by_automation"
"toan-n3-201007-full","toan_q_2010_07_91","91","3","curated","","","true","true","false","false","false","false","false","3","not_certified_by_automation"
"toan-n3-201007-full","toan_q_2010_07_92","92","1","curated","","","true","true","false","false","false","false","false","1","not_certified_by_automation"
"toan-n3-201007-full","toan_q_2010_07_93","93","1","curated","","","true","true","false","false","false","false","false","1","not_certified_by_automation"
"toan-n3-201007-full","toan_q_2010_07_94","94","3","curated","","","false","true","false","false","false","false","false","3","not_certified_by_automation"
"toan-n3-201007-full","toan_q_2010_07_95","95","1","curated","","","false","true","false","false","false","false","false","1","not_certified_by_automation"
"toan-n3-201007-full","toan_q_2010_07_96","96","3","curated","","","false","true","false","false","false","false","false","3","not_certified_by_automation"
"toan-n3-201007-full","toan_q_2010_07_97","97","2","curated","","","false","true","false","false","false","false","false","2","not_certified_by_automation"
"toan-n3-201007-full","toan_q_2010_07_98","98","2","curated","","","false","true","false","false","false","false","false","2","not_certified_by_automation"
"toan-n3-201007-full","toan_q_2010_07_99","99","1","curated","","","false","true","false","false","false","false","false","1","not_certified_by_automation"
"toan-n3-201007-full","toan_q_2010_07_100","100","2","curated","","","false","true","false","false","false","false","false","2","not_certified_by_automation"
"toan-n3-201007-full","toan_q_2010_07_101","101","2","curated","","","false","true","false","false","false","false","false","2","not_certified_by_automation"
"toan-n3-201007-full","toan_q_2010_07_102","102","3","curated","","","false","true","false","false","false","false","false","3","not_certified_by_automation"