kanji,hanzi,meaning_vi,meaning_en,jlpt_level,onyomi,kunyomi,stroke_count,radical_utf,radical_name_ja,radical_meaning,story,num_vocab_examples,prev_kanji,next_kanji
土,THỔ,Đất,"soil, earth, ground, Turkey",N5,ド、ト,つち,3,⼟,つち,earth,Cắm cây thập (十) xuống 1 (一) mảnh đất (土),3,千,上
八,BÁT,Tám,"eight, eight radical (no. 12)",N5,ハチ,や、よう、やっつ,2,⼋,はち,eight,Chân đi chữ bát (八),3,二,六
十,THẬP,Mười,ten,N5,ジュウ,とお、と,2,⼗,じゅう,ten,Gạch ngang (一) gạch dọc (丨) ra số 10 (十),5,手,千
二,NHỊ,Hai,"two, two radical (no. 7)",N5,ニ,ふた、ふたつ、ふたり,2,⼆,に,two,2 (二) bước sang ngang,5,一,八
一,NHẤT,Một,"one, one radical (no.1)",N5,イチ,ひと,1,⼀,いち,"one, horizontal stroke",1 (一) bước sang ngang,13,,二
目,MỤC,Mắt,"eye, class, look, insight, experience, care, favor",N5,モク,め、ま,5,⽬,め,eye,Chớp mắt (目) hết một (一) ngày (日),5,日,三
手,THỦ,Cái tay,hand,N5,シュ、ズ,て、た,4,⼿,て,hand,3 (三) thể hiện quyết (亅) tâm bằng tay (手),13,三,十
六,LỤC,Sáu,six,N5,ロク,む、むい、むっつ,4,⼋,はち,eight,Đầu (亠) năm phát (八 - Bát đọc lái thành Phát) Lộc (六 - Lục đọc lái thành Lộc),3,八,日
三,TAM,Ba,three,N5,サン,み、みっか、みっつ,3,⼀,いち,"one, horizontal stroke",3 (三) bước sang ngang,3,目,手
日,NHẬT,Ngày (mặt trời),"day, sun, Japan, counter for days",N5,ニチ、ジツ,ひ、か,4,⽇,ひ,"sun, day, time","Mặt trời giống Hình Chữ Nhật (ロ), bị chia làm đôi (一), nửa trên là Ngày (日), nửa dưới là đêm",35,六,目
千,THIÊN,Một nghìn,thousand,N5,セン,ち,3,⼗,じゅう,ten,Phẩy sang trái (丿) 1 nét trên đầu số 10 (十) mà nó đã thành 1000 (千),2,十,土
下,HẠ,Dưới,"bên dưới, xuống, hạ xuống, cho, thấp, kém cỏi",N5,カ、ゲ,した、しも、さ、さがる、さげる、くだ、くだる、ください、お、おろす、おりる,3,⼀,いち,"one, horizontal stroke",1 (一) lần coi bói (卜) là hạ (下) mình,11,上,万
西,TÂY,Phía tây,"west, Spain",N5,セイ、サイ,にし,6,⻃,にし,"cover, west",1 (一) cái miệng (口) đi chơi xa (儿) tận trời Tây (西) là hư hỏng,3,四,七
七,THẤT,Bảy,seven,N5,シチ,なな、なの、ななつ,2,⼀,いち,"one, horizontal stroke",Giống số 7 ngược,3,西,北
北,BẮC,Phía Bắc,north,N5,ホク,きた,5,⼔,さじ,spoon,Dựa tường (丬) dùng thìa (匕) xúc cơm nhìn về Bắc (北) Hải Đạo,2,七,円
九,CỬU,Chín,nine,N5,キュウ、ク,ここの、ここのつ,2,⼄,おつ,the second ,"Bạn Cáo có chín đuôi (九), bạn Lực cụp đuôi (力)",3,万,口
円,VIÊN,Tiền Yên,"circle, yen, round",N5,エン,まる、まるい,4,⼌ ,けいがまえ,to enclose,Ở biên giới (冂) chỉ tiêu (丄) tiên Yên (円),3,北,五
四,TỨ,Bốn,four,N5,シ,よ、よん,5,⼞,くにがまえ,"border, territorial boundaries",Người vây quanh (囗) chân chạy (儿) bốn (四) phía,3,口,西
口,KHẨU,Cái miệng,mouth,N5,コウ、ク,くち,3,⼝,くち,mouth,Miệng (口) há ra nói lời cay độc,5,九,四
五,NGŨ,Năm,five,N5,ゴ,いつ、いつつ,4,⼆,に,two,Leo từ tầng (Ｔ) 1 (ユ) đến tầng 5 (五),3,円,竹
竹,TRÚC,Tre trúc,bamboo,N5,チク,たけ,6,⽵,たけ,bamboo,Tiếng cười keke (ケケ) phát ra từ bụi trúc (竹),1,五,気
左,TẢ,Trái,left,N5,サ,ひだり,5,⼯,たくみ,"work, carpenter, skill",1 (一) tài Phiệt (丿) vận công (工) bằng tay trái (左),1,気,右
岩,NHAM,Núi đá,"boulder, rock, cliff",N5,ガン,いわ,8,,やまかんむり,mountain,Núi (山) đá (石) hình thành từ nham thạch (岩),2,石,年
人,NHÂN,Người,person,N5,ジン、ニン,ひと,2,⼈,ひと,person,Người (人) đang đội nón,20,年,入
入,NHẬP,Vào,"enter, insert",N5,ニュウ,い、はい、いり、いる、はいる、いれる、いれ,2,⼊,いる,to enter,Nhập (入) ngược với Nhân (人),10,人,大
大,ĐẠI,"To, lớn","large, big",N5,ダイ、タイ,おお、おおきい,3,⼤,だい,"large, big",1 (一) người (人) to lớn (大),19,入,犬
犬,KHUYỂN,Con chó,dog,N5,ケン,いぬ,4,⽝,いぬ,dog,Chấm (丶) to (大) ở lưỡi là chó (犬) khôn,1,大,子
字,TỰ,Chữ,"character, letter, word, section of village",N5,ジ,あざ,6,⼧,うかんむり,"roof, house","Dưới mái nhà (宀), trẻ con (子) đang tập viết chữ (字)",3,子,学
月,NGUYỆT,Mặt trăng,"month, moon",N5,ゲツ、ガツ,つき,4,⽉,つき,"moon, month, period",Hình Mặt Trăng,10,学,言
学,HỌC,Học,"study, learning, science",N5,ガク,まな、まなぶ,8,⼦,こ,"child, son",3 (⺍) đêm trùm khăn (冖) con (子) đều học tập (学) chăm chỉ,18,字,月
子,TỬ,Con,"child, sign of the rat, 11PM-1AM, first sign of Chinese zodiac",N5,シ、ス,こ,3,⼦,こ,"child, son",Kết thúc (了) 1 (一) cuộc tình đẹp là có đứa con (子),15,犬,字
牛,NGƯU,Trâu bò,cow,N5,ギュウ,うし,4,⽜,うし,cow,Con bò (牛) mọc sừng vào đúng giờ Ngọ (午),4,言,花
花,HOA,Hoa,flower,N5,カ,はな,7,⺾,くさかんむり,grass,Cỏ (艹) hóa (化) hoa (花),6,牛,今
上,THƯỢNG,Trên,"above, up",N5,ジョウ、ショウ,うえ、うわ、かみ、あ、あげる、あがる、のぼ、のぼる,3,⼀,いち,"one, horizontal stroke",Bốc (卜) 1 (一) quẻ lên (上) xem vận mệnh,10,土,下
気,KHÍ,Không khí,"spirit, mind, air, atmosphere, mood",N5,キ、ケ,"いき, き",6,⽓,きがまえ,"steam, air",Khí (气) mà mọi người đều mê (メ) là không khí (気),11,竹,左
今,KIM,"Hiện tại, bây giờ",now,N5,コン、キン,いま,4,𠆢,ひとやね,person ,Người (𠆢) RA (ラ) xem bây giờ (今) là mấy giờ?,14,花,米
万,VẠN,Mười nghìn,"ten thousand, 10,000",N5,マン、バン,よろず,3,⼀,いち,"one, horizontal stroke",1 (一) bao (勹) thóc giá 1 vạn (万),1,下,九
石,THẠCH,Đá,stone,N5,セキ、シャク、コク,いし,5,⽯,いし,stone,1 (一) tài Phiệt (丿) phải có miệng (口) sắt đá (石),3,右,岩
右,HỮU,Phải,right,N5,ウ、ユウ,みぎ,5,⼝,くち,mouth,1 (一) tài Phiệt (丿) miệng (口) nói toàn điều phải (右),1,左,石
言,NGÔN,Nói,"say, word",N5,ゲン、ゴン,い、いう、こと,7,⾔,げん,"words, to speak, say",Cái miệng (口) nói (言) 3 lời ngắn 1 lời dài,3,月,牛
年,NIÊN,Năm,"year, counter for years",N5,ネン,とし,6,⼲,かん,"to dry, shield",Nằm (𠂉) suốt 14 (牛) năm (年),15,岩,人
木,MỘC,Cây,"tree, wood",N5,ボク、モク,き、こ,4,⽊,き,"tree, wood",Hình cái cây (木),2,来,林
米,MỄ,Gạo,"rice, USA, metre",N5,ベイ、マイ,こめ,6,⽶,こめ,rice,2 (丷) hạt phía trên cây (木) là hạt gạo (米),2,今,来
来,LAI,Đến,"come, due, next, cause, become",N5,ライ,く、くる、きた、きたる,7,⽊,き,"tree, wood",1 (一) loại gạo (米) mới sẽ ra đời trong tương lai (来),10,米,木
森,SÂM,Rừng rậm,"forest, woods",N5,シン,もり,12,⽊,き,"tree, wood",3 cây (木) là rừng rậm (森),1,林,休
林,LÂM,Rừng thưa,"grove, forest",N5,リン,はやし,8,,きへん,"tree, wood",2 cây (木) là rừng thưa (林),1,木,森
休,HƯU,Nghỉ ngơi,"rest, day off, retire, sleep",N5,キュウ,やす、やすむ、やすみ、やすめる,6,⺅,にんべん,person ,Người đứng (亻) cạnh cây (木) để nghỉ ngơi (休),5,森,本
本,BẢN,"Gốc, sách","book, present, main, origin, true, real, counter for long cylindrical things",N5,ホン,もと,5,⽊,き,"tree, wood",Mỗi cây (木) chỉ có 1 (一) gốc (本),10,休,体
体,THỂ,Cơ thể,"body, substance, object, reality, counter for images",N5,タイ、テイ,からだ,7,⺅,にんべん,person ,Nhân (亻) bản (本) cơ thể (体),5,本,音
音,ÂM,Âm thanh,"sound, noise",N5,オン、ノン、イン,おと、ね,9,⾳,おと,"sound, noise",Đứng (立) ở Nhật (日) nhớ về âm thanh (音) quê hương,5,体,暗
水,THỦY,Nước,water,N5,スイ,みず,4,⽔,みず,water,Hình giọt nước bắn sang 2 bên (水),4,暗,泳
火,HỎA,Lửa,fire,N5,カ,ひ,4,⽕,ひ,fire,2 (丷) tay người (人) vùng vẫy để thoát khỏi đám lửa (火),6,泳,立
暗,ÁM,Tối,"darkness, disappear, shade, informal, grow dark, be blinded",N5,アン,くら、くらい、くらさ,13,,ひへん,"sun, day, time",Ở Nhật (日) âm thanh (音) ồn ảo từ sáng đến tối (暗),2,音,水
泳,VỊNH,Bơi,swim,N5,エイ,およ、およぐ、およぎ,8,⺡,さんずい,water,Nước (氵) vĩnh cửu (永) dùng để bơi (泳),2,水,火
立,LẬP,Đứng,"stand up, rise, set up, erect",N5,リツ、リュウ,た、たて、たつ、たち、たてる,5,⽴,たつ,to stand,"Đầu (亠) đội trời, chân đạp đất (䒑), đứng dậy (立) lập nghiệp",3,火,話
話,THOẠI,"Hội thoại, đàm thoại","tale, talk",N5,ワ,はな、はなす、はなし,13,,ごんべん,"words, to speak, say",Lời nói (言) qua cái lưỡi (舌) thành hội thoại (話),6,立,門
門,MÔN,Cổng,"gate, counter for cannons",N5,モン,かど,8,⾨,もんがまえ,"gate, door",Hình 2 cánh cổng (門),2,話,聞
聞,VĂN,Nghe,"hear, ask, listen",N5,ブン、モン,き、きく、きこえる,14,⾨,もんがまえ,"gate, door",Đứng dưới cổng (門) vểnh tai (耳) nghe (聞),3,門,間
間,GIAN,"Khoảng, thời gian","interval, space",N5,カン、ケン,あいだ、ま,12,⾨,もんがまえ,"gate, door",Cổng (門) ở Nhật (日) là cánh cổng thời gian (間),9,聞,金
買,MÃI,Mua,buy,N5,バイ,か、かう,12,⾙,かい,"shell, property, wealth",Mua (買) võng (罒) cho bảo bối (貝) với giá khuyến mãi,1,貝,生
金,KIM,"Kim loại, tiền, vàng",gold,N5,キン、コン,かね、かな,8,⾦,かね,"metal, gold, mineral",Người (𠆢) làm vua (王) có 2 (丷) túi tiền vàng (金),9,間,貝
貝,BỐI,"Bảo bối, con sò",shellfish,N5,バイ,かい,7,⾙,かい,"shell, property, wealth",Mắt (目) mở to khi nhìn thấy 8 (ハ) bảo bối (貝) quý hiếm,1,金,買
寺,TỰ,Chùa,Buddhist temple,N5,ジ,てら,6,⼨,すん,"inch, (2.25 cm)",Đất (土) thốn (寸) không được xây chùa (寺),1,生,時
生,SINH,Học sinh,"life, genuine, birth",N5,セイ、ショウ,い、いきる、う、うまれる、うむ、お、は、はえる、はやす、なま、き,5,⽣,うまれる,"birth, to be born, live",Học sinh (生) nằm (𠂉) ra đất (土) ngủ,15,買,寺
魚,NGƯ,Con cá,fish,N5,ギョ,うお、さかな,11,⿂,うお,fish,Móc (ク) dưới ruộng (田) rồi đốt lửa (灬) nướng cá (魚),1,時,雨
時,THỜI,"Thời gian, giờ","time, hour",N5,ジ,とき,10,,ひへん,"sun, day, time",Dành thời gian (時) cả ngày (日) trên chùa (寺),8,寺,魚
雨,VŨ,Mưa,rain,N5,ウ,あめ、あま,8,⾬,あめ,rain,"Một (一) tia (〡) giáng xuống biên giới (冂), hàng vạn hạt (丶) mưa (雨) đã rơi",1,魚,電
電,ĐIỆN,Điện,electricity,N5,デン,,13,⻗,あめかんむり,rain,Mưa (雨) ngày (日) càng Lớn (L) làm đứt dây điện (電),10,雨,新
中,TRUNG,"Giữa, bên trong","in, inside, middle, mean, center",N5,チュウ,なか,4,⼁,たてぼう,vertical stroke,Miệng (口) nói thẳng (丨) vào trung tâm (中) của vấn đề,11,新,半
新,TÂN,Mới,new,N5,シン,あら、あたら、あたらしい、あらた、にい,13,⽄,おのづくり,axe,Đứng (立) trên cây (木) khoe cái rìu (斤) mới (新),6,電,中
母,MẪU,Mẹ,mother,N5,ボ,はは,5,⽏,なかれ,"not, mother",Từ nhỏ (く) đến lớn (フ) 2 (丶丶) đứa con được 1 (一) mình mẹ (母) chăm sóc,4,半,方
友,HỮU,Bạn bè,friend,N5,ユウ,とも,4,⼜,また,"again, right hand",1 (一) tài Phiệt (丿) lại (又) có bạn (友) mới,2,方,分
方,PHƯƠNG,Phương hướng,"direction, person, alternative",N5,ホウ,かた,4,⽅,ほう,"direction, flag",Dùng đầu (亠) đội bao (勹) đi bốn phương (方),5,母,友
分,PHÂN,"Chia, phút","part, minute of time, segment, share, degree, one's lot, duty, understand, know, rate, 1%, chances, shaku/100",N5,ブン、フン、ブ,わ、わける、わかる、わかれる,4,⼑,かたな,"knife, sword",Có 8 (八) cây đao (刀) cần phân chia (分),8,友,食
食,THỰC,Ăn,"eat, food",N5,ショク、ジキ,く、くう、た、たべる,9,⾷,しょく,"food, to eat",Người (𠆢) tốt (良) nhất sẽ được ăn (食) ngon,7,分,父
父,PHỤ,Bố,father,N5,フ,ちち,4,⽗,ちち,father,Thế hệ 8 (ハ) X (乂) là Bố (父),3,食,校
百,BÁCH,Một trăm,hundred,N5,ヒャク,もも,6,⽩,しろ,white,Trắng (白) nhất (一) cuộc thi là người được 100 (百) điểm,1,校,読
半,BÁN,Một nửa,"half, middle, odd number, semi-, part-",N5,ハン,なか、なかば,5,⼗,じゅう,ten,2 (丷) 2 (ニ) chia (丨) nửa (半) bằng?,3,中,母
読,ĐỘC,Đọc,read,N5,ドク、トク、トウ,よ、よむ,14,,ごんべん,"words, to speak, say",Lời nói (言) của người bán (売) được đọc (読) từ sách kinh doanh,2,百,車
校,HIỆU,Trường học,"exam, school, printing, proof, correction",N5,コウ,,10,,きへん,"tree, wood",Cây (木) được giao (交) cho thầy Hiệu (校) trưởng,4,父,百
出,XUẤT,"Ra, xuất phát","exit, leave, go out, come out, put out, protrude",N5,シュツ、スイ,で、だ、でる、だす,5,⼐,かんにょう,"container, open box",Bị 2 ngọn núi (山) đè nên không thể xuất (出) ra được,12,明,書
書,THƯ,"Sách, viết",write,N5,ショ,か、かく,10,⽇,ひ,"sun, day, time",Bút (聿) Nhật (日) viết (書) rất đẹp,9,出,元
古,CỔ,"Cổ, cũ",old,N5,コ,ふる、ふるい,5,⼝,くち,mouth,Câu chuyện qua 10 (十) cái miệng (ロ) trở thành truyện cổ (古),1,元,何
車,XA,Xe,car,N5,シャ,くるま,7,⾞,くるま,"vehicle, wheel, car",2 (二) ngày (日) làm xong 1 (丨) chiếc xe (車),9,読,明
夕,TỊCH,Chiều tối,evening,N5,セキ,ゆう,3,⼣,ゆうべ,evening,Chiều tối còn mình ta (夕 - katakana),1,何,外
何,HÀ,"Gì, cái gì",what,N5,カ,なに、なん,7,⺅,にんべん,person ,Người (亻) có khả năng (可) làm cái gì (何)?,17,古,夕
明,MINH,Sáng,"bright, light",N5,メイ、ミョウ,あ、あける、あか、あかるい、あからむ、あき、あきらか,8,,ひへん,"sun, day, time",Mặt Trời (日) và Mặt Trăng (月) đều rất sáng (明),6,車,出
元,NGUYÊN,Nguồn gốc,"beginning, former time, origin",N5,ゲン、ガン,もと,4,⼉,ひとあし,human legs,2 (二) chân (儿) vẫn còn nguyên (元),2,書,古
外,NGOẠI,Bên ngoài,outside,N5,ガイ、ゲ,そと、ほか、はず、はずす、はずれる,5,⼣,ゆうべ,evening,Tatoo (夕) (ト) xuất phát từ ngoại quốc (外),5,夕,多
多,ĐA,Nhiều,"many, frequent, much",N5,タ,おお、おおい、おおく,6,⼣,ゆうべ,evening,Hai ta (夕) là số nhiều (多),2,外,名
名,DANH,Tên,"name, noted, distinguished, reputation",N5,メイ、ミョウ,な,6,⼝,くち,mouth,TA (夕) RO (ロ) là tên (名) rất thông dụng,3,多,小
小,TIỂU,Nhỏ,"little, small",N5,ショウ,ちい、ちいさい、こ、お,3,⼩,しょう,small,Quyết (亅) tâm cắt đôi số 8 (ハ) để chia nhỏ (小),6,名,少
少,THIỂU,Ít,"few, little",N5,ショウ,すく、すこ、すくない、すこし,4,⼩,しょう,small,Đã nhỏ (小) bị lấy đi 1 (ノ) ít càng thiếu (少),3,小,帰
帰,QUY,Trở về,"homecoming, arrive at, lead to, result in",N5,キ,かえ、かえる,10,⼱,はば,cloth,Cầm đao (刂) cầm chổi (帚) quay trở về (帰),2,少,内
内,NỘI,Bên trong,"inside, within, between, among, house, home",N5,ナイ,うち,4,⼌ ,けいがまえ,to enclose,Bên trong (内) biên giới (冂) mọi người (人) thường sống hướng nội,2,帰,肉
肉,NHỤC,Thịt,meat,N5,ニク,しし,6,⾁,にく,"flesh, meat",Bên trong (内) con người (人) là thịt (肉),5,内,見
見,KIẾN,Nhìn,"see, hopes, chances, idea, opinion, look at, visible",N5,ケン,み、みる、みえる、みせる,7,⾒,みる,to see,Kiến nhìn (見) bằng mắt (目) chân chạy (儿) rất nhanh,12,肉,女
女,NỮ,Phụ nữ,"woman, female",N5,ジョ、ニョ、ニョウ,おんな、め,3,⼥,おんな,woman,Em nhỏ (く) lớn (フ) lên thành phụ nữ (女),4,見,好
安,AN,An toàn,"relax, cheap, low, quiet, rested, contented, peaceful",N5,アン,やす、やすい、やすまる、やすらか,6,⼧,うかんむり,"roof, house",Dưới mái nhà (宀) phụ nữ (女) sẽ được an toàn (安),3,好,町
好,HẢO,Thích,"fond, pleasing, like something",N5,コウ,この、このむ、このみ、す、すき、すく、よ、よい、い、いい,6,,おんなへん,woman,Đàn ông thích (好) phụ nữ (女) và trẻ con (子),2,女,安
町,ĐINH,Thị trấn,"town, village, block, street",N5,チョウ,まち,7,,たへん,rice paddy,Ra ruộng (田) dẫm phải đinh (丁) lên thị trấn (町) chữa trị,1,安,東
東,ĐÔNG,Phía Đông,east,N5,トウ,ひがし,8,⽊,き,"tree, wood",Mặt trời (日) lấp ló sau cây (木) ở phía đông (東),2,町,高
山,SƠN,Núi,mountain,N5,サン,やま,3,⼭,やま,mountain,3 cây chụm lại nên hòn núi cao (山),4,高,足
足,TÚC,Chân,"leg, foot, be sufficient, counter for pairs of footwear",N5,ソク,あし、た、たる、たりる、たす,7,⾜,あし,"foot, leg","Chân (足) đá tung mồm (口) hạ (下) nhân (人),",2,山,南
飲,ẨM,Uống,"drink, smoke, take",N5,イン,の、のむ,12,⻟,しょくへん,"food, to eat",Ăn (食) thì không thể thiếu (欠) uống (飲),4,南,田
南,NAM,Phía Nam,south,N5,ナン,みなみ,9,⼗,じゅう,ten,Ở phía Nam (南) có 10 (十) người ra biên giới (冂) nhặt tiền Yên (￥),1,足,飲
茶,TRÀ,Trà,tea,N5,チャ、サ,,9,⺾,くさかんむり,grass,Cô giáo Thảo (艹) là người (人) cười hô hô (ホ) khi uống trà (茶),6,物,行
川,XUYÊN,Sông,"stream, river, river or three-stroke river radical (no. 47)",N5,セン,かわ,3,川,さんぼんがわ,river,Hình dòng sông (川),1,行,耳
田,ĐIỀN,Ruộng,"rice field, rice paddy",N5,デン,た,5,⽥,た,rice paddy,Hình ruộng lúa (田),3,飲,畑
畑,VƯỜN,Ruộng hoa màu,"farm, field, garden, one's specialty, (kokuji)",N5,,はた、はたけ,9,⽥,た,rice paddy,Đốt (火) ruộng (田) làm vườn (畑),2,田,物
高,CAO,"Cao, đắt","tall, high, expensive",N5,コウ,たか、たかい、たかさ、たかまる、たかぶる、たかめる,10,⾼,たかい,high,Lúc đầu (亠) to mồm (口) nhưng bị bán qua biên giới (冂) thì mồm (口) không cao (高) ngạo được nữa,3,東,山
行,HÀNH,"Đi, ngân hàng","going, journey, carry out, conduct, act, line, row, bank",N5,コウ、ギョウ、アン,い、いく、ゆ、ゆく、おこな、おこなう,6,⾏,ぎょうがまえ,to go,2 người (彳) bị dẫm vào 1 (ー) cái đinh (丁) khi đi bộ hành (行),9,茶,川
物,VẬT,"Vật, đồ vật","thing, object, matter",N5,ブツ、モツ,もの,8,,うしへん,cow,Bò (牛) + vật (勿) = Động vật (物),16,畑,茶
耳,NHĨ,Cái tai,ear,N5,ジ,みみ,6,⽿,みみ,ear,Tai (耳) gần giống mắt (目),1,川,男
男,NAM,Đàn ông,male,N5,ダン、ナン,おとこ,7,⽥,た,rice paddy,Làm ruộng (田) phải có sức lực (力) của đàn ông (男),4,耳,先
先,TIÊN,"Trước, tiên sinh","before, ahead, previous, future, precedence",N5,セン,さき,6,⼉,ひとあし,human legs,Tài phiệt (丿) bán đất (土) tháo chạy (儿) trước (先) biến động thị trường,4,男,長
長,TRƯỜNG,Dài,"long, leader, superior, senior",N5,チョウ,なが、ながい,8,⻑,ながい,long,Em (E) mặc y phục (衣) dài (長),6,先,鳥
鳥,ĐIỂU,Con chim,"bird, chicken",N5,チョウ,とり,11,⿃,とり,bird,Ô con quạ (烏) đen biến thành con chim (鳥) trắng,2,長,毛
毛,MAO,Lông,"fur, hair, feather, down",N4,モウ,け,4,⽑,け,hair,Lông (毛) ngược với tay (手),4,鳥,刀
刀,ĐAO,Kiếm,"sword, saber, knife",N4,トウ,かたな,2,⼑,かたな,"knife, sword","Lực (力) thừa, đao (刀) thụt",3,毛,力
丸,HOÀN,Tròn,"round, full (month), perfection, -ship, pills, make round, roll up, curl up, seduce, explain away",N4,ガン,まる、まるい、まるめる,3,⼂,てん,dot,Số 9 (九) cắt (、) đuôi thì hoàn toàn là hình tròn (丸),2,力,究
究,CỨU,Nghiên cứu,"research, study",N4,キュウ,きわ、きわめる,7,,あなかんむり,"hole, cave",Đào lỗ (穴) xuống cửu (九) tuyền để nghiên cứu (究),4,丸,酒
力,LỰC,Sức lực,"power, strength, strong, strain, bear up, exert",N4,リョク、リキ,ちから,2,⼒,ちから,power,Đại Ka (カ) (ka trong bảng katakana) phải có Lực (力),11,刀,丸
酒,TỬU,Rượu,"sake, alcohol",N4,シュ,さけ、さか,10,⾣,ひよみのとり,"sake jar, bird",Ủ men với nước (氵) tới giờ Dậu (酉) sẽ thành rượu (酒),6,究,光
光,QUANG,Ánh sáng,"ray, light",N4,コウ,ひか、ひかる、ひかり,6,⼉,ひとあし,human legs,Tiểu (小) cô nương có 1 (一) cặp chân (儿) trắng sáng (光),5,酒,当
当,ĐƯƠNG,"Đương thời, hiện tại","hit, right, appropriate, himself",N4,トウ,あ、あたり、あたる、あてる,6,⺌,しょうかんむり,small,Tiểu (小) cô nương! Em (ヨ) đương nhiên (当) rất xinh đẹp!,17,光,社
社,XÃ,"Xã hội, công ty","company, firm, office, association, shrine",N4,シャ,やしろ,7,⺭,しめすへん,"altar, festival, religious service",Chỉ thị (ネ) cúng thổ (土) địa cho xã hội (社) phát triển,15,当,降
降,GIÁNG,"Xuống, rơi","descend, precipitate, fall, surrender",N4,コウ,お、ふ、おりる、おろす、ふる、ふり,10,⻖,こざとへん,"hill, mound",Bồ (阝) sau (夂) 14 (牛) năm bị giáng (降) chức,5,社,麦
麦,MẠCH,Lúa mạch,"barley, wheat",N4,バク,むぎ,7,⻨,むぎ,wheat,Ông vua lòi đầu (王) truy (夂) tìm lúa mạch (麦),2,降,太
天,THIÊN,Trời,"heavens, sky, imperial",N4,テン,あめ、あま,4,⼤,だい,"large, big",1 (一) thứ to (大) nhất là trời (天),6,太,夫
太,THÁI,"To, béo","plump, thick, big around",N4,タイ、タ,ふと、ふとる、ふとい、ふとった、ふとさ,4,⼤,だい,"large, big",To (大) + lủng lẳng ( 、) = béo (太),4,麦,天
夫,PHU,Chồng,"husband, man",N4,フ、フウ,おっと,4,⼤,だい,"large, big",Chồng (夫) cao hơn trời (天),8,天,有
有,HỮU,Có,"possess, have, exist, happen, occur, approx",N4,ユウ、ウ,あ、ある,6,⽉,つき,"moon, month, period",Có (有) na (ナ) Nguyệt (月) cũng không thèm ăn,5,夫,午
化,HÓA,Biến hóa,"change, take the form of, influence, enchant, delude, -ization",N4,カ、ケ,ば、ばける、ばかす,4,⼔,さじ,spoon,Người đứng (亻) cười hihi (ヒ) là hóa (化) điên,7,午,界
界,GIỚI,Thế giới,"world, boundary",N4,カイ,,9,⽥,た,rice paddy,Ruộng (田) lúa ở Việt Nam được giới thiệu (介) ra toàn thế giới (界),5,化,奥
奥,ÁO,"Bên trong, sâu","heart, interior",N4,オウ,おく,12,⼤,だい,"large, big",Tài phiệt (ノ) ở biên giới (冂) có đống gạo (米) to (大) cất góc trong cùng (奥),2,界,科
午,NGỌ,Trưa,"noon, sign of the horse, 11AM-1PM, seventh sign of Chinese zodiac",N4,ゴ,うま,4,⼗,じゅう,ten,Người nằm (𠂉) đến 10 (十) giờ trưa (午),2,有,化
科,KHOA,Ngành học,"department, course, section",N4,カ,,9,⽲,のぎへん,grain,Lúa (禾) dùng đấu (斗) để đong rất khoa học (科),8,奥,料
料,LIỆU,Nguyên liệu,"fee, materials",N4,リョウ,,10,⽃,ますづくり,"big dipper, ladle, 18 liters",Đong gạo (米) băng đấu (斗) liệu (料) có chuẩn?,14,科,作
作,TÁC,"Làm, sáng tạo","make, production, prepare, build",N4,サク、サ,つく、つくる、つくり,7,⺅,にんべん,person ,Người (亻) bị Ép (乍) sáng tác (作),8,料,問
開,KHAI,Mở,"open, unfold, unseal",N4,カイ,ひら、ひらく、あ、あく、あける,12,⾨,もんがまえ,"gate, door",Đứng dưới cổng (門) 1 (一) người đang chắp tay (廾) mở (開) cửa,4,問,閉
問,VẤN,Hỏi,"question, ask, problem",N4,モン,と、とう、とい、とん,11,⾨,もんがまえ,"gate, door",Đứng dưới cổng (門) mở miệng (口) hỏi (問),8,作,開
王,VƯƠNG,Vua,"king, rule, magnate",N4,オウ,,4,⽟,たま,jewelry,1 (一) vùng đất (土) chỉ có một vua (王),2,閉,玉
国,QUỐC,Đất nước,country,N4,コク,くに,8,⼞,くにがまえ,"border, territorial boundaries",Vây quanh (口) bảo vệ viên ngọc (玉) quý của quốc gia (国),14,玉,谷
玉,NGỌC,Viên ngọc,"jewel, ball",N4,ギョク,たま,5,⽟,たま,jewelry,Vua (王) là chủ (丶) viên ngọc (玉),4,王,国
谷,CỐC,Thung lũng,valley,N4,コク,たに,7,⾕,たに,valley,8 (八) nhân (人) khẩu (口) sống dưới tuyệt tình cốc (谷),1,国,史
史,SỬ,Lịch sử,"history, chronicle",N4,シ,,5,⼝,くち,mouth,Miệng (口) say mê (メ) kể về lịch sử (史),1,谷,使
使,SỬ,Sử dụng,"use, send on a mission, order, messenger, envoy, ambassador, cause",N4,シ,つか、つかう、つかい,8,⺅,にんべん,person ,Người (亻) được quan lại (吏) sử dụng (使),7,史,台
台,ĐÀI,"Bệ, đài","pedestal, a stand, counter for machines and vehicles",N4,ダイ、タイ,"うてな, われ, つかさ",5,⼝,くち,mouth,4 (ム) mồm (口) nói như đài (台),5,使,始
閉,BẾ,Đóng,"closed, shut",N4,ヘイ,と、とじる、とざす、し、しめる、しまる,11,⾨,もんがまえ,"gate, door",Đứng dưới cổng (門) nói O (才) là cổng sẽ đóng (閉) lại,3,開,王
始,THỦY,Bắt đầu,"commence, begin",N4,シ,はじ、はじまる、はじめる,8,,おんなへん,woman,Người phụ nữ (女) lên vũ đài (台) bắt đầu (始) phát biểu,6,台,治
治,TRỊ,"Trị bệnh, quản lý","reign, be at peace, calm down, subdue, quell, govt, cure, heal, rule, conserve",N4,ジ、チ,おさ、なお、おさめる、おさまる、なおる、なおす,8,⺡,さんずい,water,Dùng nước (氵) ở vũ đài (台) để trị liệu (治),6,始,道
道,ĐẠO,"Đường, đạo lý","road-way, street, district, journey, course, moral, teachings",N4,ドウ、トウ,みち,12,⻌,しんにょう,"road, walk, to advance",Con đường (道) Thủ tướng (首) đi còn xa (辶),13,治,質
質,CHẤT,Chất lượng,"substance, quality, matter, temperament",N4,シツ、シチ、チ,"たち, ただ.す, もと, わりふ",15,⾙,かい,"shell, property, wealth",Dùng 2 rìu (斤) gõ vào bảo bối (貝) để kiểm tra chất lượng (質),4,道,星
星,TINH,Ngôi sao,"star, spot, dot, mark",N4,セイ、ショウ,ほし,9,⽇,ひ,"sun, day, time",Mặt trời (日) sinh (生) ra ngôi sao (星),3,質,持
持,TRÌ,"Cầm, giữ","hold, have",N4,ジ,も、もつ、もち,9,⺘,てへん,hand,Tay (扌) lên chùa (寺) cầm (持) theo lễ vật,8,星,待
待,ĐÃI,Chờ đợi,"wait, depend on",N4,タイ,まつ、またせる,9,⼻,ぎょうにんべん,"step, stride, street, to go",2 người đứng (彳) trên chùa (寺) đợi (待) nhau,6,持,特
文,VĂN,Văn học,"sentence, literature, style, art, decoration, figures, plan, literary radical (no. 67)",N4,ブン、モン,ふみ,4,⽂,ぶん,"literature, letters",Người có ĐẦU ( 亠) óc thường có tài NGHỆ (乂) viết VĂN (文),10,特,雪
雪,TUYẾT,Tuyết,snow,N4,セツ,ゆき,11,⻗,あめかんむり,rain,Mưa (雨) tuyết (雪) rơi dày 3 (彐) lớp,2,文,合
特,ĐẶC,Đặc biệt,special,N4,トク,,10,,うしへん,cow,Con bò ( 牜) trên chùa (寺) rất đặc biệt (特),7,待,文
合,HỢP,Hợp lại,"fit, suit, join, 0.1",N4,ゴウ、カ、ガ,あ、あう、あい、あわす、あわせる,6,⼝,くち,mouth,Người (𠆢) có 1 (一) miệng (口) là hợp (合) lý,28,雪,答
答,ĐÁP,Trả lời,"solution, answer",N4,トウ,こた、こたえ、こたえる,12,⺮,たけかんむり,bamboo,Trúc (⺮) là người thích hợp (合) đại diện trả lời (答),4,合,皿
皿,MÃNH,Cái đĩa,"dish, a helping, plate",N4,ベイ,さら,5,⽫,さら,"plate, bowl",Có một cái bánh ở trên đĩa (皿),2,答,親
親,THÂN,"Cha mẹ, người thân","parent, intimacy, relative, familiarity, dealer (cards)",N4,シン,おや、した、したしい,16,⾒,みる,to see,Đứng (立) trên cây (木) nhìn (見) người thân *bố mẹ* (親),12,皿,虫
虫,TRÙNG,Côn trùng,"insect, bug, temper",N4,チュウ,むし,6,⾍,むし,"worm, insect, bug",Trung(中) nhất (一) huyền (丶) Trùng (虫),3,親,験
験,NGHIỆM,Kiểm nghiệm,"verification, effect, testing",N4,ケン,"あかし, しるし, ため.す, ためし",18,,うまへん,horse,Tìm người (人) phù hợp (合) với ngựa (馬) để thử nghiệm (験) tốc độ,7,虫,毎
毎,MỖI,Mỗi,every,N4,マイ,ごと,6,⽏,なかれ,"not, mother",Con người đừng nằm (𠂉) vô (毋) ích mỗi (毎) ngày,6,験,海
海,HẢI,Biển,"sea, ocean",N4,カイ,うみ,9,⺡,さんずい,water,Nước (氵) mỗi ngày (毎) chảy ra biển (海),5,毎,心
心,TÂM,Trái tim,"heart, mind, spirit, heart radical (no. 61)",N4,シン,こころ,4,⼼,こころ,"heart, mind, spirit",Một vần trăng khuyết (し) 3 sao (ミ) giữa trời là chữ tâm (心),18,海,場
勉,MIỄN,Cố gắng,"exertion, endeavour, encourage, strive, make effort, diligent",N4,ベン,つと.める,10,⼒,ちから,power,Miễn (免) còn sức lực (力) thì còn cố gắng (勉),4,後,晩
後,HẬU,Sau,"behind, back, later",N4,ゴ、コウ,のち、うし、うしろ、あと、おく、おくれ,9,⼻,ぎょうにんべん,"step, stride, street, to go",2 người (彳) yêu (幺) sau (夂) (後) cùng lại chia tay,14,場,勉
場,TRƯỜNG,Nơi chốn,"location, place",N4,ジョウ,ば,12,,つちへん,earth,Xúc đất (士) vật vã (易) ở công trường (場),17,心,後
晩,VÃN,Tối,"nightfall, night",N4,バン,,12,,ひへん,"sun, day, time",Ngày (日) miễn (免) tội đi chơi đến tối (晩),4,勉,銀
銀,NGÂN,Bạc,silver,N4,ギン,しろがね,14,,かねへん,"metal, gold, mineral",Vàng (金) không tốt (良) bằng bạc (銀),2,晩,洋
洋,DƯƠNG,"Biển lớn, phương Tây","ocean, sea, foreign, Western style",N4,ヨウ,,9,⺡,さんずい,water,Nước (氵) đẩy con dê (羊) trôi ra đại dương (洋),5,銀,遅
遅,TRÌ,Trễ,"slow, late, back, later",N4,チ,おく、おそ、おくれる、おくらす、おそい、おそく,12,⻌,しんにょう,"road, walk, to advance",Xe chở xác chết (尸) con dê (羊) đi xa (辶) nên đến muộn (遅),7,洋,様
様,DẠNG,"Dáng vẻ, cách thức","Esq., way, manner, situation, polite suffix",N4,ヨウ,さま,14,,きへん,"tree, wood",Hình dạng (様) cây (木) dương (羊) xỉ mọc dưới nước (水) rất đặc biệt,14,遅,会
会,HỘI,Gặp gỡ,"meeting, meet, party, association, interview, join",N4,カイ、エ,あ、あう,6,𠆢,ひとやね,person ,Người (人) suốt 24 giờ (云) đi chơi hội (会),35,様,雲
雲,VÂN,Mây,cloud,N4,ウン,くも,12,⻗,あめかんむり,rain,Mây (雲) mưa (雨) suốt 24 giờ (云),1,会,交
交,GIAO,"Giao lưu, trao đổi","mingle, mixing, association, coming & going",N4,コウ,まじ、ま、か、まじわる、まじえる、まじる、まざる、まぜる、かう、かわす,6,⼇,なべぶた,"lid, top",Lần đầu (亠) cùng bố (父) vợ giao lưu (交),13,雲,県
夏,HẠ,Mùa hè,summer,N4,カ、ゲ,なつ,10,⼢,なつあし,to go slowly,Còn lại 1 (一) mình (自) sau (攵) mùa hạ (夏),6,宿,原
宿,TÚC,"Ở, trọ","inn, lodging, relay station, dwell, lodge, be pregnant, home, dwelling",N4,シュク,やど、やどる、やどす,11,⼧,うかんむり,"roof, house",Dưới mái nhà (宀) số người (亻) là 100 (百) muốn thuê nhà trọ (宿),3,白,夏
県,HUYỆN,"Quận, huyện",prefecture,N4,ケン,か.ける,9,⽬,め,eye,Người trên tỉnh (県) mắt (目) Lớn (L) mắt nhỏ (小),1,交,白
白,BẠCH,Màu trắng,white,N4,ハク、ビャク,しろ、しら、しろい,5,⽩,しろ,white,Sang Nhật (日) thì trắng (白),7,県,宿
原,NGUYÊN,"Gốc, nguyên nhân","meadow, original, primitive, field, plain, prairie, tundra, wilderness",N4,ゲン,はら,10,⼚,がんだれ,cliff,Thảo nguyên (原) bao trùm bởi những sườn núi (厂) màu trắng (白) nho nhỏ (小),2,夏,私
私,TƯ,Tôi,"private, I, me",N4,シ,わたし、わたくし,7,⽲,のぎへん,grain,Lúa (禾) 4 (ム) bao của tôi (私) hết,5,原,広
広,QUẢNG,Rộng,"wide, broad, spacious",N4,コウ,ひろ、ひろまる、ひろめる、ひろがる、ひろげる、ひろい、ひろさ,5,⼴,まだれ,slanting roof,Mái hiên (广) 4 (ム) mét là rộng (広),8,私,売
売,MẠI,Bán,sell,N4,バイ,う、うる,7,,さむらいかんむり,"man, scholar, samurai",Binh sĩ (士) trùm khăn (冖) chân chạy (儿) đi bán (売) hàng,9,広,青
青,THANH,Màu xanh,"blue, green",N4,セイ、ショウ,あお、あおい,8,⻘,あお,"blue, green",Ông vua lòi đầu (主) đứng ngắm trăng (月) thanh (青),3,売,晴
静,TĨNH,Yên tĩnh,quiet,N4,セイ、ジョウ,しず、しずか、しずまる、しずめる,14,⻘,あお,"blue, green",Bầu trời xanh (青) không còn chiến tranh (争) thật tĩnh lặng (静),2,晴,運
晴,TÌNH,"Trời trong, nắng",clear up,N4,セイ,は、はれる、はれ、はらす,12,,ひへん,"sun, day, time",Ngày (日) trong xanh (青) là trời nắng (晴),3,青,静
運,VẬN,"Vận động, vận mệnh","carry, luck, destiny, fate, lot, transport, progress, advance",N4,ウン,はこ、はこぶ,12,⻌,しんにょう,"road, walk, to advance",Quân đội (軍) đi xa (辶) để vận chuyển (運) hàng hóa,8,静,重
働,ĐỘNG,Làm việc,"work, (kokuji)",N4,ドウ,はたら、はたらく、はたらき,13,⺅,にんべん,person ,Người (亻) chuyển động (動) khi đang lao động (働),4,動,主
重,TRỌNG,Nặng,"heavy, important, esteem, respect, heap up, pile up, nest of boxes, -fold",N4,ジュウ、チョウ,え、おも、かさ、おもい、おもさ、おもり、おもたい、おもし、かさねる、かさなる,9,⾥,さと,"village, (3.93 km)",Dàn hoa thiên (千) lý (里) rất nặng (重),9,運,動
飯,PHẠN,Cơm,"meal, boiled rice",N4,ハン,めし,12,⻟,しょくへん,"food, to eat",Có cơm (飯) ăn (食) còn phản đối (反) gì nữa?,2,住,服
住,TRÚ,"Cư trú, ở","dwell, reside, live, inhabit",N4,ジュウ,す、すむ、すまい,7,⺅,にんべん,person ,Người (亻) làm chủ (主) nơi cư trú (住),4,主,飯
主,CHỦ,Người chủ,"lord, chief, master, main thing, principal",N4,シュ、ス,ぬし、おも、おもに、あるじ,5,⼂,てん,dot,Vua (王) là chủ (主) thiên hạ,5,働,住
動,ĐỘNG,Chuyển động,"move, motion, change, confusion, shift, shake",N4,ドウ,うご、うごく、うごかす、うごき,11,⼒,ちから,power,Trọng (重) lực (カ) tạo ra chuyển động (動),12,重,働
服,PHỤC,Quần áo,"clothing, admit, obey, discharge",N4,フク,,8,⺝,つきへん,"moon, month, period",Nguyệt (月) phản đối (反) mặc đồng phục (服),6,飯,通
通,THÔNG,"Thông qua, giao thông","traffic, pass through, avenue, commute, counter for letters, notes, documents, etc.",N4,ツウ、ツ,とお、かよ、とおる、とおり、とおす、とおし、かよう,10,⻌,しんにょう,"road, walk, to advance",Ma (々) sử dụng (用) xe đi xa (辶) nơi ách tắc giao thông (通),25,服,家
家,GIA,Nhà,"house, home, family, professional, expert, performer",N4,カ、ケ,いえ、や,10,⼧,うかんむり,"roof, house",Dưới mái nhà (宀) lợn (豕) sống thành gia đình (家),14,通,才
才,TÀI,Tài năng,"genius, years old, cubic shaku",N4,サイ,,3,⺘,てへん,hand,Ô (才) thiên tài (才),2,家,兄
兄,HUYNH,Anh trai,"elder brother, big brother",N4,ケイ、キョウ,あに,5,⼉,ひとあし,human legs,Anh trai (兄) miệng (ロ) nói chân chạy (儿),3,才,早
早,TẢO,Sớm,"early, fast",N4,ソウ,はや、はやい、はやまる、はやめる、はやく,6,⽇,ひ,"sun, day, time",Chủ nhật (日) dậy lúc 10 (十) giờ vẫn là sớm (早),5,兄,草
草,THẢO,Cỏ,"grass, weeds, herbs, pasture, write, draft",N4,ソウ,くさ,9,⺾,くさかんむり,grass,Cô giáo Thảo (艹) sáng sớm (早) đã đi cắt cỏ (草),3,早,里
野,DÃ,"Cánh đồng, hoang dã","plains, field, rustic, civilian life",N4,ヤ,の,11,,さとへん,"village, (3.93 km)",Ông Lí (里) dự (予) đoán sắp bị dã (野),2,理,黒
里,LÍ,Làng,"ri, village, parent's home, league",N4,リ,さと,7,⾥,さと,"village, (3.93 km)",Ruộng (田) đất (土) là của ông Lí (里),2,草,理
黒,HẮC,Màu đen,black,N4,コク,くろい、くろ,11,⿊,くろ,black,Ruộng (田) bị Hoả (灬) thiêu chỉ còn lại mảnh Đất (土) màu Đen (黒),2,野,暑
暑,THỬ,Nóng,"sultry, hot, summer heat",N4,ショ,あつ、あつい、あつさ,12,⽇,ひ,"sun, day, time",Dưới ánh mặt trời (日) tác giả ( 者) đứng để thử sức nóng (暑),3,黒,都
院,VIỆN,Bệnh viện,"Inst., institution, temple, mansion, school",N4,イン,,10,⻖,こざとへん,"hill, mound",Bồ (阝) hoàn thành (完) bệnh viện (院),6,都,店
店,ĐIẾM,Cửa hàng,"store, shop",N4,テン,みせ,8,⼴,まだれ,slanting roof,Mái hiên (广) bị chiếm (占) để làm cửa hàng (店),7,院,週
理,LÝ,"Lý do, lý luận","logic, arrangement, reason, justice, truth",N4,リ,ことわり,11,,おうへん,"jewelry, jeweled king",Vua (王) giết ông Lí (里) là có lý do (理),16,里,野
週,CHU,Tuần,week,N4,シュウ,,11,⻌,しんにょう,"road, walk, to advance",Cuối tuần (週) miệng chu (周) ra đòi đi xa (辶),11,店,荷
都,ĐÔ,Thành phố,"metropolis, capital, all, everything",N4,ト、ツ,みやこ,11,⻏,おおざと,"village, country, city",Tác giả (者) đi chơi với Bồ (阝) ở kinh đô (都),4,暑,院
荷,HÀ,"Hành lý, gánh nặng","baggage, shoulder-pole load, bear (a burden), shoulder (a gun), load, cargo, freight",N4,カ,に,10,⺾,くさかんむり,grass,Cô giáo Thảo (艹) có cái gì (何) trong hành lý (荷),1,週,歌
羽,VŨ,Lông vũ,"feathers, counter for birds, rabbits",N4,ウ,は、わ、はね,6,⽻,はね,"feather, wing",Đôi cánh có 4 cái lông,2,歌,習
工,CÔNG,Công nhân,"craft, construction, katakana e radical (no. 48)",N4,コウ、ク,,3,⼯,たくみ,"work, carpenter, skill",Ê! Công nhân (工),3,習,空
習,TẬP,Học,learn,N4,シュウ,なら、ならう、ならい,11,⽻,はね,"feather, wing",Con chim (羽) trắng (白) đang tập (習) bay,7,羽,工
歌,CA,Hát,"song, sing",N4,カ,うた、うたう,14,⽋,あくび,"to lack, yawn",Khả năng (可) bị thiếu (欠) chính là ca hát (歌),4,荷,羽
英,ANH,"Xuất sắc, nước Anh","England, English, hero, outstanding, calyx",N4,エイ,はなぶさ,8,⺾,くさかんむり,grass,Cô giáo Thảo (艹) lên trung ương (央) dạy tiếng Anh (英),2,空,映
空,KHÔNG,Bầu trời,"empty, sky, void, vacant, vacuum",N4,クウ,そら、あ、から、むな、あく、あき、あける、から、むなしい、むなしさ,8,,あなかんむり,"hole, cave",Ở dưới cái lỗ (穴) công nhân (工) thiếu không khí (空),12,工,英
映,ÁNH,"Phản chiếu, chiếu phim","reflect, reflection, projection",N4,エイ,うつ、は、うつる、うつす、はえる,9,,ひへん,"sun, day, time",Hàng ngày (日) lên trung ương (央) để phản ánh (映),2,英,公
公,CÔNG,Công cộng,"public, prince, official, governmental",N4,コウ,おおやけ,4,,はちがしら,eight,chuyện riêng Tư (ム) mà kể cho 8 (ハ) người nghe thì thành Công (公) khai rồi,6,映,知
医,Y,"Y tế, bác sĩ","doctor, medicine",N4,イ,"い.やす, い.する, くすし",7,⼕,はこがまえ,box,Tủ đựng (匚) mũi tên (矢) là tủ y tế (医),5,知,病
辺,BIÊN,"Gần, xung quanh","environs, boundary, border, vicinity",N4,ヘン,あた、あたり、べ,5,⻌,しんにょう,"road, walk, to advance",Vác đao (刀) đi xa (辶) tuần tra biên giới (辺),2,病,切
切,THIẾT,Cắt,"cut, cutoff, be sharp",N4,セツ、サイ,き、きる、きり、きれる,4,⼑,かたな,"knife, sword",Nhất thiết phải dùng 7 (七) đao (刀) để cắt (切),17,辺,止
知,TRI,Biết,"know, wisdom",N4,チ,し、しる、しらす、しらせる,8,,やへん,arrow,Mũi tên (矢) bắn vào miệng (ロ) mà không biết (知),9,公,医
病,BỆNH,Bệnh,"ill, sick",N4,ビョウ、ヘイ,や、やむ、やみ、やまい,10,⽧,やまいだれ,sickness,Bị bệnh (疒) lần thứ 3 (丙) thì nên đi bệnh viện (病),2,医,辺
糸,MỊCH,Sợi tơ,"sợi tơ, chỉ",N4,シ,いと,6,⽷,いと,thread,YÊU (幺) ma đè lên chân chú TIỂU (小) bẹp dí thành sợi tơ (糸),3,止,近
止,CHỈ,Dừng lại,"stop, halt",N4,シ,と、や、とめる、とまる、やむ、やめる,4,⽌,とめる,to stop,"Đèn giao thông bên trên (上) còn 1 (丨) giây xanh, thì cần dừng lại (止) kẻo mất 4 củ",10,切,糸
近,CẬN,Gần,"near, early, akin, tantamount",N4,キン,ちか、ちかい、ちかく,7,⻌,しんにょう,"road, walk, to advance",Cầm rìu (斤) bước đi (⻌) để CẬN (近) chiến,8,糸,所
所,SỞ,Nơi,"place, extent",N4,ショ,ところ,8,,とだれ,door,Phá cửa ( 戸) bằng Rìu (斤)  để xây cơ SỞ (所) mới,13,近,夜
味,VỊ,Mùi vị,"flavor, taste",N4,ミ,あじ、あじわう、あじわい,8,,くちへん,mouth,Dùng miệng (ロ) vẫn chưa (未) nếm được hương vị (味) của rượu táo mèo,18,数,妹
数,SỐ,Số lượng,"number, strength, fate, law, figures",N4,スウ、ス,かず、かぞ、かぞえる,13,⺙,ぼくづくり,"activity, to strike, hit",Sau khi say rượu gạo (米) phụ nữ (女) đánh (攵) chồng lấy có số (数) má,5,夜,味
夜,DẠ,Đêm,"night, evening",N4,ヤ,よ、よる,8,⼣,ゆうべ,evening,Lần đầu (亠) nhìn thấy người (亻) cá (叉) vào buổi đêm (夜),10,所,数
客,KHÁCH,Khách,"guest, visitor, customer, client",N4,キャク、カク,,9,⼧,うかんむり,"roof, house",Dưới mái nhà (宀) các (各) vị  khách (客) đang ngồi quây dưới chiếu,6,自,若
妹,MUỘI,Em gái,younger sister,N4,マイ,いもうと,8,,おんなへん,woman,Cô gái (女) tuổi vị thành niên (未) là em gái (妹),3,味,自
若,NHƯỢC,Trẻ,"young, if, perhaps, possibly, low number, immature",N4,ジャク、ニャク,わかい、わか、も、もし,8,⺾,くさかんむり,grass,Cô giáo Thảo (艹) phải (右) trẻ (若),2,客,集
集,TẬP,Tập hợp,"gather, meet, congregate, swarm, flock",N4,シュウ,あつ、つど、あつまる、あつまり、あつめる、つどう、つどい,12,⾫,ふるとり,small bird,Chim (隹) đứng trên cây (木) tập trung (集),7,若,旅
自,TỰ,Bản thân,oneself,N4,ジ、シ,みずか、おの、みずから、おのずから,6,⾃,みずから,self,Tự (自) nhiên bụi (丿) bay vào mắt (目),19,妹,客
旅,LỮ,Du lịch,"trip, travel",N4,リョ,たび,10,,ほうへん,"direction, flag",Du lịch (旅) khắp 4 phương (方) lúc nằm (𠂉) lúc đứng (亻) lúc người (人) như bay bay,4,集,族
族,TỘC,Gia tộc,"tribe, family",N4,ゾク,,11,,ほうへん,"direction, flag",Gia tộc (旅) nhà Phương (方) nằm (𠂉) bắn tên (矢),2,旅,京
京,KINH,Thủ đô,"capital, 10**16",N4,キョウ、ケイ、キン,みやこ,8,⼇,なべぶた,"lid, top",Kinh đô (京) là nơi đầu (亠) não nên miệng (ロ) nói phải nhỏ (小) nhẹ,5,族,真
池,TRÌ,Ao,"pond, cistern, pool, reservoir",N4,チ,いけ,6,⺡,さんずい,water,Ra ao (池) nước (氵) thả C (也),2,便,地
真,CHÂN,Thật,"true, reality, Buddhist sect",N4,シン,ま,10,⽬,め,eye,"10 (十) cụ (惧), cụ nào cũng chân thật (真)",11,京,便
便,TIỆN,Tiện lợi,"convenience, facility, excrement, feces, letter, chance",N4,ビン、ベン,たより、たよ,9,⺅,にんべん,person ,Người (亻) mới (更) tiện (便) để sai bảo,9,真,池
地,ĐỊA,Đất,"ground, earth",N4,チ、ジ,,6,,つちへん,earth,Thổ (土) Địa thả C (也) xuống đất (地),15,池,練
朝,TRIỀU,Buổi sáng,"morning, dynasty, regime, epoch, period, (North) Korea",N4,チョウ,あさ,12,⽉,つき,"moon, month, period",Buổi sáng (朝) Ngày 20 (車) tháng (月) 10,5,歩,紙
練,LUYỆN,Rèn luyện,"practice, gloss, train, drill, polish, refine",N4,レン,ね、ねる、ねり,14,,いとへん,thread,Luyện tập (練) dệt tơ (糸) ở phía đông (東),2,地,歩
紙,CHỈ,Giấy,paper,N4,シ,かみ,10,,いとへん,thread,Chỉ (糸) thị (氏) được viết lên giấy (紙),2,朝,低
歩,BỘ,Bước đi,"walk, counter for steps",N4,ホ、ブ、フ,ある、あゆ、あるく、あゆむ、あゆみ,8,⽌,とめる,to stop,Chỉ (止) thiếu (少) đi bộ (歩),8,練,朝
低,ĐÊ,Thấp,"lower, short, humble",N4,テイ,ひく、ひくい、ひくまる、ひくめる,7,⺅,にんべん,person ,Người (亻) họ (氏) quý nhất (一) là người thấp (低) nhất,2,紙,乗
乗,THỪA,"Lên xe, cưỡi","ride, power, multiplication, record, counter for vehicles, board, mount, join",N4,ジョウ,の、のる、のり、のせる,9,,のかんむり,diagonal sweeping stroke,Mang 1000 (千) cỏ (艹) cây (木) thừa lên xe (乗),12,低,色
色,SẮC,Màu sắc,color,N4,ショク、シキ,いろ,6,⾊,いろ,color,Bị móc (ク) túi mặt ba (巴) biến sắc (色),8,乗,利
秋,THU,Mùa thu,autumn,N4,シュウ,あき,9,⽲,のぎへん,grain,Lúa (禾) chín rực lửa (火) vào mùa thu (秋),1,利,漢
漢,HÁN,Hán tự,"Sino-, China",N4,カン,,13,⺡,さんずい,water,Nước (氵) Hán (茣) là nơi sinh ra chữ Hán (漢),1,秋,題
題,ĐỀ,Chủ đề,"topic, subject",N4,ダイ,,18,⾴,おおがい,"head, page",Vấn đề (題) thị phi (是) ghi lên giấy (頁),6,漢,風
利,LỢI,Lợi ích,"profit, advantage, benefit",N4,リ,き、きく、きき,7,⺉,りっとう,"knife, sword",Cắt lúa (禾) bằng đao (刂) rất tiện lợi (利),5,色,秋
走,TẨU,Chạy,run,N4,ソウ,はし、はしる、はしり,7,⾛,はしる,to run,Dưới đất (土) hạ (下) nhân (人) đang chạy (走),2,風,正
風,PHONG,Gió,"wind, air, style, manner",N4,フウ、フ,かぜ、かざ,9,⾵,かぜ,wind,Dưới ghế (几) 1 (ノ) con côn trùng (虫) đang nấp để tránh gió (風),5,題,走
部,BỘ,Bộ phận,"section, bureau, dept, class, copy, part, portion, counter for copies of a newspaper or magazine",N4,ブ,-べ,11,⻏,おおざと,"village, country, city",Bộ phận (音) Bồ (阝) làm việc là bộ phận (部) giỏi nhất,8,語,村
政,CHÍNH,Chính trị,"politics, government",N4,セイ、ショウ,まつりごと,9,⺙,ぼくづくり,"activity, to strike, hit",Làm chính trị (政) mà không chính xác (正) sẽ bị đánh (夂) đòn,3,正,語
語,NGỮ,Ngôn ngữ,"word, speech, language",N4,ゴ,かた、かたる,14,,ごんべん,"words, to speak, say",Lời nói (言) của ta (吾)là ngôn ngữ (語),8,政,部
正,CHÍNH,"Đúng, chính xác","correct, justice, righteous, 10**40",N4,セイ、ショウ,ただ、ただしい、ただす、まさ、まさに,5,⽌,とめる,to stop,Nhất (一) định dừng lại (止) là chính xác (正),12,走,政
村,THÔN,Làng,"village, town",N4,ソン,むら,7,,きへん,"tree, wood",Trong thôn (村) trồng cây (木) thốn (寸),1,部,府
府,PHỦ,"Tỉnh, cơ quan","borough, urban prefecture, govt office, representative body, storehouse",N4,フ,,8,⼴,まだれ,slanting roof,Mái hiên (广) được giao phó (付) cho phủ huyện (府),2,村,油
画,HỌA,Vẽ,"brush-stroke, picture",N4,ガ、カク,"えが.く, かく.する, かぎ.る, はかりごと, はか.る",8,⼐,かんにょう,"container, open box",1 (一) khi tự do (由) há miệng (口) sẽ nói về kế hoạch (画),10,油,黄
黄,HOÀNG,Màu vàng,yellow,N4,コウ、オウ,き、こ,11,⻩,き,yellow,Ở hàng rào (井) cỏ mọc tự do (由) vào tháng 8 (八) có màu vàng (黄),1,画,教
油,DU,Dầu,"oil, fat",N4,ユ,あぶら,8,⺡,さんずい,water,Trên mặt nước (氵) nổi tự do (由) là dầu (油),2,府,画
考,KHẢO,Suy nghĩ,"consider, think over",N4,コウ,かんが、かんがえる、かんがえ,6,⺹,おいかんむり,"old, old-age",Đứng trên đất chống gậy (者) 5 (ち) guây suy nghĩ (考) bắt đầu,2,教,計
教,GIÁO,Giáo dục,"teach, faith, doctrine",N4,キョウ,おし、おそ、おしえる、おそわる,11,⺙,ぼくづくり,"activity, to strike, hit","Dạy con hiếu thảo (孝) không nên đánh (夂), đó mới là giáo dục (教) đúng cách",14,黄,考
遠,VIỄN,Xa,"distant, far",N4,エン、オン,とお、とおい、とおく,13,⻌,しんにょう,"road, walk, to advance",Đến công viên (袁) còn phải đi xa (辶) xa (遠),5,園,図
計,KẾ,Kế hoạch,"plot, plan, scheme, measure",N4,ケイ,はか、はかる、はかり、はからう,9,,ごんべん,"words, to speak, say",Nói (言) 10 (十) lần là ra kế hoạch (計),9,考,園
園,VIÊN,Vườn,"park, garden, yard, farm",N4,エン,その,13,⼞,くにがまえ,"border, territorial boundaries",Vây quanh (囗) viên (袁) là công viên (園),7,計,遠
図,ĐỒ,Bản đồ,"map, drawing, plan, extraordinary, audacious",N4,ズ、ト,はか、はかる,7,⼞,くにがまえ,"border, territorial boundaries",Vây quanh (囗) 2 (゛) dấu X (メ) trên bản đồ (図),6,遠,前
前,TIỀN,Trước,"in front, before",N4,ゼン,まえ,9,⺉,りっとう,"knife, sword",Cỏ (䒑) mọc ngày trăng (月) dùng dao (刂) cắt bán lấy tiền (前),13,図,経
経,KINH,Kinh tế,"sutra, longitude, pass thru, expire, warp",N4,ケイ、キョウ,へ、た、へる、たつ,11,,いとへん,thread,Kinh doanh (経) tơ (糸) lụa một cách thần thánh (圣),9,前,軽
軽,KHINH,Nhẹ,"lightly, trifling, unimportant",N4,ケイ,かる、かるい、かろ、かろやかな,12,,くるまへん,"vehicle, wheel, car",Xe (車) chở Thánh (圣) không được khinh nhẹ (軽),3,経,寒
寒,HÀN,Lạnh,cold,N4,カン,さむ、さむい,12,⼧,うかんむり,"roof, house",Dưới mái nhà (宀) chỗ cái giếng (井) số 18 (ー儿) có băng (゛) lạnh (寒),1,軽,同
区,KHU,Khu vực,"ward, district",N4,ク,,4,⼕,はこがまえ,box,Khu vực (区) này bán tủ đựng (匚) đẹp mê (メ) hồn,2,同,細
同,ĐỒNG,Giống,"same, agree, equal",N4,ドウ,おな、おなじ、おなじく,6,⼝,くち,mouth,Ở biên giới (冂) có chung 1 (一) miệng (口) giống nhau (同),4,寒,区
細,TẾ,"Nhỏ, chi tiết","dainty, get thin, taper, slender, narrow, detailed, precise",N4,サイ,ほそい、ほそる、こまかい、ほそ、こま,11,,いとへん,thread,Sợi tơ (糸) mọc trên ruộng (田) nhỏ như tế bào (細),3,区,思
思,TƯ,Suy nghĩ,think,N4,シ,おも、おもう、おもい,9,⼼,こころ,"heart, mind, spirit",Làm ruộng (田) là tâm (心) tư phải suy nghĩ,10,細,春
春,XUÂN,Mùa xuân,"springtime, spring (season)",N4,シュン,はる,9,⽇,ひ,"sun, day, time",3 người (夫) đi chơi ngày (日) xuân (春),1,思,短
短,ĐOẢN,Ngắn,"short, brevity, fault, defect, weak point",N4,タン,みじか、みじかい,12,,やへん,arrow,Mũi tên (矢) bắn vào hạt đậu (豆) ngắn (短),3,春,然
然,NHIÊN,Tự nhiên,"sort of thing, so, if so, in that case, well",N4,ゼン、ネン,"しか, しか.り, しか.し, さ",12,⺣,れっか,fire,Nguyệt (月) ôm chó (犬) bên đống lửa (灬) ngắm nhìn tự nhiên (然),6,短,馬
馬,MÃ,Con ngựa,horse,N4,バ,うま、ま,10,⾺,うま,horse,Ngựa (馬) chạy 5 (5) hướng khác nhau (キ) khi lửa (灬) đốt,1,然,歴
歴,LỊCH,Lịch sử,"curriculum, continuation, passage of time",N4,レキ,,14,⽌,とめる,to stop,Dưới sườn núi (厂) vào rừng (林) dừng lại (止) xem lí lịch (歴),4,馬,世
屋,ỐC,Nhà,"roof, house, shop, dealer, seller",N4,オク,や,9,⼫,しかばね,"corpse, awning",Xác chết (尸) Chí (至) Phèo trên cao ốc (屋),7,室,速
赤,XÍCH,Màu đỏ,red,N4,セキ、シャク,あか、あかい、あからむ、あからめる,7,⾚,あか,red,Xích ở đất (土) bị lửa (火) đốt cháy đỏ (赤),4,速,衣
速,TỐC,Nhanh,"quick, fast",N4,ソク,はや、すみ、はやい、はやめる、すみやか,10,⻌,しんにょう,"road, walk, to advance",Càng thúc (束) đi xa (辶) tốc độ (速) càng nhanh,4,屋,赤
世,THẾ,Thế giới,"generation, world, society, public",N4,セイ、セ,よ,5,⼀,いち,"one, horizontal stroke",Cốc nước (廿) Lớn (L) nhất thế giới (世),11,歴,室
室,THẤT,Phòng,"room, apartment, chamber, greenhouse, cellar",N4,シツ,むろ,9,⼧,うかんむり,"roof, house",Dưới mái nhà (宀) Chí (至) Phèo có căn phòng (室) nhỏ,10,世,屋
衣,Y,Y phục,"garment, clothes, dressing",N4,イ,ころも,6,⾐,ころも,clothing,Lần đầu (亠) 1 (亻) người (人) mặc y phục (衣),1,赤,駅
駅,DỊCH,Nhà ga,station,N4,エキ,,14,,うまへん,horse,Con ngựa (馬) bị xích (尺) ở nhà ga (駅),4,衣,昼
薬,DƯỢC,Thuốc,"medicine, chemical, enamel, gunpowder, benefit",N4,ヤク,くすり,16,⺾,くさかんむり,grass,Loại cỏ (艹) làm mình vui (楽) là thuốc (薬) quý,3,楽,号
昼,TRÚ,Ban ngày,"daytime, noon",N4,チュウ,ひる,9,⽇,ひ,"sun, day, time",Bị xích (尺) trong ngày mồng 1 (旦) đến tận buổi trưa (昼),7,駅,楽
楽,LẠC,"Vui vẻ, âm nhạc","music, comfort, ease",N4,ガク、ラク,たの、たのしむ、たのしい、たのしみ,13,⽊,き,"tree, wood",Màu trắng (白) phát ra (><) từ cây (木) nhìn rất vui (楽) mắt,10,昼,薬
写,TẢ,Chép lại,"copy, be photographed, describe",N4,シャ,うつ、うつす、うつる,5,⼍,わかんむり,"cover, crown",Miêu tả (写) chiếc khăn trùm (冖) số 51 (与),3,号,品
号,HIỆU,"Số, ký hiệu","nickname, number, item, title, pseudonym, name, call",N4,ゴウ,"さけ.ぶ, よびな",5,⼝,くち,mouth,Miệng (口) 5 (ち) lần hô hiệu lệnh (号),8,薬,写
弟,ĐỆ,Em trai,"younger brother, faithful service to elders",N4,テイ、ダイ、デ,おとうと,7,⼸,ゆみ,bow（in archery）,2 (丷) lần bắn cung (弓) đều đứng số 1 (丨) là em trai (弟),3,強,弱
強,CƯỜNG,Mạnh,strong,N4,キョウ、ゴウ,つよ、つよい、つよめる、つよまる、し、しいる,11,,ゆみへん,bow（in archery）,Cầm cung tên (弓) bắn 4 (厶) con côn trùng (虫) khỏe mạnh (強),12,品,弟
品,PHẨM,Sản phẩm,"goods, refinement, dignity, article, counter for meal courses",N4,ヒン,しな,9,⼝,くち,mouth,3 cái miệng (口) nói về sản phẩm (品),11,写,強
弱,NHƯỢC,Yếu,"weak, frail",N4,ジャク,よわい、よわる、よわまる、よわめる、よわ,10,,ゆみへん,bow（in archery）,Trong cung (弓) băng (冫) giá thì trở nên yếu (弱),3,弟,去
去,KHỨ,Rời đi,"gone, past, quit, leave, elapse, eliminate, divorce",N4,キョ、コ,さ、さる,5,⼛,む,"private, Katakana Mu",Mảnh đất (土) 4 (厶) mét đã là chuyện quá khứ (去),2,弱,声
声,THANH,"Giọng, âm thanh",voice,N4,セイ、ショウ,こえ、こわ,7,,さむらいかんむり,"man, scholar, samurai",Binh sĩ (士) thấy xác chết (尸) bị bịt miệng kêu thất thanh (声),4,去,番
船,THUYỀN,Tàu,"ship, boat",N4,セン,ふね、ふな,11,,ふねへん,"ship, boat",Thuyền (船) chu (舟) du qua 8 (八) cửa khẩu (口),5,妻,送
番,PHIÊN,Lượt,"turn, number in a series",N4,バン,つが.い,12,⽥,た,rice paddy,Tới phiên (番) mình đi cắt (ノ) lúa gạo (米) dưới ruộng (田),16,声,妻
妻,THÊ,Vợ,"wife, spouse",N4,サイ,つま,8,⼥,おんな,woman,Lấy 10 (十) Em (ヨ) gái (女) về làm vợ (妻),4,番,船
緑,LỤC,Xanh lá,green,N4,リョク、ロク,みどり,14,,いとへん,thread,Sợi tơ (糸) của Em Thủy (隶) màu xanh lá cây (緑),1,送,宅
送,TỐNG,Gửi đi,"escort, send",N4,ソウ,おく、おくる,9,⻌,しんにょう,"road, walk, to advance",Quan (关) đi xa (⻌) tiễn (送) bạn,10,船,緑
宅,TRẠCH,Nhà ở,"home, house, residence, our house, my husband",N4,タク,,6,⼧,うかんむり,"roof, house",Nhà ở (宅) chỗ mái (宀) cần 17 (モ) cột chống,4,緑,着
着,TRƯỚC,"Đến nơi, mặc","don, arrive, wear, counter for suits of clothing",N4,チャク、ジャク,き、つ、きる、きせる、つく,12,⽬,め,eye,Con dê (羊) mắt (目) nhìn để mặc (着) đồ,11,宅,研
研,NGHIÊN,Nghiên cứu,"polish, study of, sharpen",N4,ケン,と、とぐ,9,,いしへん,stone,Cầm đá (石) chắp 1 tay (开) nghiên cứu (研),5,着,不
不,BẤT,Không,"negative, non-, bad, ugly, clumsy",N4,フ、ブ,,4,⼀,いち,"one, horizontal stroke",Cây (木) bị ngắt ngọn thì không (不) thể sống,19,研,冬
終,CHUNG,Kết thúc,kết thúc,N4,シュウ,お、おわり、おわらせる、おわる、おえる,11,,いとへん,thread,Chuyện tình ta như sợi chỉ(糸) đến mùa đông(冬) là kết thúc (終),5,冬,市
冬,ĐÔNG,Mùa đông,Mùa đông,N4,トウ,ふゆ,5,⼎,にすい,ice,Sau (夂) khi băng (=) tan là hết mùa đông (冬),5,不,終
市,THỊ,Thành phố,"market, city, town",N4,シ,いち,5,⼱,はば,cloth,Đầu (亠) quàng khăn (巾) là người thành phố (市),4,終,姉
姉,TỶ,Chị gái,elder sister,N4,シ,あね,8,,おんなへん,woman,Cô gái (女) ra thành phố (市) học là chị gái (姉),3,市,館
館,QUÁN,"Công quán, quán trọ","building, mansion, large building, palace",N4,カン,たて,16,⻟,しょくへん,"food, to eat",Ăn (食) với quan (官) trong quán (館),9,姉,急
急,CẤP,"Gấp, nhanh","hurry, emergency, sudden, steep",N4,キュウ,いそ、いそぐ、いそぎ,9,⼼,こころ,"heart, mind, spirit",Móc (ク) vào Em (ヨ) tâm (心) tình trong tình huống khẩn cấp (急),8,館,発
済,TẾ,"Kinh tế, cứu giúp","settle (debt, etc.), relieve (burden), finish, come to an end, excusable, need not",N4,サイ,す、すむ、すみ、すます、すませる,11,⺡,さんずい,water,Nước (氵) Tề (斉) kinh tế (済) rất mạnh,4,発,試
発,PHÁT,Phát triển,"departure, discharge, publish, emit, start from, disclose, counter for gunshots",N4,ハツ、ホツ,た、たつ,9,⽨,はつがしら,"outspread legs, departure",Cầm bát (癶) 2 (二) chân (儿) xuất phát (発),20,急,済
試,THÍ,Thử nghiệm,"test, try, attempt, experiment, ordeal",N4,シ,こころ、ため、こころみる、こころみ、ためす、ためし,13,,ごんべん,"words, to speak, say",Nói (言) về hình thức (式) tiến hành thí nghiệm (試),3,済,鉄
鉄,THIẾT,Sắt,iron,N4,テツ,くろがね,13,,かねへん,"metal, gold, mineral",Luyện vàng (金) thất bại (失) ra sắt (鉄),2,試,育
育,DỤC,Giáo dục,"bring up, grow up, raise, rear",N4,イク,そだ、そだつ、そだてる,8,,にくづき,"meat, flesh",Đầu (亠) tư (厶) cả tháng (月) cho giáo dục (育),9,鉄,鳴
鳴,MINH,"Hót, kêu","chirp, cry, bark, sound, ring, echo, honk",N4,メイ,な、なく、なる、ならす,14,⿃,とり,bird,Miệng (口) con chim (鳥) đang hót (鳴),2,育,回
回,HỒI,Lần,"-times, round, game, revolve, counter for occurrences",N3,カイ、エ,まわ、まわる、まわす,6,⼞,くにがまえ,"border, territorial boundaries",2 cái miệng (口) nói liên hồi (回),20,鳴,向
和,HÒA,Hòa bình,"harmony, Japanese style, peace, soften, Japan",N3,ワ、オ,やわ、やわらぐ、やわらげる、なご、なごむ、なごやか,8,⼝,くち,mouth,Lúa (禾) cứ đầy mồm (口) tự khắc sẽ hòa bình (和),5,失,厚
匹,THẤT,Đếm con vật,"equal, head, counter for small animals, roll of cloth",N3,ヒツ,ひき,4,⼕,はこがまえ,box,Đếm con vật (匹) trong tủ đựng (匚) xem có mấy chân (儿),2,向,面
向,HƯỚNG,Phương hướng,"yonder, facing, beyond, confront, defy, tend toward, approach",N3,コウ,む、むく、むき、むける、むかう、むこう,6,⼝,くち,mouth,Tài phiệt (ノ) ở biên giới (冂) miệng (口) kêu cứu vì mất phương hướng (向),14,回,匹
面,DIỆN,Bề mặt,"mask, face, features, surface",N3,メン,おも、おもて、つら,9,⾯,めん,"face, surface",Trên mặt (面) thích nhất (一) là miệng (口) của mình (自),20,匹,失
失,THẤT,Thất bại,"lose, error, fault, disadvantage, loss",N3,シツ,うしな、うしなう,5,⼤,だい,"large, big",Bị cắm sừng (丿) là người chồng (夫) thất bại (失),14,面,和
厚,HẬU,Bề dày,"thick, heavy, rich, kind, cordial, brazen, shameless",N3,コウ,あつ、あつい,9,⼚,がんだれ,cliff,"Dưới sườn núi (厂) cả ngày (日) , trẻ con (子) mặt dày (厚) lên",3,和,存
存,TỒN,Tồn tại,"exist, suppose, be aware of, believe, feel",N3,ソン、ゾン,"ながら.える, あ.る, たも.つ, と.う",6,⼦,こ,"child, son",1 (一) tài Phiệt (丿) cũng chỉ là 1 (丨) đứa trẻ (子) nên khó tồn (存) tại một mình,8,厚,在
在,TẠI,Tồn tại,"exist, outskirts, suburbs, located in",N3,ザイ,あ、ある,6,⼟,つち,earth,1 (一) tài Phiệt (丿) từng mua 1 (丨) mảnh đất (土) tại (在) đây,5,存,肯
肯,KHẲNG,Khẳng định,"agreement, consent, comply with",N3,コウ,がえんじ.る,8,⽉,つき,"moon, month, period",Khẳng định (肯) chỉ (止) có Nguyệt (月) mà thôi!,1,在,信
信,TÍN,Tin tưởng,"faith, truth, fidelity, trust",N3,シン,,9,⺅,にんべん,person ,Con người (亻) nói (言) phải giữ chữ Tín (信),12,肯,許
許,HỨA,Cho phép,"permit, approve",N3,キョ,ゆる、ゆるす、ゆるし,11,,ごんべん,"words, to speak, say",lời HỨA (許) thường nói (言) vào buổi trưa (午),5,信,件
件,KIỆN,Sự kiện,"affair, case, matter, item",N3,ケン,くだん,6,⺅,にんべん,person ,Người (亻) dắt bò (牛) đi dự sự kiện (件),4,許,念
念,NIỆM,Kỷ niệm,"wish, sense, idea, thought, feeling, desire, attention",N3,ネン,,8,⼼,こころ,"heart, mind, spirit",Bây giờ (今) trong tim (心) chỉ còn là kỷ niệm (念),7,件,冷
冷,LÃNH,Lạnh,"cool, cold (beer, person), chill",N3,レイ,つめ、ひ、さ、つめたい、ひえる、ひや、ひややか、ひやす、ひやかす、さめる、さます,7,⼎,にすい,ice,Nhà băng (冫) ra lệnh (令) lãnh (冷) tiền,11,念,介
断,ĐOẠN,Đoạn tuyệt,"severance, decline, refuse, apologize, warn, dismiss, prohibit, decision, judgement, cutting",N3,ダン,た、ことわ、たつ、ことわる、ことわり,11,⽄,おのづくり,axe,Cầm cái RỪU (斤) chặt hạt GẠO (米) ra từng ĐOẠN (断),10,介,歯
歯,XỈ,Răng,"tooth, cog",N3,シ,は,12,⻭,は,tooth,Dừng (止) ăn cơm gạo (米) để há miệng (凵) xỉa răng (歯),4,断,神
介,GIỚI,Giới thiệu,"jammed in, shellfish, mediate, concern oneself with",N3,カイ,,4,𠆢,ひとやね,person ,Người đội nón (𠆢) đứng (儿) giới thiệu (介),5,冷,断
保,BẢO,Bảo vệ,"protect, guarantee, keep, preserve, sustain, support",N3,ホ,たもつ、たも,9,⺅,にんべん,person ,Hãy bảo vệ (保) người (亻) ngốc (呆),11,伸,意
伸,THÂN,Duỗi thẳng,"expand, stretch, extend, lengthen, increase",N3,シン,の、のびる、のばす,7,⺅,にんべん,person ,Người đứng (亻) thân (申) duỗi thẳng (伸),3,神,保
神,THẦN,Thần thánh,"gods, mind, soul",N3,シン、ジン,かみ、かん、こう,9,⺭,しめすへん,"altar, festival, religious service",Mang quả thị (ネ) đến làm thân (申) với thần (神),5,歯,伸
永,VĨNH,Vĩnh cửu,"eternity, long, lengthy",N3,エイ,なが、ながい,5,⽔,みず,water,Băng đá (氷) vĩnh cửu (永),3,氷,位
意,Ý,Ý kiến,"idea, mind, heart, taste, thought, desire, care, liking",N3,イ,,13,⼼,こころ,"heart, mind, spirit",Âm thanh (音) phát ra từ tâm (心) chính là ý kiến (意) của mình,25,保,億
活,HOẠT,Hoạt động,"lively, resuscitation, being helped, living",N3,カツ,"い.きる, い.かす, い.ける",9,⺡,さんずい,water,Nước (氵) trong lưỡi (舌) luôn hoạt động (活),11,泣,昨
級,CẤP,Cấp độ,"class, rank, grade",N3,キュウ,,9,,いとへん,thread,Sợi tơ (糸) được phổ cập (及) ở mọi cấp độ (級),2,昨,吸
億,ỨC,100 triệu,"hundred million, 10**8",N3,オク,,15,⺅,にんべん,person ,Người đứng (亻) có ý (意) lấy 100 triệu (億),2,意,氷
全,TOÀN,Toàn bộ,"whole, entire, all, complete, fulfill",N3,ゼン,まった、まったく、すべ、すべて,6,𠆢,ひとやね,person ,Người (𠆢) làm vua (王) phải giỏi toàn (全) diện,12,吸,欲
吸,HẤP,Hô hấp,"suck, imbibe, inhale, sip",N3,キュウ,す、すう,6,,くちへん,mouth,Miệng (口) phổ cập (及) dùng để hô hấp (吸),4,級,全
泣,KHẤP,Khóc,"cry, weep, moan",N3,キュウ,な、なく,8,⺡,さんずい,water,Chảy nước (氵) mắt đang đứng (立) là khóc (泣),1,位,活
氷,BĂNG,Đá,"icicle, ice, hail, freeze, congeal",N3,ヒョウ,こおり、ひ,5,⽔,みず,water,1 giọt (`) nước (水) bị đóng băng (氷),3,億,永
昨,TẠC,Hôm qua,"yesterday, previous",N3,サク,,9,,ひへん,"sun, day, time",Ngày (日) bị Ép (乍) là hôm qua (昨),5,活,級
欲,DỤC,Dục vọng,"longing, covetousness, greed, passion, desire, craving",N3,ヨク,ほ、ほっする、ほしい,11,⽋,あくび,"to lack, yawn",Ở trong cốc (谷) thiếu (欠) dục vọng (欲),4,全,浴
容,DUNG,Nội dung,"contain, form, looks",N3,ヨウ,い.れる,10,⼧,うかんむり,"roof, house",Dưới mái nhà (宀) cốc (谷) đang 'dung' (容),3,浴,首
敗,BẠI,Thất bại,"failure, defeat, reversal",N3,ハイ,やぶれる、やぶ,11,⺙,ぼくづくり,"activity, to strike, hit",Bảo bối (貝) này sẽ đánh (攵) bại (敗) tất cả,4,負,則
浴,DỤC,Tắm,"bathe, be favored with, bask in",N3,ヨク,あ、あびる、あびせる,10,⺡,さんずい,water,Nước (氵) trong cốc (谷) dùng để tắm (浴),3,欲,容
則,TẮC,Quy tắc,"rule, law, follow, based on, model after",N3,ソク,"のっと.る, のり, すなわち",9,⺉,りっとう,"knife, sword",Chia bảo bối (貝) bằng đao (刂) theo quy tắc (則),2,敗,側
側,TRẮC,Phía,"side, lean, oppose, regret",N3,ソク,かわ,11,⺅,にんべん,person ,Người (亻) có quy tắc (則) luôn đứng về 1 phía (側),4,則,測
負,PHỤ,Thua,"defeat, negative, -, minus, bear, owe, assume a responsibility",N3,フ,ま、まける、まかす、まけ、お、おう,9,⾙,かい,"shell, property, wealth",Bị móc (ク) mất bảo bối (貝) là thua (負),9,首,敗
測,TRẮC,Đo đạc,"fathom, plan, scheme, measure",N3,ソク,はか、はかる,12,⺡,さんずい,water,Đo đạc (測) lượng nước (氵) theo quy tắc (則),7,側,員
首,THỦ,"Thủ tướng, cái cổ","neck, counter for songs and poems",N3,シュ,くび,9,⾸,くび,head,Cỏ (䒑) tự (自) mọc là Thủ lĩnh (首) của sân cỏ,5,容,負
員,VIÊN,Nhân viên,"employee, member, number, the one in charge",N3,イン,,10,⼝,くち,mouth,Suốt ngày mở miệng (口) đòi bảo bối (貝) là nhân viên (員),17,測,性
性,TÍNH,Tính cách,"sex, gender, nature",N3,セイ、ショウ,さが,8,⺖,りっしんべん,"heart, mind, spirit",Tâm (忄) sinh (生) tính (性),8,員,産
等,ĐẲNG,Bình đẳng,"etc., and so forth, class (first), quality, equal, similar",N3,トウ,ひと、ひとしい,12,⺮,たけかんむり,bamboo,Trúc (竹) trên chùa (寺) được đối xử bình đẳng (等),6,産,記
副,PHÓ,Phó giám đốc,"vice-, assistant, aide, duplicate, copy",N3,フク,,11,⺉,りっとう,"knife, sword",Phó (副) giám đốc có 10 (ō) mẫu ruộng (田) giao cho đao (刂) phủ canh gác,3,起,福
記,KÝ,Nhật kí,"scribe, account, narrative",N3,キ,しる、しるす,10,,ごんべん,"words, to speak, say",Lời nói (言) của bản thân (己) được viết vào nhật ký (記),13,等,起
起,KHỞI,Thức dậy,"rouse, wake up, get up",N3,キ,お、おきる、おこす,10,,そうにょう,to run,Sáng thức dậy (起) chạy (走) 2 (己) vòng,9,記,副
支,CHI,Chi nhánh,"branch, support, sustain, branch radical (no. 65)",N3,シ,ささ、ささえる,4,⽀,しにょう,branch,Cứ 10 (十) ngày lại (又) đến chi nhánh (支) thu tiền,12,富,技
富,PHÚ,Phú hào,"wealth, enrich, abundant",N3,フ、フウ,と、とむ、とみ,12,⼧,うかんむり,"roof, house",Nhà (宀) có 10 (ō) mẫu ruộng (田) là phú hào (富),2,福,支
福,PHÚC,Hạnh phúc,"blessing, fortune, luck, wealth",N3,フク,,13,⺭,しめすへん,"altar, festival, religious service",Ở thị (ネ) xã có 10 (ō) mẫu ruộng (田) là hạnh phúc (福) lắm rồi!,3,副,富
技,KỸ,Kỹ thuật,"skill, art, craft, ability, feat, performance, vocation, arts",N3,ギ,わざ,7,⺘,てへん,hand,Tay (扌) ở chi nhánh (支) có kỹ thuật (技) rất cao,7,支,相
産,SẢN,Sinh sản,"products, bear, give birth, yield, childbirth, native, property",N3,サン,う、うむ、うまれる、うぶ,11,⽣,うまれる,"birth, to be born, live",Đứng (立) trên sười núi (厂) sinh (生) sản (産),11,性,等
相,TƯƠNG,Tương tự/ thủ tướng,"inter-, mutual, together, each other, minister of state, councillor, aspect, phase, physiognomy",N3,ソウ、ショウ,あい,9,,きへん,"tree, wood",Cây (木) có mắt (目) tương tự (相) nhau,10,技,箱
位,VỊ,Vị trí,"rank, grade, throne, crown, about, some",N3,イ,くらい,7,⺅,にんべん,person ,Người (亻) đứng (立) đúng vị trí (位),4,永,泣
箱,TƯƠNG,Cái hộp,"box, chest, case, bin, railway car",N3,ソウ,はこ,15,⺮,たけかんむり,bamboo,Cây trúc (竹) tương tự (相) nhau dùng làm hộp (箱),2,相,想
想,TƯỞNG,Tưởng tượng,"idea, thought, conception, think",N3,ソウ、ソ,おも.う,13,⼼,こころ,"heart, mind, spirit",Tương tự (相) đầu óc trái tim (心) cũng biết tưởng tượng (想),11,箱,拾
拾,THẬP,Thu thập,"pick up, gather, find, go on foot, ten",N3,シュウ、ジュウ,ひろ、ひろう,9,⺘,てへん,hand,Tay (扌) thích hợp (合) để thu thập (拾),1,想,給
給,CẤP,Cung cấp,"salary, wage, gift, allow, grant, bestow on",N3,キュウ,"たま.う, たも.う, -たま.え",12,,いとへん,thread,Sợi tơ (糸) thích hợp (合) cung cấp (給) cho ngành dệt,8,拾,血
温,ÔN,"Ôn hoà , ấm",warm,N3,オン,あたた、あたたか、あたたかい、あたたまる、あたためる,12,⺡,さんずい,water,Nước (氵) để cả ngày (日) trên đĩa (皿) thì ấm (温) lên,13,塩,仲
険,HIỂM,Nguy hiểm,"precipitous, inaccessible place, impregnable position, steep place, sharp eyes",N3,ケン,けわ、けわしい,11,⻖,こざとへん,"hill, mound",Để Bồ (阝) mặc áo yếm rất nguy hiểm (険),7,判,検
塩,DIÊM,Muối,salt,N3,エン,しお,13,,つちへん,earth,Trên đất (土) nằm (𠂉) mở miệng (口) liếm đĩa (皿) muối (塩),2,血,温
仲,TRỌNG,Trọng tài,"go-between, relationship",N3,チュウ,なか,6,⺅,にんべん,person ,Người đứng (亻) ở trung tâm (中) là trọng tài (仲),6,温,判
検,KIỂM,Kiểm tra,"examination, investigate",N3,ケン,しら.べる,12,,きへん,"tree, wood",Trên cây (木) treo áo yếm bị mất cần phải kiểm tra (検),6,険,皮
仕,SĨ,Công việc,"attend, doing, official, serve",N3,シ、ジ,つか、つかえる,5,⺅,にんべん,person ,Người (亻) binh sĩ (士) đang làm công việc (仕) của mình,7,彼,必
必,TẤT,Tất yêu,"invariably, certain, inevitable",N3,ヒツ,かなら、かならず,5,⼼,こころ,"heart, mind, spirit",Trái tim (心) bị đâm (ノ) tất yếu (必) sẽ chết,5,仕,湯
湯,THANG,Nước nóng,"hot water, bath, hot spring",N3,トウ,ゆ,12,⺡,さんずい,water,Uống nước (氵) vật vã (易) ra vì nước nóng (湯),2,必,陽
皮,BÌ,Da,"pelt, skin, hide, leather, skin radical (no. 107)",N3,ヒ,かわ,5,⽪,けがわ,"skin, hide",Ở sườn núi (厂) mở chi nhánh (支) bán đồ da (皮),3,検,彼
判,PHÁN,Phán đoán,"judgement, judgment, signature, stamp, seal",N3,ハン、バン,わか.る,7,⺉,りっとう,"knife, sword",Ông bán (半) đao (刂) đang phán đoán (判),7,仲,険
彼,BỈ,Anh ấy,"he, that, the",N3,ヒ,かれ、かの,8,⼻,ぎょうにんべん,"step, stride, street, to go",2 người đứng (彳) sờ lên da (皮) anh ấy (彼),4,皮,仕
陽,DƯƠNG,Mặt trời,"sunshine, yang principle, positive, male, heaven, daytime",N3,ヨウ,ひ,12,⻖,こざとへん,"hill, mound",Bồ (阝) làm việc vật vã (易) dưới ánh mặt trời (陽),2,湯,幼
菜,THÁI,Rau,"vegetable, side dish, greens",N3,サイ,な,11,⺾,くさかんむり,grass,Cô giáo Thảo (艹) đang hái (采) rau (菜),1,貧,良
娘,NƯƠNG,Cô nương,"daughter, girl",N3,ジョウ,むすめ,10,,おんなへん,woman,Cô gái (女) tốt (良) nhất chính là cô nương (娘),3,良,根
貧,BẦN,Nghèo,"poverty, poor",N3,ヒン、ビン,まず、まずしい、まずしさ,11,⾙,かい,"shell, property, wealth",Phân chia (分) hết bảo bối (貝) sẽ nghèo (貧) đi,2,粉,菜
粉,PHẤN,Bột,"flour, powder, dust",N3,フン,こ、こな,10,,こめへん,rice,Gạo (米) phân chia (分) nhỏ thành bột phấn (粉),3,幼,貧
退,THOÁI,Thoái lùi,"retreat, withdraw, retire, resign, repel, expel, reject",N3,タイ,しりぞ、しりぞく、しりぞける,9,⻌,しんにょう,"road, walk, to advance",Thoái lui (退) không tốt (良) bằng đi xa (辶),13,根,達
良,LƯƠNG,Tốt,"good, pleasing, skilled",N3,リョウ,よ、い、よい、いい,7,⾉,こん,boundary,Da trắng (白) là 1 (丄) người (人) rất tốt (良),9,菜,娘
根,CĂN,Gốc rễ,"root, radical, head (pimple)",N3,コン,ね,10,,きへん,"tree, wood",Cây (木) không tốt (良) do gốc rễ (根),4,娘,退
絵,HỘI,Bức tranh,"picture, drawing, painting, sketch",N3,カイ、エ,,12,,いとへん,thread,Sợi tơ (糸) tụ hội (会) tạo thành bức tranh (絵),6,芸,転
達,ĐẠT,Thành đạt,"accomplished, reach, arrive, attain",N3,タツ,たち,12,⻌,しんにょう,"road, walk, to advance",Có đất (土) nuôi dê (羊) thì không cần đi xa (辶) vẫn thành đạt (遅),9,退,芸
効,HIỆU,Hiệu quả,"merit, efficacy, efficiency, benefit",N3,コウ,き、きく,8,⼒,ちから,power,Giao lưu (交) với người có năng lực (カ) sẽ đạt được hiệu quả (効),4,伝,算
伝,TRUYỀN,Truyền đạt,"transmit, go along, walk along, follow, report, communicate, legend, tradition",N3,デン,つた、つたわる、つたえる、つたう、つたい,6,⺅,にんべん,person ,Người đứng (亻) suốt 24 giờ (云) để tuyên truyền (伝),17,転,効
転,CHUYỂN,Chuyển động,"revolve, turn around, change",N3,テン,ころ、ころがる、ころげる、ころがす、ころぶ,11,,くるまへん,"vehicle, wheel, car",Xe (車) suốt 24 giờ (云) vẫn chuyển động (転),15,絵,伝
芸,NGHỆ,Nghệ thuật,"technique, art, craft, performance, acting, trick, stunt",N3,ゲイ,"う.える, のり, わざ",7,⺾,くさかんむり,grass,Cô giáo Thảo (艹) 24 giờ (云) làm nghệ thuật (芸),2,達,絵
優,ƯU,Ưu tú,"tenderness, excel, surpass, actor, superiority, gentleness",N3,ユウ,やさし、やさしさ、すぐれる、やさ、すぐ,17,⺅,にんべん,person ,Người (亻) hay ưu phiền (憂) không thể trở nên ưu tú (優),6,泊,線
線,TUYẾN,Tuyến đường,"line, track",N3,セン,すじ,15,,いとへん,thread,Tuyến đường (線) bán tơ (糸) cạnh bên bờ suối (泉),7,優,願
算,TOÁN,Tính toán,"calculate, divining, number, abacus, probability",N3,サン,そろ,14,⺮,たけかんむり,bamboo,Trúc (竹) mù mắt (目) nhưng vẫn chắp tay (廾) học toán (算),6,効,泊
身,THÂN,Bản thân,"somebody, person, one's station in life",N3,シン,み,7,⾝,み,body,Tự (自) tin với thân hình chữ O (才) của bản thân (身),12,仏,続
仏,PHẬT,Phật giáo,"Buddha, the dead, France",N3,ブツ,ほとけ,4,⺅,にんべん,person ,Người (亻) tu 4 (ム) kiếp thành Phật (仏),1,願,身
幼,ẤU,Thơ ấu,"infancy, childhood",N3,ヨウ,おさない,5,⺓,いとがしら,"young, slight",Thời thơ ấu (幼) cứ yêu (幺) thật lực (力),5,陽,粉
泊,BẠC,Trọ lại,"overnight stay, put up at, ride at anchor",N3,ハク,とまる、とめる,8,⺡,さんずい,water,Nước (氵) trắng (白) sạch thì trọ lại (泊),4,算,優
情,TÌNH,Tình cảm,"feelings, emotion, passion, sympathy, circumstances, facts",N3,ジョウ、セイ,なさ、なさけ,11,⺖,りっしんべん,"heart, mind, spirit",Trái tim (忄) thanh (青) niên giàu tình cảm (情),11,続,争
庫,KHỐ,Nhà kho,"warehouse, storehouse",N3,コ、ク,くら,10,⼴,まだれ,slanting roof,Mái hiên (广) để đỗ xe (車) ở nhà kho (庫),2,争,軍
争,TRANH,Cạnh tranh,"contend, dispute, argue",N3,ソウ,あらそう、あらそい、あらそ,6,⼅,はねぼう,vertical stroke with a hook,Móc (ク) vào Em (ヨ) nhất quyết (亅) sẽ xảy ra chiến tranh (争),4,情,庫
願,NGUYỆN,Nguyện ước,"petition, request, vow, wish, hope",N3,ガン,ねが、ねがう,19,⾴,おおがい,"head, page",Nguyên (原) cả tờ giấy (頁) dùng để viết nguyện ước (願),9,線,仏
続,TỤC,Tiếp tục,"continue, series, sequel",N3,ゾク,つづ、つづく、つづける、つづき,13,,いとへん,thread,Tơ (糸) lụa được bán (売) liên tục (続),12,身,情
連,LIÊN,Liên kết,"take along, lead, join, connect, party, gang, clique",N3,レン,つら、つ、つらなる、つらねる、つれる、つれ,10,⻌,しんにょう,"road, walk, to advance",Xe (車) đi xa (辶)  liên tục (連),11,軍,求
求,CẦU,Yêu cầu,"request, want, wish for, require, demand",N3,キュウ,もと、もとめる,7,氺,したみず,water,Pha 1 (一) cốc nước (水) theo đúng ông chủ (｀) yêu cầu (求),6,連,球
球,CẦU,Địa cầu,"ball, sphere",N3,キュウ,たま,11,,おうへん,"jewelry, jeweled king",Vua (王) yêu cầu (求) có cả địa cầu (球),2,求,救
注,CHÚ,Chú ý,"pour, irrigate, shed (tears), flow into, concentrate on, notes, comment, annotate",N3,チュウ,そそ、そそぐ,8,⺡,さんずい,water,Chú ý (注) đừng để nước (氵) bắn vào ông chủ (主),12,種,柱
軍,QUÂN,Quân đội,"army, force, troops, war, battle",N3,グン,いくさ,9,⾞,くるま,"vehicle, wheel, car",Trùm khăn (冖) lên xe (車) quân đội (軍) để ngụy trang,2,庫,連
種,CHỦNG,Chủng loại,"species, kind, class, variety, seed",N3,シュ,たね,14,⽲,のぎへん,grain,Lúa (禾) có trọng (重) lượng khác nhau do chủng loại (種),2,救,注
柱,TRỤ,Trụ cột,"pillar, post, cylinder, support",N3,チュウ,はしら,9,,きへん,"tree, wood",Cây (木) chủ (主) chốt làm trụ cột (柱),2,注,辞
辞,TỪ,Từ điển,"resign, word, term, expression",N3,ジ,や、やめる,13,⾟,からい,bitter,Lưỡi (舌) ăn đồ cay (辛) phải từ từ (辞) thôi!,8,柱,幸
反,PHẢN,"Phản đối, ngược lại",anti-,N3,ハン、ホン、タン,そ、そる、そらす,4,⼜,また,"again, right hand",Dưới sườn núi (厂) đi lại (又) để phản đối (反),13,幸,返
幸,HẠNH,Hạnh phúc,"happiness, blessing, fortune",N3,コウ,さいわ、さいわい、さち、しあわ、しあわせ,8,⼲,かん,"to dry, shield",Có đất (土) có tiền Yên (¥) thì hạnh phúc (幸),6,辞,反
救,CỨU,Cấp cứu,"salvation, save, help, rescue, reclaim",N3,キュウ,すく、すくう,11,⺙,ぼくづくり,"activity, to strike, hit",Yêu cầu (求) nếu bị đánh (攵) phải đưa đi cấp cứu (救),3,球,種
坂,PHẢN,Con dốc,"slope, incline, hill",N3,ハン,さか,7,,つちへん,earth,Đất (土) này phản đối (反) xây nhà vì rất dốc (坂),1,返,板
板,BẢN,Tấm bảng,"plank, board, plate, stage",N3,ハン、バン,いた,8,,きへん,"tree, wood",Cây (木) phản đối (反) bị chặt làm tấm bảng (板),5,坂,報
報,BÁO,Báo cáo,"report, news, reward, retribution",N3,ホウ,むく、むくい、むくいる、むくう,12,⼟,つち,earth,Hạnh phúc (幸) bị phản đối (反) đã được dự báo (報) trước,7,板,常
賞,THƯỞNG,Tiền thưởng,"prize, reward, praise",N3,ショウ,ほ.める,15,⾙,かい,"shell, property, wealth",Hòa thượng (尚) mang bảo bối (貝) đi ban thưởng (賞),5,常,用
常,THƯỜNG,Bình thường,"usual, ordinary, normal, common, regular, continually, always, long-lasting",N3,ジョウ,つね、とこ,11,⼱,はば,cloth,Hòa thượng (尚) quàng 1 chiếc khăn (巾) rất bình thường (常),12,報,賞
返,PHẢN,Trả lại,"return, answer, fade, repay",N3,ヘン,かえ、かえす、かえる、かえり,7,⻌,しんにょう,"road, walk, to advance",Phản đối (反) đi xa (辶) rồi trả lại (返),18,反,坂
告,CÁO,Quảng cáo,"revelation, tell, inform, announce",N3,コク,つ、つぐ、つげる,7,⼝,くち,mouth,Con bò cụt đuôi (牛) mở miệng (口) quảng cáo (告),6,備,造
造,TẠO,Sáng tạo,"create, make, structure, physique",N3,ゾウ,つく、つくる、つくり,10,⻌,しんにょう,"road, walk, to advance",Quảng cáo (告) muốn đi xa (辶) phải sáng tạo (造),2,告,材
材,TÀI,Tài liệu,"lumber, log, timber, wood, materials, ingredients, talent",N3,ザイ,,7,,きへん,"tree, wood",Cây (木) được thiên tài (才) dùng làm tài liệu (材),4,造,筆
備,BỊ,Chuẩn bị,"equip, provision, preparation",N3,ビ,そな、そなえる、そなわる,12,⺅,にんべん,person ,Người đứng (亻) cắt cỏ (艹) ở sườn núi (厂) để sử dụng (用) cho bò chuẩn bị (備) ăn,6,痛,告
建,KIẾN,Kiến trúc,build,N3,ケン、コン,た、たつ、たてる、たて,9,⼵,えんにょう,"to move, stretch",Kiến trúc (建) sư cầm bút (聿) hướng dẫn (廴) vẽ,6,律,結
結,KẾT,Kết hôn,"tie, bind, contract, join, organize, do up hair, fasten",N3,ケツ,むす、ゆ、むすぶ、ゆう、ゆわえる,12,,いとへん,thread,Sợi tơ (糸) hồng kết nối điều tốt lành (吉) trong lễ kết hôn (結),9,建,捨
痛,THỐNG,Đau,"pain, hurt, damage, bruise",N3,ツウ,いた、いたい、いたむ、いたましい、いためる、いたみ,12,⽧,やまいだれ,sickness,Bệnh (疒) của ma (々) phải sử dụng (用) đến thuốc giảm đau (痛),11,用,備
捨,XẢ,Vứt bỏ,"discard, throw away, abandon, resign, reject, sacrifice",N3,シャ,す、すてる,11,⺘,てへん,hand,Tay (扌) cầm đồ lên phố xá (舎) để vứt (捨),1,結,祝
用,DỤNG,Sử dụng,"utilize, business, service, use, employ",N3,ヨウ,もち、もちいる,5,⽤,もちいる,to use,Nguyệt (月) qua 1 (l) lần đã biết sử dụng (用),30,賞,痛
筆,BÚT,Cái bút,"writing brush, writing, painting brush, handwriting",N3,ヒツ,ふで,12,⺮,たけかんむり,bamboo,Trúc (竹) + bút (聿) = Bút (筆) trúc,2,材,律
律,LUẬT,Pháp luật,"rhythm, law, regulation, gauge, control",N3,リツ、リチ,,9,⼻,ぎょうにんべん,"step, stride, street, to go",2 người đứng (彳) cầm bút (聿) viết ra pháp luật (律),1,筆,建
説,THUYẾT,Diễn thuyết,"opinion, theory, explanation, rumor",N3,セツ、ゼイ,と、とく,14,,ごんべん,"words, to speak, say",Tập nói (言) trước tivi (兌) để diễn thuyết (説),8,税,量
量,LƯỢNG,Số lượng,"quantity, measure, weight, amount, consider, estimate, surmise",N3,リョウ,はかる、はかり、はか,12,⾥,さと,"village, (3.93 km)",Ngày (日) mùng 1 (一) ông Lí (里) đi mua số lượng (量) hàng lớn,6,説,童
祝,CHÚC,Chúc mừng,"celebrate, congratulate",N3,シュク、シュウ,いわ、いわう、いわい,9,⺭,しめすへん,"altar, festival, religious service",Chỉ thị (ネ) cho anh trai (兄) đi chúc (祝) Tết,4,捨,税
者,GIẢ,Tác giả,"someone, person",N3,シャ,もの,8,⺹,おいかんむり,"old, old-age",Đứng trên đất (土) chống gậy (/) cả ngày (日) là tác giả (者),17,童,代
貸,THẢI,Cho vay,lend,N3,タイ,か、かす、かし,12,⾙,かい,"shell, property, wealth",Thời đại (代) bây giờ có bảo bối (貝) đừng nên cho vay (貸),7,袋,苦
代,ĐẠI,Thời đại,"substitute, change, convert, replace, period, age, counter for decades of ages, eras, etc., generation, charge, rate, fee",N3,ダイ、タイ,かわる、かわり、かえる、よ、しろ、か,5,⺅,にんべん,person ,Người (亻) chiếm lấy (弋) thời đại (代),16,者,袋
袋,ĐẠI,Cái túi,"sack, bag, pouch",N3,タイ,ふくろ,11,⾐,ころも,clothing,Thời đại (代) bây giờ y phục (衣) thường có túi (袋),6,代,貸
個,CÁ,Cá tính,"individual, counter for articles",N3,コ、カ,,10,⺅,にんべん,person ,Người (亻) cố (固) chấp thường cá tính (個),6,苦,受
授,THỤ,Truyền thụ,"impart, instruct, grant, confer",N3,ジュ,さず、 さずける、さずかる,11,⺘,てへん,hand,Tay (扌) nhận (受) được rồi truyền thụ (授),2,受,点
童,ĐỒNG,Nhi đồng,"juvenile, child",N3,ドウ,わらべ,12,⽴,たつ,to stand,Đứng (立) trên đầu ông Lí (里) là nhi đồng (童),1,量,者
点,ĐIỂM,Điểm số,"spot, point, mark, speck, decimal point",N3,テン,"つ.ける, つ.く, た.てる, さ.す, とぼ.す, とも.す, ぼち",9,⺣,れっか,fire,Chiếm (占) nhà phóng hỏa (灬) là do có kẻ chỉ điểm (点),11,授,調
調,ĐIỀU,Điều tra,"tune, tone, meter, key (music), writing style, prepare, exorcise, investigate, harmonize, mediate",N3,チョウ,しら、ととの、しらべる、ととのえる、ととのう,15,,ごんべん,"words, to speak, say",Miệng nói (言) chu (周) ra khi điều tra (調),19,点,可
税,THUẾ,Tiền thuế,"tax, duty",N3,ゼイ,,12,⽲,のぎへん,grain,Bán lúa ( 禾) mua tivi (兌) phải nộp thuế (税),5,祝,説
可,KHẢ,Khả năng,"can, passable, approval",N3,カ,"-べ.き, -べ.し",5,⼝,くち,mouth,Đinh cắm (丁) cắm vào miệng (ロ) khả năng (可) sẽ rất đau,10,調,河
受,THỤ,Nhận,"accept, undergo, answer (phone), take, get, catch, receive",N3,ジュ,う、うける、うかる,8,⼜,また,"again, right hand",Bạch cốt trảo (爪) trùm khăn (冖) lên là lại (又) nhận (受) đệ tử,13,個,授
翌,DỰC,Ngày mai,"the following, next",N3,ヨク,,11,⽻,はね,"feather, wing",Ngày mai (翌) lông (羽) lá dựng đứng (翌),1,局,紹
局,CỤC,Kết cục,"bureau, board, office, affair, conclusion, court lady, lady-in-waiting, her apartment",N3,キョク,つぼね,7,⼫,しかばね,"corpse, awning",Xác chết (尸) có khả năng (可) đóng thành cục (局),3,河,翌
河,HÀ,Sông,river,N3,カ,かわ,8,⺡,さんずい,water,Nước (氵) có khả năng (可) chảy thành sông (河),2,可,局
兵,BINH,Binh sĩ,"soldier, private, troops, army, warfare, strategy, tactics",N3,ヘイ、ヒョウ,つわもの,7,⼋,はち,eight,Dưới ngọn đồi (丘) có 8 (ハ) binh sĩ (兵) đang ẩn nấp,2,紹,移
紹,THIỆU,Giới thiệu,"introduce, inherit, help",N3,ショウ,,11,,いとへん,thread,Giới thiệu (紹) sợi tơ (糸) 1 triệu (召),2,翌,兵
夢,MỘNG,Giấc mơ,"dream, vision, illusion",N3,ム,ゆめ,13,⼣,ゆうべ,evening,Trong giấc mơ (夢) cô giáo Thảo (艹) nằm võng (皿) trùm khăn (冖) ngủ đến chiều tối (夕),4,移,秒
苦,KHỔ,Đắng,"suffering, trial, worry, hardship, feel bitter, scowl",N3,ク,くる、にが、くるしい、くるしむ、くるしめる、にがい、にがる,8,⺾,くさかんむり,grass,Cô giáo Thảo (艹) thời cổ (古) sống rất khổ (苦),10,貸,個
央,ƯƠNG,Trung ương,"center, middle",N3,オウ,,5,⼤,だい,"large, big",Mồm (ロ) to (大) cho lên trung ương (央),2,秒,決
決,QUYẾT,Quyết định,"decide, fix, agree upon, appoint",N3,ケツ,き、きめる、きまる,7,⺡,さんずい,water,Việc của đất nước (氵) do trung ương (央) quyết định (決),6,央,窓
窓,SONG,Cửa sổ,"window, pane",N3,ソウ,まど,11,,あなかんむり,"hole, cave",Dưới mái nhà (宀) làm việc công (公) tâm (心) bên cửa sổ (窓),2,決,供
秒,MIỂU,Giây,second (1/60 minute),N3,ビョウ,,9,⽲,のぎへん,grain,Lúa (禾) thiếu (少) 1 giây (秒) cũng đói,2,夢,央
選,TUYỂN,Tuyển chọn,"elect, select, choose, prefer",N3,セン,えら、えらぶ,15,⻌,しんにょう,"road, walk, to advance",Tuyển chọn (選) 22 (己己) cộng (共) tác viên làm việc từ xa (辶),9,供,帯
移,DI,Di chuyển,"shift, move, change, drift, catch (cold, fire), pass into",N3,イ,うつ、うつす、うつる,11,⽲,のぎへん,grain,Lúa (禾) nhiều (多) cần phải di chuyển (移) đi,6,兵,夢
供,CUNG,Cung cấp,"submit, offer, present, serve (meal), accompany",N3,キョウ、ク,そな、とも、そなえ、そなえる,8,⺅,にんべん,person ,Người đứng (亻) nơi công cộng (共) cung cấp (供) đồ,7,窓,選
帯,ĐỚI,Cái đai,"sash, belt, obi, zone, region",N3,タイ,お、おびる、おび,10,⼱,はば,cloth,1 (一) khi leo núi (山) sẽ cần trùm (冖) khăn (巾) đai (帯) hỗ trợ,4,選,婦
覚,GIÁC,Thị giác,"memorize, learn, remember, awake, sober up",N3,カク,おぼ、さ、おぼえる、さます、さめる,12,⾒,みる,to see,Ba (''') đêm trùm khăn (冖) nhìn (見) để kiểm tra thị giác (覚),11,初,現
規,QUY,Quy tắc,"standard, measure",N3,キ,,11,⾒,みる,to see,Chồng (夫) nhìn (見) vào quy tắc (規),3,現,係
婦,PHỤ,Phụ nữ,"lady, woman, wife, bride",N3,フ,よめ,11,,おんなへん,woman,Người con gái (女) biết cầm chổi (帚) là đã trở thành phụ nữ (婦),4,帯,初
折,CHIẾT,"Bẻ, gãy","fold, break, fracture, bend, yield, submit",N3,セツ,お、おる、おり、おれる,7,⺘,てへん,hand,Tay (扌) cầm rìu (斤) chiết gãy (折) cả cây,4,係,液
初,SƠ,Sơ cấp,"first time, beginning",N3,ショ,はじ、はつ、うい、そ、はじめて、はじめ、はつ、そめる,7,⼑,かたな,"knife, sword",Cắt may y phục (衤) bằng đao (刀) sẽ học ở lớp sơ cấp (初),8,婦,覚
未,VỊ,Mùi vị,"un-, not yet, hitherto, still, even now, sign of the ram, 1-3PM, eighth sign of Chinese zodiac",N3,ミ,いま、ま、いまだ、まだ,5,⽊,き,"tree, wood",Vị thành niên (未) to bằng 1 (一) cái cây (木),7,類,末
類,LOẠI,Chủng loại,"sort, kind, variety, class, genus",N3,ルイ,たぐ.い,18,⾴,おおがい,"head, page",Chủng loại (類) gạo (米) to (大) như tờ giấy (頁),5,液,未
末,MẠT,Cuối cùng,"end, close, tip, powder, posterity",N3,マツ、バツ,すえ,5,⽊,き,"tree, wood",Mạt (末) cuối cùng vẫn ngược với vị (未),6,未,非
現,HIỆN,Hiện thực,"present, existing, actual",N3,ゲン,あらわ、あらわれる、あらわす,11,,おうへん,"jewelry, jeweled king",Vua (王) nhìn (見) vào hiện thực (現) đất nước,14,覚,規
係,HỆ,Quan hệ,"person in charge, connection, duty, concern oneself",N3,ケイ,かか、かかる、かかり、かかわる、かかわり,9,⺅,にんべん,person ,Người đứng (亻) được vào hệ thống (系) là phải có quan hệ (係),2,規,折
液,DỊCH,Dung dịch,"fluid, liquid, juice, sap, secretion",N3,エキ,,11,⺡,さんずい,water,Nước (氵) chảy trong đêm (夜) là dung dịch (液),2,折,類
悲,BI,Bi thảm,"grieve, sad, deplore, regret",N3,ヒ,かな、かなしい、かなしむ、かなしさ、かなしみ,12,⼼,こころ,"heart, mind, spirit",Người phi thường (非) trái tim (心) hay gặp điều bi thảm (悲),4,非,罪
罪,TỘI,Tội phạm,"guilt, sin, crime, fault, blame, offense",N3,ザイ,つみ,13,,よこめ,eye,Tên tội phạm (罪) từ trên võng (皿) phi (非) xuống,4,悲,息
非,PHI,Phi thường,"un-, mistake, negative, injustice, non-",N3,ヒ,あら.ず,8,⾮,あらず,"wrong, non-",Giống hình cái thang ngược,7,末,悲
息,TỨC,Hơi thở,"breath, respiration, son, interest (on money), rest, coming to an end",N3,ソク,いき,10,⼼,こころ,"heart, mind, spirit",Tự (自) điều hòa nhịp tim (心) và hơi thở (息),5,罪,鼻
鼻,TỊ,Cái mũi,"nose, snout",N3,ビ,はな,14,⿐,はな,nose,Tự (自) làm ruộng (田) bằng tay (廾) thở ra bằng mũi (鼻),2,息,各
落,LẠC,Rơi,"fall, drop, come down, village, hamlet",N3,ラク,お、おちる、おとす,12,⺾,くさかんむり,grass,Rơi (落) lệ khi cô giáo Thảo (艹) ngã xuống nước (氵) mà các vị (各) không cứu,10,格,絡
絡,LẠC,Liên lạc,"entwine, coil around, get caught in",N3,ラク,から、からむ、からまる、からめる,12,,いとへん,thread,Dùng sợi tơ (糸) các vị (各) liên lạc (絡) với nhau,1,落,路
路,LỘ,Đường,"path, route, road, distance",N3,ロ,じ,13,⻊,あしへん,"foot, leg",Chân (足) các vị (各) đi trên đường (路) lộ,5,絡,接
接,TIẾP,Tiếp xúc,"touch, contact, adjoin, piece together",N3,セツ,つ、つぐ,11,⺘,てへん,hand,Tay (扌) đứng (立) cạnh người phụ nữ (女) mình yêu mà không dám tiếp xúc (接),6,路,努
格,CÁCH,Tính cách,"status, rank, capacity, character, case (law, grammar)",N3,カク、コウ,,10,,きへん,"tree, wood",Nhìn cây (木) các vị (各) trồng là biết được tính cách (格),8,各,落
岸,NGẠN,Bờ biển,beach,N3,ガン,きし,8,,やまかんむり,mountain,Dưới núi (山) là sườn núi (厂) khô (干) ráo cạnh bờ biển (岸),2,汗,平
干,CAN,Khô khan,"dry, parch, ebb, recede, interfere, intercede",N3,カン,ほ、ひ、ほす、ほし、ひる,3,⼲,かん,"to dry, shield",Bất kỳ 1 (一) thứ gì phơi 10 (十) ngày cũng khô (干),3,怒,汗
呼,HÔ,Hô gọi,"call, call out to, invite",N3,コ,よ、よぶ,8,,くちへん,mouth,Miệng (ロ) Bình (平) đang hô hấp (呼),7,平,職
職,CHỨC,Chức vụ,"post, employment, work",N3,ショク,,18,,みみへん,ear,Chức vụ (職) của tai (耳) là để nghe âm thanh (音) truyền qua (戈),6,呼,識
怒,NỘ,Phẫn nộ,"angry, be offended",N3,ド,いか、おこ、いかる、おこる,9,⼼,こころ,"heart, mind, spirit",Nô lệ (奴) trong tim (心) rất phẫn nộ (怒),3,努,干
汗,HÃN,Mồ hôi,"sweat, perspire",N3,カン,あせ,6,⺡,さんずい,water,Nước (氵) khô (干) ngay là mồ hôi (汗),2,干,岸
列,LIỆT,Xếp hàng,"file, row, rank, tier, column",N3,レツ,,6,⺉,りっとう,"knife, sword",Lính bị ngạt (歹) vẫn cầm đao (刂) nằm la liệt (列) thành hàng,2,識,例
各,CÁC,Các vị,"each, every, either",N3,カク,おのおの,6,⼝,くち,mouth,Các vị (各) đến sau (夂)mà còn to mồm (ロ),5,鼻,格
識,THỨC,Tri thức,"discriminating, know, write",N3,シキ,"し.る, しる.す",19,,ごんべん,"words, to speak, say",Người tri thức (諾) nói (言) ra âm thanh (音) nghe qua (戈) đã hiểu,4,職,列
例,LỆ,"Ví dụ, tiền lệ","example, custom, usage, precedent",N3,レイ,たと、たとえる,8,⺅,にんべん,person ,Ví dụ (例) nhìn thấy người đứng (亻) bị liệt (列) bạn có rơi lệ?,3,列,死
死,TỬ,Chết,"death, die",N3,シ,し、しぬ、しに,6,⽍,がつ,"death & dying, to decompose",Chết (死) ngạt (歹) mà vẫn cười hihi (七),3,例,績
努,NỖ,Nỗ lực,"toil, diligent, as much as possible",N3,ド,つと、つとめる、つとめて,7,⼒,ちから,power,Nô lệ (奴) có sức lực (力) vẫn phải nỗ lực (努) cố gắng,3,接,怒
積,TÍCH,Tích trữ,"volume, product (x*y), acreage, contents, pile up, stack, load, amass",N3,セキ,つ、つむ、つもる、つもり,16,⽲,のぎへん,grain,Tích trữ (積) lúa (禾) là trách nhiệm (責) của người nông dân,6,績,打
打,ĐẢ,Ẩu đã,"strike, hit, knock, pound, dozen",N3,ダ,うつ、うち,5,⺘,てへん,hand,Tay (扌) cầm đinh (丁) đi ẩu đả (打),10,積,貯
貯,TRỮ,Tích trữ,"savings, store, lay in, keep, wear mustache",N3,チョ,"た.める, たくわ.える",12,,かいへん,"shell, property, wealth",Bảo bối (貝) để dưới mái nhà (宀) phải đóng đinh (丁) lại để tích trữ (貯),2,打,準
準,CHUẨN,Chuẩn bị,"semi-, correspond to, proportionate to, conform, imitate",N3,ジュン,"じゅん.じる, じゅん.ずる, なぞら.える, のり, ひと.しい, みずもり",13,⺡,さんずい,water,Dùng nước (氵) rửa chim (隹) 10 (十) lần để chuẩn bị (準) thịt,4,貯,進
平,BÌNH,Hoà bình,"even, flat, peace",N3,ヘイ、ビョウ,たい、ひらたい、たいら、ひら,5,⼲,かん,"to dry, shield",Cái can (干) = 2 (丷) cái bình (平),14,岸,呼
曜,DIỆU,Ngày,weekday,N3,ヨウ,,18,,ひへん,"sun, day, time",Ở Nhật (日) 2 Em (ヨ) chơi đùa cùng chim (隹) cả ngày (曜),9,進,濯
進,TIẾN,Tiến bộ,"advance, proceed, progress, promote",N3,シン,すす、すすむ、すすめる,11,⻌,しんにょう,"road, walk, to advance",Chim (隹) đi xa (辶) học hỏi để tiến bộ (進),11,準,曜
確,XÁC,Chính xác,"assurance, firm, tight, hard, solid, confirm, clear, evident",N3,カク,たしか、たしかめる、たし,15,,いしへん,stone,Cầm đá (石) trùm khăn (冖) vẫn ném chim (隹) chính xác (確),14,濯,観
果,QUẢ,Kết quả,"fruit, reward, carry out, achieve, complete, end, finish, succeed",N3,カ,はたす、はてる、はて、は,8,⽊,き,"tree, wood",Ruộng (田) trồng cây (木) ăn quả (果),6,観,単
観,QUAN,Quan sát,"outlook, look, appearance, condition, view",N3,カン,"み.る, しめ.す",18,⾒,みる,to see,Buổi trưa (午) con chim (隹) đang nhìn (見) là quan sát (観),7,確,果
濯,TRẠC,Giặt giũ,"laundry, wash, pour on, rinse",N3,タク,"すす.ぐ, ゆす.ぐ",17,⺡,さんずい,water,Đổ nước (氵) vào 2 Em (ヨ) chim (隹) giặt giũ (濯),2,曜,確
単,ĐƠN,Đơn giản,"simple, one, single, merely",N3,タン,ひとえ,9,⺍,つ,Katakana Tsu,3 (''') ngày (日) làm 10 (十) mảnh ruộng thì quá đơn giản (単),7,果,戦
績,TÍCH,Thành tích,"exploits, achievements, unreeling cocoons",N3,セキ,,17,,いとへん,thread,Dệt tơ (糸) có trách nhiệm (責) sẽ đạt thành tích (績) cao,3,死,積
業,NGHIỆP,Nông nghiệp,"business, vocation, arts, performance",N3,ギョウ、ゴウ,わざ,13,⽊,き,"tree, wood",Xếp hàng (业) mua dê (羊) và cây (木) giống để phục vụ nông nghiệp (業),22,実,残
実,THỰC,Sự thực,"reality, truth, seed, fruit, nut",N3,ジツ,み、みの、みのる、みのり,8,⼧,うかんむり,"roof, house",Nhà (宀) có 3 (三) người (人) giống nhau là sự thực (実),26,任,業
浅,THIỂN,Nông cạn/ thiển cận,"shallow, superficial, frivolous, wretched, shameful",N3,セン,あさ、あさい,9,⺡,さんずい,water,Nước (氵) qua 2 lần (毛) sử dụng thì bị nông cạn (浅),1,残,消
戦,CHIẾN,Chiến tranh,"war, battle, match",N3,セン,いくさ、たたか、たたかう、たたかわす,13,⼽,ほこ,"spear, weapon",Đơn giản (単) vượt qua (戈) chiến tranh (戦),4,単,任
消,TIÊU,Tiêu diệt,"extinguish, blow out, turn off, neutralize, cancel",N3,ショウ,き、け、きえる、けす,10,⺡,さんずい,water,Nước (氵) tiêu (肖) biến (消),14,浅,具
残,TÀN,Còn lại,"remainder, leftover, balance",N3,ザン,のこる、のこす、のこり、のこ,10,,がつへん,"death & dying, to decompose",Bị ngạt (歹) qua 2 lần (毛) thì tàn (残) đời,8,業,浅
包,BAO,Gói,"wrap, pack up, cover, conceal",N3,ホウ,つつ、つつむ、つつみ,5,⼓,つつみがまえ,to wrap,Bao (勹) quanh bản thân (己) là sự bao bọc (包),5,兆,補
兆,TRIỆU,Nghỉn tỷ,"portent, 10**12, trillion, sign, omen, symptoms",N3,チョウ,きざ、きざす、きざし,6,⼉,ひとあし,human legs,Chân (儿) có 4 (><) cái lông đáng giá nghìn tỷ (兆),2,借,包
借,TÁ,Vay mượn,"borrow, rent",N3,シャク,か、かりる,10,⺅,にんべん,person ,Người (亻) ngày xưa (昔) vay mượn (借) mình,4,昔,兆
他,THA,Khác,"other, another, the others",N3,タ,ほか,5,⺅,にんべん,person ,Người đứng (亻) thả C (也) là người khác (他),3,議,的
的,ĐÍCH,Mục đích,"bull's eye, mark, target, object, adjective ending",N3,テキ,まと,8,,はくへん,white,Mục đích (的) trắng (白) trợn là bắt chước (勺),25,他,約
任,NHIỆM,Trách nhiệm,"responsibility, duty, term, entrust to, appoint",N3,ニン,まか、まかせる、まかす,6,⺅,にんべん,person ,Người (亻) làm vua (王) phải có trách nhiệm (任),4,戦,実
昔,TÍCH,Ngày xưa,"once upon a time, antiquity, old times",N3,セキ、シャク,むかし,8,⽇,ひ,"sun, day, time",Ở hàng rào (井) cả ngày (日) đọc truyện cổ tích ngày xưa (昔),2,具,借
議,NGHỊ,Hội nghị,"deliberation, consultation, debate, consideration",N3,ギ,,20,,ごんべん,"words, to speak, say",Trong hội nghị (議) không được phép nói (言) lời vô nghĩa (我),7,補,他
補,BỔ,Bổ sung,"supplement, supply, make good, offset, compensate, assistant, learner",N3,ホ,おぎな、おぎなう,12,⻂,ころもへん,clothing,Bổ sung (補) y phục (衤) cho quan phủ (甫),4,包,議
構,CẤU,Cấu tạo,"posture, stance, appearance, build, set up",N3,コウ,かま、かまえる、かまう,14,,きへん,"tree, wood",Cây (木) + cấu (冓) = Cấu tạo (構) cây,6,再,婚
均,QUÂN,Bình quân,"level, average",N3,キン,なら.す,7,,つちへん,earth,Đất (土) cho vào bao (勹) đóng băng (冫) lại rồi chia bình quân (均),2,約,談
婚,HÔN,Kết hôn,marriage,N3,コン,,11,,おんなへん,woman,Phụ nữ (女) phải đổi họ (氏) sau ngày (日) kết hôn (婚),5,構,底
再,TÁI,Tái tạo,"again, twice, second time",N3,サイ、サ,ふたた、ふたたび,6,⼌ ,けいがまえ,to enclose,Tái tạo (再) lại công (工) viên (円),6,談,構
底,ĐỂ,Đáy,"bottom, sole, depth, bottom price, base, kind, sort",N3,テイ,そこ,8,⼴,まだれ,slanting roof,Mái hiên (广) nhà thờ họ (氏) thiêng nhất (一) ở chỗ đáy (底),2,婚,愛
愛,ÁI,Yêu,"love, affection, favourite",N3,アイ,いと、いとしい、いとおしむ,13,⼼,こころ,"heart, mind, spirit",Dùng móng tay (爪) trùm khăn (冖) sưởi ấm trái tim (心) từ phía sau (攵) Đó là tình yêu (愛),6,底,酔
難,NAN,"Khó, gian nan","difficult, impossible, trouble, accident, defect",N3,ナン,かた、むずか、かたい、かたさ、むずかしい,18,⾫,ふるとり,small bird,Chữ Hán (茣) chim (隹) học được thì quả là gian nan (難),8,季,予
談,ĐÀM,Đàm thoại,"discuss, talk",N3,ダン,,15,,ごんべん,"words, to speak, say",Nói (言) đến mức viêm (炎) họng vì đàm thoại (談),2,均,再
予,DỰ,Dự báo,"beforehand, previous, myself, I",N3,ヨ,あらかじ.め,4,⼅,はねぼう,vertical stroke with a hook,Dự báo (予) gặp MA (々) sẽ kêu A (ア),18,難,橋
橋,KIỀU,Cây cầu,bridge,N3,キョウ,はし,16,,きへん,"tree, wood",Cây (木) bắc lên trời cao (喬) là cây cầu (橋),2,予,布
布,BỐ,Vải,"linen, cloth, spread, distribute",N3,フ,ぬの,5,⼱,はば,cloth,Bố Na (ナ) quàng khăn (巾) vải (布),5,橋,希
具,CỤ,Dụng cụ,"tool, utensil, means, possess, ingredients, counter for armor, suits, sets of furniture",N3,グ,"そな.える, つぶさ.に",8,⼋,はち,eight,Dùng dụng cụ (具) cắt 1 (一) bảo bối (貝) làm đôi,6,消,昔
季,QUÝ,Mùa,seasons,N3,キ,,8,⼦,こ,"child, son",Lúa (禾) con (子) lớn lên theo mùa (季),2,酔,難
酔,TÚY,Say,"drunk, feel sick, poisoned, elated, spellbound",N3,スイ,"よ.う, よ.い, よ",11,酉,ひよみのとり,"wine, alcohol",Uống rượu đến giờ Dậu (酉) 90 (卆) chén chưa say (酔),3,愛,季
迎,NGHÊNH,Đón,"welcome, meet, greet",N3,ゲイ,むか、むかえる,7,⻌,しんにょう,"road, walk, to advance",CD (卯) mới ra đi xa (辶) vẫn được nghênh đón (迎),6,定,卵
徒,ĐỒ,Học sinh,"on foot, junior, emptiness, vanity, futility, uselessness, ephemeral thing, gang, set, party, people",N3,ト,"いたずら, あだ",10,⼻,ぎょうにんべん,"step, stride, street, to go",2 người (彳) đang chạy (走) là học sinh (徒),2,卵,乳
希,HY,Hi vọng,"hope, beg, request, pray, beseech, Greece, dilute (acid), rare, few, phenomenal",N3,キ,"まれ, こいねが.う",7,⼱,はば,cloth,Hy vọng (希) nó sẽ thích mê (メ) tấm vải (布),2,布,定
表,BIỂU,Phát biểu,"surface, table, chart, diagram",N3,ヒョウ,おもて、あらわ、あらわす、あらわれる,8,⾐,ころも,clothing,Ông vua lòi đầu (主) mặc y phục (衣) lịch sự đứng phát biểu (表),17,示,倍
守,THỦ,Phòng thủ,"guard, protect, defend, obey",N3,シュ、ス,まも、もり、まもる、まもり,6,⼧,うかんむり,"roof, house",Dưới mái nhà (宀) rất thốn (寸) vì phải phòng thủ (守),4,付,顔
乳,NHŨ,Sữa,"milk, breasts",N3,ニュウ,ちち、ち,8,⺃,おつ,the second,Móng tay (爪) trẻ con (子) búng Là (L) ra sữa (乳),2,徒,礼
示,THỊ,Chỉ thị,"show, indicate, point out, express, display",N3,シ、ジ,しめ、しめす,5,⽰,しめす,"altar, festival, religious service",Chỉ thị (示) 2 (ニ) nhỏ (小),5,礼,表
顔,NHAN,Khuôn mặt,"face, expression",N3,ガン,かお,18,⾴,おおがい,"head, page",Ngưu Lang (彦) lấy giấy (頁) che mặt (顔),4,守,由
付,PHÓ,Giao phó,"adhere, attach, refer to, append",N3,フ,つ、つける、つく、つき、づける、づく,5,⺅,にんべん,person ,Người (亻) mặt rất thốn (寸) khi bị giao phó (付),26,対,守
対,ĐỐI,Phản đối,"vis-a-vis, opposite, even, equal, versus, anti-, compare",N3,タイ、ツイ,"あいて, こた.える, そろ.い, つれあ.い, なら.ぶ, むか.う",7,,すんづくり,"inch, (2.25 cm)",Bài văn (文) thốn (寸) quá nên bị phản đối (対),11,倍,付
演,DIỄN,Biểu diễn,"performance, act, play, render, stage",N3,エン,,14,⺡,さんずい,water,Dưới nước (氵) hổ (寅) đang biểu diễn (演),6,由,横
倍,BỘI,Gấp bội,"double, twice, times, fold",N3,バイ,,10,⺅,にんべん,person ,Số lượng người (亻) làm cùng bộ phận (音) đã tăng lên gấp bội (倍),2,表,対
礼,LỄ,Lễ nghi,"salute, bow, ceremony, thanks, remuneration",N3,レイ、ライ,,5,⺭,しめすへん,"altar, festival, religious service",Mang thị (衤) đi Làm (L) lễ (礼),10,乳,示
定,ĐỊNH,Cố định,"determine, fix, establish, decide",N3,テイ、ジョウ,さだ、さだか、さだめる、さだまる,8,⼧,うかんむり,"roof, house",Dưới mái nhà (宀) hạ (下) nhân (人) bị cố định (定) lại,28,希,迎
横,HOÀNH,Trục hoành,"sideways, side, horizontal, width, woof, unreasonable, perverse",N3,オウ,よこ,15,,きへん,"tree, wood",Có vài cây (木) vàng (黄) thì rất hoành (横) tráng,3,演,率
率,SUẤT,Xác suất,"ratio, rate, proportion, %, factor, lead, spearhead, command",N3,ソツ、リツ,ひきいる、ひき,11,⽞,げん,darkness,Xác suất (率) Huyền (玄) đạt 4 (><) điểm 10 (十) là rất cao,5,横,老
由,DO,Tự do,"wherefore, a reason",N3,ユ、ユウ、ユイ,よし,5,⽥,た,rice paddy,Trên ruộng (田) cắm cọc (l) tự do (由),8,顔,演
悪,ÁC,Xấu,"bad, vice, rascal, false, evil, wrong",N3,アク、オ,わる、あ、わるい、わるさ、あし、あしき,11,⼼,こころ,"heart, mind, spirit",Người châu Á (亜) trái tim (心) không hề ác (悪),11,老,要
卵,NOÃN,Trứng,"egg, ovum, spawn, roe",N3,ラン,たまご,7,⼙,ふしづくり,"stamp, seal",Gà mái giải phóng (卯) ra 2 (｀｀) quả trứng (卵),3,迎,徒
要,YẾU,Tất yếu,"need, main point, essence, pivot, key to",N3,ヨウ,い、かなめ、いる,9,⻃,にし,"cover, west",Ở tây (西) yêu phụ nữ (女) là tất yếu (要),14,悪,独
老,LÃO,Người già,"old man, old age, grow old",N3,ロウ,お、おいる、ふ、ふける,6,⺹,おいかんむり,"old, old-age",Đứng trên đất chống gậy (者) cười Hihi (匕) là người già (老),5,率,悪
独,ĐỘC,Cô độc,"single, alone, spontaneously, Germany",N3,ドク,ひと、ひとり,9,⺨,けものへん,beast,Chó (犭) chơi với côn trùng (虫) vì cô độc (独),6,要,困
編,BIÊN,Đan,"compilation, knit, plait, braid, twist, editing, completed poem, part of a book",N3,ヘン,あ、あむ、あみ,15,,いとへん,thread,Nhà máy đan (編) tơ (糸) này có biển (扁) hiệu,3,冊,亡
困,KHỐN,Khốn khổ,"quandary, become distressed, annoyed",N3,コン,こま、こまる,7,⼞,くにがまえ,"border, territorial boundaries",làm hàng rào vây quanh (囗) cây (木) đúng là khốn khổ (困),2,独,団
亡,VONG,Chết,"deceased, the late, dying, perish",N3,ボウ、モウ,な、ない、なき、なくす、なくなる,3,⼇,なべぶた,"lid, top",Mất đầu (亠) Là (L) chết (亡),3,編,忘
望,VỌNG,Tuyệt vọng,"ambition, full moon, hope, desire, aspire to, expect",N3,ボウ、モウ,のぞ、のぞむ、のぞみ,11,⽉,つき,"moon, month, period",Vong (亡) hồn Nguyệt (月) bám theo vua (王) trong tuyệt vọng (望),7,忘,曲
曲,KHÚC,Ca khúc,"bend, music, melody, composition, pleasure, injustice, fault, curve, crooked, perverse, lean",N3,キョク,ま、まがる、まげる,6,⽈,ひらび,to say,Tự do (由) hát 1 (l) ca khúc (曲),4,望,農
農,NÔNG,Nông nghiệp,"agriculture, farmers",N3,ノウ,,13,⾠,しんのたつ,"Fifth zodiac sign, 7–9 A.M.",Ca khúc (曲) của thần (辰) nông nghiệp (農),2,曲,豊
団,ĐOÀN,Đoàn thể,"group, association",N3,ダン、トン,"かたまり, まる.い",6,⼞,くにがまえ,"border, territorial boundaries",Bị cả đoàn thể (団) vay quanh (囗) cảm giác rất thốn (寸),2,困,冊
冊,SÁCH,Quyển sách,"tome, counter for books, volume",N3,サツ、サク,ふみ,5,⼌ ,けいがまえ,to enclose,Ngồi ở biên giới (冂) chắp tay (井) đọc sách (冊),1,団,編
以,DĨ,Vốn dĩ,"by means of, because, in view of, compared with",N3,イ,も、もって,5,⼈,ひと,person,Vốn dĩ (以) 1 (1) chấm (`) làm người (人) say đắm,6,豊,期
豊,PHONG,Phong phú,"bountiful, excellent, rich",N3,ホウ,ゆた、ゆたか,13,⾖,まめ,bean,Ca khúc (曲) về hạt đậu (豆) rất phong phú (豊),2,農,以
欠,KHIẾM,"Khiếm khuyết, thiếu","lack, gap, fail, yawning radical (no. 76)",N3,ケツ,か、かける、かく、かかす,4,⽋,あくび,"to lack, yawn",Nằm (𠂉) ngủ chỉ có 1 người (人) cứ thấy thiếu thiếu (欠),7,期,次
期,KỲ,Kỳ hạn,"period, time, date, term",N3,キ、ゴ,,12,⽉,つき,"moon, month, period",Kì (其) cuối tháng (月) là kỳ hạn (期) trả tiền,17,以,欠
次,THỨ,Tiếp theo,"next, order, sequence",N3,ジ、シ,つ、つぐ、つぎ,6,⽋,あくび,"to lack, yawn",Nhà băng (冫) không thiếu (欠) thứ (次) gì,11,欠,組
助,TRỢ,Trợ giúp,"help, rescue, assist",N3,ジョ,たす、たすける、たすかる、すけ,7,⼒,ちから,power,Thả (且) hết sức lực (力) ra để trợ giúp (助),7,組,査
査,TRA,Điều tra,investigate,N3,サ,,9,⽊,き,"tree, wood",Kiểm tra (査) cây (木) rất thong thả (且),6,助,商
欧,ÂU,Châu âu,Europe,N3,オウ,"うた.う, は.く",8,⽋,あくび,"to lack, yawn",Khu vực (区) không thể thiếu (欠) là Châu Âu (欧),2,商,復
組,TỔ,Tổ chức,"association, braid, plait, construct, assemble, unite, cooperate, grapple",N3,ソ,く、くむ、くみ,11,,いとへん,thread,Nhện nhả tơ (糸) thả (且) vào tổ (組),7,次,助
最,TỐI,Tối cao,"utmost, most, extreme",N3,サイ,もっと、もっとも,12,⽇,ひ,"sun, day, time",Mặt trời (日) bị lấy (取) là tối (最),9,取,棒
忘,VONG,Quên,forget,N3,ボウ,わす、わすれる,7,⼼,こころ,"heart, mind, spirit",Chết (亡) rồi nhưng trái tim (心) vẫn không thể quên (忘),3,亡,望
棒,BỔNG,Cây gậy,"rod, stick, cane, pole, club, line",N3,ボウ,,12,,きへん,"tree, wood",Cây (木) phụng mệnh (奉) dùng làm gậy (棒),1,最,祭
商,THƯƠNG,Thương phẩm,"make a deal, selling, dealing in, merchant",N3,ショウ,あきな、あきなう、あきない,11,⼝,くち,mouth,Đứng (立) ở biên giới (冂) chân chạy (儿) miệng (口) giao bán thương phẩm (商),4,査,欧
悩,NÃO,Phiền não,"trouble, worry, in pain, distress, illness",N3,ノウ,なや、なやむ、なやみ、なやます,10,⺖,りっしんべん,"heart, mind, spirit",Tim (忄) có 3 (ツ) điều hung ác (凶) khiến ta phiền não (悩),2,祭,勝
復,PHỤC,Hồi phục,"restore, return to, revert, resume",N3,フク,また,12,⼻,ぎょうにんべん,"step, stride, street, to go",2 người (彳) bệnh được phục (夏) vụ đến khi phục hồi (復),5,欧,複
祭,TẾ,Lễ hội,"ritual, offer prayers, celebrate, deify, enshrine, worship",N3,サイ,まつる、まつり,11,⽰,しめす,"altar, festival, religious service",Nguyệt (月) cầm cờ (マ) theo chỉ thị (示) của lễ hội (祭),5,棒,悩
階,GIAI,Giai cấp,"storey, stair, counter for storeys of a building",N3,カイ,きざはし,12,⻖,こざとへん,"hill, mound",Bồ (阝)làm việc với mọi người (皆) mọi giai cấp (階),14,勝,労
勝,THẮNG,Chiến thắng,"victory, win, prevail, excel",N3,ショウ,か、かつ、かち、まさ、まさる,12,⼒,ちから,power,Nguyệt (月) múa 2 ngọn lửa (火) thật lực (力) để ăn mừng chiến thắng (勝),9,悩,階
取,THỦ,Lấy,"take, fetch, take up",N3,シュ,と、とる、とり,8,⼜,また,"again, right hand",Tai (耳) lại (又) bị lấy (取) mất,23,複,最
頭,ĐẦU,Cái đầu,"head, counter for large animals",N3,トウ、ズ、ト,あたま、かしら,16,⾴,おおがい,"head, page",Đầu (頭) óc bã đậu (豆) không thể làm việc giấy (頁) tờ,6,豆,登
登,ĐĂNG,Đăng kí,"ascend, climb up",N3,トウ、ト,のぼ、のぼる,12,⽨,はつがしら,"outspread legs, departure",Đăng ký (登) sẽ được bát (癶) đậu (豆),5,頭,喜
複,PHỨC,Phức tạp,"duplicate, double, compound, multiple",N3,フク,,14,⻂,ころもへん,clothing,Y phục (衤) được phục (夏)  vụ đồ ăn đến khi no bụng (複),3,復,取
喜,HỈ,Hoan hỉ,"rejoice, take pleasure in",N3,キ,よろこ、よろこぶ、よろこび、よろこばす,12,⼝,くち,mouth,Được ăn 10 (十) hạt đậu (豆) nên miệng (口) cười hoan hỉ (喜),1,登,突
豆,ĐẬU,Hạt đậu,"beans, pea, midget",N3,トウ、ズ,まめ,7,⾖,まめ,bean,1 (一) cái miệng (口) chỉ biết nhai cỏ (䒑) thì đầu bã đậu (豆),3,労,頭
労,LAO,Lao động,"labor, thank for, reward for, toil, trouble",N3,ロウ,"ろう.する, いたわ.る, いた.ずき, ねぎら, つか.れる, ねぎら.う",7,⼒,ちから,power,Người lao động (労) dội 3 (''') chiếc khăn trùm (冖) rất nỗ lực (力),3,階,豆
突,ĐỘT,Đột nhiên,"stab, protruding, thrust, pierce, prick, collision, sudden",N3,トツ,つ、つく,8,,あなかんむり,"hole, cave",Đột nhiên (突) cái lỗ (穴) to (大) ra,6,喜,涙
機,CƠ,Cơ khí,"loom, mechanism, machine, airplane, opportunity, potency, efficacy, occasion",N3,キ,はた,16,,きへん,"tree, wood",Cây (木) qua bao nhiêu (幾) năm chế tạo thành cơ khí máy móc (機),9,涙,暖
暖,NOÃN,Ấm áp,warmth,N3,ダン,あたた、あたたかい、あたたまる、あたためる,13,,ひへん,"sun, day, time",Ngày (日) mùa đông thích ăn cá viên (爰) chiên ấm ấm (暖),6,機,机
机,KY,Cái bàn,"desk, table",N3,キ,つくえ,6,,きへん,"tree, wood","Cây (木) dùng làm ghế (几), làm bàn (机)",1,暖,築
築,TRÚC,Kiến trúc,"fabricate, build, construct",N3,チク,きず、きずく,16,⺮,たけかんむり,bamboo,Trúc (竹) có công (工) lực phi phàm (凡) dùng cây (木) làm kiếm trúc (築),4,机,枚
枚,MAI,Tờ tấm,"sheet of..., counter for flat thin objects or sheets",N3,マイ,,8,,きへん,"tree, wood",Cây (木) mai đánh (攵) đi bán lấy tờ (枚) tiền,2,築,燃
涙,LỆ,Nước mắt,"tears, sympathy",N3,ルイ,なみだ,10,⺡,さんずい,water,Nước (氵) khi rơi lệ (戻) là nước mắt (涙),1,突,機
易,DỊCH,Dễ dàng,"easy, ready to, simple, fortune-telling, divination",N3,エキ、イ,やさ、やさしい、やすい,8,⽇,ひ,"sun, day, time",Ban ngày (日) các con vật (勿) dịch chuyển dễ dàng (易),4,燃,探
深,THÂM,Sâu,"deep, heighten, intensify, strengthen",N3,シン,ふか、ふかい、ふかまる、ふかめる,11,⺡,さんずい,water,Ngã xuống nước (氵) vẫn trùm khăn (冖) rồi chân (儿) trèo lên cây (木) để tránh nước sâu (深),5,探,禁
禁,CẤM,Nghiêm cấm,"prohibition, ban, forbid",N3,キン,,13,⽰,しめす,"altar, festival, religious service",Rừng (林) này có chỉ thị (示) cấm (禁) vào,6,深,賛
倒,ĐẢO,"Ngã, đổ","overthrow, fall, collapse, drop, break down",N3,トウ,たおれる、たおす、たお,10,⺅,にんべん,person ,Người (亻) đến nơi (到) là đổ (倒) luôn,6,葉,寝
葉,DIỆP,Lá cây,"leaf, plane, lobe, needle, blade, spear, counter for flat things, fragment, piece",N3,ヨウ,は,12,⺾,くさかんむり,grass,Cỏ (艹) khắp thế giới (世) cây (木) nào cũng có lá (葉),5,賛,倒
寝,TẨM,Ngủ,"lie down, sleep, rest, bed, remain unsold",N3,シン,ね、ねる、ねかす、ねかせる,13,⼧,うかんむり,"roof, house",Dưới mái nhà (宀) dựa tường (丬) cô Tấm (夛) ngủ (寝),6,倒,疑
州,CHÂU,"Bang, tỉnh","state, province",N3,シュウ,す,6,川,さんぼんがわ,river,Dòng sông (川) có 3 (丶丶丶) viên cửu châu (州),2,術,順
順,THUẬN,Thuận lợi,"obey, order, turn, right, docility, occasion",N3,ジュン,,12,⾴,おおがい,"head, page",Trên sông (川) tờ giấy (頁) trôi rất thuận lợi (順),7,州,流
流,LƯU,Lưu thông,"current, a sink, flow, forfeit",N3,リュウ、ル,なが、ながれる、ながれ、ながす,10,⺡,さんずい,water,Nước (氵) đầu (亠) tư (厶) vào dòng sông (川) để lưu thông (流),8,順,焼
焼,THIÊU,Thiêu đốt,"bake, burning",N3,ショウ,や、やく、やき、やける,12,,ひへん,fire,"Lửa (火) cháy 10 (十) hàng rào (井), chân chạy (儿) vì sợ bị thiêu đốt (焼)",5,流,束
疑,NGHI,Nghi ngờ,"doubt, distrust, be suspicious, question",N3,ギ,うたが、うたがう、うたがい,14,⽦,ひき,bolt of cloth,"Cười Hihi (匕) cầm mũi tên (矢), con MA (マ) làm hạ (下) nhân (人) nghi ngờ (疑)",5,寝,術
術,THUẬT,Phép thuật,"art, technique, skill, means, trick, resources, magic",N3,ジュツ,すべ,11,⾏,ぎょうがまえ,to go,Hô (ホ) 1 (丶) tiếng tách đôi chữ hành (行) là phép thuật (術),7,疑,州
賛,TÁN,Tán thành,"approve, praise, title or inscription on picture, assist, agree with",N3,サン,"たす.ける, たた.える",15,⾙,かい,"shell, property, wealth",2 ông chồng (夫) giơ bảo bối (貝) tán thành (賛),1,禁,葉
燃,NHIÊN,Nhiên liệu,"burn, blaze, glow",N3,ネン,も、もえる、もやす、もす,16,,ひへん,fire,Lửa (火) tự nhiên (然) dùng làm nhiên liệu (燃),5,枚,易
束,THÚC,Bó buộc,"bundle, sheaf, ream, tie in bundles, govern, manage, control",N3,ソク,たば、たばねる,7,⽊,き,"tree, wood",Thúc (束) miệng (口) vào cây (木),7,焼,恋
恋,LUYẾN,Lưu luyến,"romance, in love, yearn for, miss, darling",N3,レン,こ、こう、こい、こいしい、こいする,10,⼼,こころ,"heart, mind, spirit",Lưu Diệc Phi (亦) làm trái tim (心) tôi lưu luyến (恋),4,束,変
危,NGUY,Nguy hiểm,"dangerous, fear, uneasy",N3,キ,あぶ、あや、あぶない、あやうい、あやぶむ、あやうく,6,⼙,ふしづくり,"stamp, seal",Móc (ク) vào tai họa (厄) rất nguy hiểm (危),4,笑,犯
犯,PHẠM,Phạm tội,"crime, sin, offense",N3,ハン,おか、おかす,5,⺨,けものへん,beast,Bắt chó (犭) ăn C (已) là phạm tội (犯),4,危,器
変,BIẾN,Biến đổi,"unusual, change, strange",N3,ヘン,か、かわる、かわり、かえる,9,⼡,のまた,to follow,Lưu Diệc Phi (亦) sau (夂) phẫu thuật đã biến đổi (変),16,恋,訳
器,KHÍ,Vũ khí,"utensil, vessel, receptacle, implement, instrument, ability, container, tool, set",N3,キ,うつわ,15,⼝,くち,mouth,Dùng 4 cái miệng (口) to (大) làm vũ khí (器),6,犯,引
笑,TIẾU,Cười,laugh,N3,ショウ,わら、え、わらう、わらい、えむ、えみ,10,⺮,たけかんむり,bamboo,Trong rừng trúc (竹) yêu (天) quái đang cười (笑),4,君,危
第,ĐỆ,Đệ nhất,"No., residence",N3,ダイ,,11,⺮,たけかんむり,bamboo,Trúc (竹) bắn cung (弓) đứng số 1 (入) là đệ nhất (第),2,引,費
君,QUÂN,Em,"mister, you, ruler, male name suffix",N3,クン,きみ,7,⼝,くち,mouth,Em (ヨ) là 1 (丿) người chỉ nói mồm (口) thôi em (君) Quân ạ!,2,訳,笑
探,THÁM,Trinh thám,"grope, search, look for",N3,タン,さぐ、さが、さぐる、さがす,11,⺘,てへん,hand,"Tay (扌) trùm khăn (冖) lên đầu, chân (儿) trèo lên cây (木) để trinh thám (探)",4,易,深
法,PHÁP,Phương pháp,"method, law, rule, principle, model, system",N3,ホウ、ハツ、ホツ,のり,8,⺡,さんずい,water,Thủy (氵) trong quá khứ (去) đã sáng tạo ra phương pháp (法) học kanji,5,費,飛
訳,DỊCH,Phiên dịch,"translate, reason, circumstance, case",N3,ヤク,わけ,11,,ごんべん,"words, to speak, say",Lời nói (言) giúp mọi người xích (尺) lại gần nhau là phiên dịch (訳),10,変,君
飛,PHI,Bay,"fly, skip (pages), scatter",N3,ヒ,と、とぶ、とばす,9,⾶,とぶ,to fly,Đôi cánh (で) phi lên (升) bay (飛) lượn trên bầu trời,8,法,戸
能,NĂNG,Năng lực,"ability, talent, skill, capacity",N3,ノウ,"よ.く, あた.う",10,,にくづき,"meat, flesh",4 (厶) tháng (月) liền cười hihi (匕) đúng là siêu năng lực (能),10,戸,久
引,DẪN,Kéo ra,"pull, tug, jerk, admit, install, quote, refer to",N3,イン,ひ、ひく,4,,ゆみへん,bow（in archery）,Cung tên (弓) có 1 (丨) dây để kéo (引),27,器,第
事,SỰ,Sự việc,"matter, thing, fact, business, reason, possibly",N3,ジ、ズ,こと,8,⼁,たてぼう,vertical stroke,Qua 1 (一) cái miệng (口) Em (ヨ) sẽ quyết (亅) định sự việc (事),37,久,関
久,CỬU,Vĩnh cửu,"long time, old story",N3,キュウ、ク,ひさ、ひさしい、ひさしぶり,3,⼃,の,diagonal sweeping stroke,Cứ (KU) (ク) là người (人) thì ai cũng thích sống vĩnh cửu (久),4,能,事
費,PHÍ,Chi phí,"expense, cost, spend, consume, waste",N3,ヒ,つい、ついやす,12,⾙,かい,"shell, property, wealth",Đổi 2 cây cung (弗) lấy bảo bối (貝) thật lãng phí (費),12,第,法
程,TRÌNH,Trình độ,"extent, degree, law, formula, distance, limits, amount",N3,テイ,ほど,12,⽲,のぎへん,grain,Hòa (禾) trình bày (呈) rất có trình độ (程),3,舟,直
関,QUAN,Quan hệ,"connection, barrier, gateway, involve, concerning",N3,カン,せき、かか、かかわる,14,⾨,もんがまえ,"gate, door",Đến cổng (門) quan (关) tạo quan hệ (関),7,事,舟
植,THỰC,Trồng cây,plant,N3,ショク,う、うえる、うわる,12,,きへん,"tree, wood",Trồng (植) cây (木) trực tiếp (直),2,置,録
直,TRỰC,Trực tiếp,"straightaway, honesty, frankness, fix, repair",N3,チョク、ジキ、ジカ,ただ、ただす、なお、なおる、なおす,8,⽬,め,eye,10 (十) mắt (目) Lớn (L) nhìn trực tiếp (直),24,程,置
置,TRÍ,"Đặt, để","placement, put, set, deposit, leave behind, keep, employ, pawn",N3,チ,お、おく,13,⺫,あみがしら,net,Đặt (置) mua võng (皿) trực tiếp (直),6,直,植
無,VÔ,Vô lý,"nothingness, none, ain't, nothing, nil, not",N3,ム、ブ,な、ない、なし、なくす、なくなる,12,⺣,れっか,fire,Nằm (𠂉) trên hàng rào bị lửa (灬) thiêu cháy là vô lý (無),21,押,座
戸,HỘ,Cánh cửa,"door, counter for houses, door radical (no. 63)",N3,コ,と,4,⼾,と,door,Có 1 (一) xác chết (尸) sau cánh cửa (戸),6,飛,能
録,LỤC,Kỉ lục,record,N3,ロク,"しる.す, と.る",16,,かねへん,"metal, gold, mineral",Huy chương vàng (金) của Em Thủy (隶) đã phá vỡ kỷ lục (録),5,植,押
押,ÁP,Ấn,"push, stop, check, subdue, attach, seize, weight, shove, press, seal, do in spite of",N3,オウ,お、おす、おさえる,8,⺘,てへん,hand,Ấn (押) tay (扌) vào áo giáp (甲),6,録,無
舟,CHU,Thuyền,"boat, ship",N3,シュウ,ふね、ふな,6,⾈,ふね,"ship, boat",Uống 1 viên (丶) linh đan (丹) To (Ｔ) trước khi lên thuyền (舟),1,関,程
座,TỌA,Ngồi,"squat, seat, cushion, gathering, sit",N3,ザ,すわ、すわる,10,⼴,まだれ,slanting roof,Dưới mái hiên (广) 2 người (人) ngồi dưới đất (土) tọa (座) đàm,5,無,卒
型,HÌNH,Mô hình,"mould, type, model",N3,ケイ,かた,9,⼟,つち,earth,Hình phạt (刑) phải đào đất (土) theo mô hình (型),6,形,杯
綿,MIÊN,Bông,cotton,N3,メン,わた,14,,いとへん,thread,Sợi tơ (糸) làm khăn trắng (帛) lấy từ bông (綿),3,差,形
差,SAI,Sai trái,"distinction, difference, variation, discrepancy, margin, balance",N3,サ,さ、さす、さし,10,⼯,たくみ,"work, carpenter, skill",Dê (羊) em công nhân (工) là sai trái (差),11,卒,綿
卒,TỐT,Tốt nghiệp,"graduate, soldier, private, die",N3,ソツ,"そっ.する, お.える, お.わる, ついに, にわか",8,⼗,じゅう,ten,Đứng đầu (亠) là 2 người (人) được 10 (十) điểm tốt nghiệp (卒),3,座,差
杯,BÔI,Cái chén,"counter for cupfuls, wine glass, glass, toast",N3,ハイ,さかずき,8,,きへん,"tree, wood",Cây (木) không (不) dùng làm chén (杯),9,型,否
満,MÃN,Mãn nguyện,"full, fullness, enough, satisfy",N3,マン,み、みちる、みつ、みたす,12,⺡,さんずい,water,Nước (氵) tưới lên cỏ (艹) cả hai (両) cùng mãn nguyện (満),7,否,留
貿,MẬU,Buôn bán,"trade, exchange",N3,ボウ,,12,⾙,かい,"shell, property, wealth",Cầm cây đao (刀) bảo bối (貝) mang đi buôn bán (貿),2,留,逆
留,LƯU,Lưu lại,"detain, fasten, halt, stop",N3,リュウ、ル,と、とど、とめる、とまる、とどまる、とどめる,10,⽥,た,rice paddy,Cầm đao (刀) ra ruộng (田) lưu lại (留) kỷ niệm,7,満,貿
形,HÌNH,Hình dạng,"shape, form, style",N3,ケイ、ギョウ,かた、かたち,7,⼺,さんづくり,"hair-style, light rays",Chắp 1 tay (开) vuốt tóc (彡) tạo hình (形),4,綿,型
官,QUAN,Chức quan,"bureaucrat, the government, organ",N3,カン,,8,⼧,うかんむり,"roof, house",Dưới mái nhà (宀) người đeo kính (B) là quan (官),1,逆,管
否,PHỦ,Phủ định,"negate, no, noes, refuse, decline, deny",N3,ヒ,いな,7,⼝,くち,mouth,Không (不) còn miệng (口) để phủ định (否),4,杯,満
指,CHỈ,Ngón tay,"finger, point to, indicate, put into, play (chess), measure (ruler)",N3,シ,ゆび、さ、さす,9,⺘,てへん,hand,Tay (扌) dùng để chỉ (旨) là ngón tay (指),8,師,感
逆,NGHỊCH,Trái ngược,"inverted, reverse, opposite, wicked",N3,ギャク,さか、さかさ、さからう,9,⻌,しんにょう,"road, walk, to advance","Cỏ non (䒑屮) đang mọc, bị lũ trẻ đi xa (辶) đến nghịch (逆)",4,貿,官
管,QUẢN,Quản lý,"pipe, tube, wind instrument, drunken talk, control, jurisdiction",N3,カン,くだ,14,⺮,たけかんむり,bamboo,Rừng trúc (竹) do quan (官) quản lý (管),3,官,追
感,CẢM,Cảm thấy,"emotion, feeling, sensation",N3,カン,,13,⼼,こころ,"heart, mind, spirit",Cảm thấy (感) giảm (咸) nhịp tim (心),12,指,認
追,TRUY,Truy đuổi,"chase, drive away, follow, pursue, meanwhile",N3,ツイ,おう、お,9,⻌,しんにょう,"road, walk, to advance",Đóng giả quan (B) đi xa (辶) để tránh sự truy đuổi (追),8,管,師
認,NHẬN,Xác nhận,"acknowledge, witness, discern, recognize, appreciate, believe",N3,ニン,みと、みとめる,14,,ごんべん,"words, to speak, say",Lời nói (言) nhẫn nại (忍) để xác nhận (認),3,感,旧
度,ĐỘ,Lần,"degrees, occurrence, time, counter for occurrences, consider, attitude",N3,ド、ト、タク,たび,9,⼴,まだれ,slanting roof,Dưới mái hiên (广) cầm cốc nước (廿) đi lại (又) nhiều lần (度),23,児,席
師,SƯ,Giáo sư,"expert, teacher, master, model, exemplar, army (incl. counter), war",N3,シ,いくさ,10,⼱,はば,cloth,Nguyên soái (帥) cũng là 1 (一) vị giáo sư (師) giỏi,4,追,指
旧,CỰU,Kì cựu,"old times, old things, old friend, former, ex-",N3,キュウ,"ふる.い, もと",5,,ひへん,"sun, day, time",Có 18 (| 日) cựu (旧) chiến binh,3,認,児
児,NHI,Nhi đồng,"newborn babe, child, young of animals",N3,ジ、ニ,"こ, -こ, -っこ",7,⼉,ひとあし,human legs,18 (旧) tuổi chân chạy (儿) tung tăng như nhi đồng (児),4,旧,度
収,THU,Thu nhập,"income, obtain, reap, pay, supply, store",N3,シュウ,おさ、おさめる、おさまる,4,⼜,また,"again, right hand",4 (丩) năm lại (又) tăng thu nhập (収),10,式,担
席,TỊCH,Chỗ ngồi,"seat, mat, occasion, place",N3,セキ,むしろ,10,⼱,はば,cloth,Dưới mái hiên (广) uống cốc nước (廿) quàng khăn (巾) ngồi (席) chờ khách hàng,10,度,成
成,THÀNH,Thành công,"turn into, become, get, grow, elapse, reach",N3,セイ、ジョウ,な、なる、なす,6,⼽,ほこ,"spear, weapon",Vượt qua (戈) muôn vạn (万) khó khăn thì mới thành công (成),20,席,械
械,GIỚI,"Máy móc, cơ giới","contraption, fetter, machine, instrument",N3,カイ,かせ,11,,きへん,"tree, wood",Đồ gỗ (木) đã đạt tới cảnh giới (戒) của máy móc (械),1,成,式
洗,TẨY,Rửa,"wash, inquire into, probe",N3,セン,あらう、あら,9,⺡,さんずい,water,Nước (氵) tiên sinh (先) dùng để rửa (洗),9,担,熱
熱,NHIỆT,Nóng,"heat, temperature, fever, mania, passion",N3,ネツ,あつ、あつい,15,⺣,れっか,fire,Tiên sinh (先) chân đất (土) đi trong vòng tròn (丸) lửa (灬) nên thấy nóng (熱),9,洗,陸
式,THỨC,Hình thức,"style, ceremony, rite, function, method, system, form, expression",N3,シキ,,6,⼷,いぐるみ,javelin,Đánh giặc (弋) cũng cần phải có công (工) thức (式),10,械,収
担,ĐẢM,Đảm đương,"shouldering, carry, raise, bear",N3,タン,かつ、かつぐ、にな、になう,8,⺘,てへん,hand,Tay (扌) vào dịp Tết Nguyên Đán (旦) đảm đương (担) mọi việc,8,収,洗
臣,THẦN,Đại thần,"retainer, subject",N3,シン、ジン,,7,⾂,しん,"retainer, minister",To (巨) số 1 (丨) là đại thần (臣),3,巨,設
巨,CỰ,To lớn,"gigantic, big, large, great",N3,キョ,,5,⼆,に,two,Tủ đựng (匚) của cô (コ) rất to (巨),2,陸,臣
陸,LỤC,Châu lục,"land, six",N3,リク,おか,11,⻖,こざとへん,"hill, mound",Bồ (阝) của tiên sinh (先) chân đất (土) sống ở châu lục (陸),1,熱,巨
投,ĐẦU,Đầu tư,"throw, discard, abandon, launch into, join, invest in, hurl, give up, sell at a loss",N3,トウ,な、なげる,7,⺘,てへん,hand,Đầu tư (投) tiếp tay (扌) cho kẻ thù (殳),3,設,役
役,DỊCH,Chiến dịch,"duty, war, campaign, drafted labor, office, service, role",N3,ヤク、エキ,,7,⼻,ぎょうにんべん,"step, stride, street, to go",2 người đứng (彳) đánh nhau với kẻ thù (殳) trong chiến dịch (役),11,投,段
設,THIẾT,Thiết bị,"establishment, provision, prepare",N3,セツ,もう、もうける,11,,ごんべん,"words, to speak, say",Nói chuyện (言) với kẻ thù (殳) bằng thiết bị (設) đặc biệt,6,臣,投
候,HẬU,Khí hậu,"climate, season, weather, wait for, expect",N3,コウ,そうろう,10,⺅,にんべん,person ,Tước hầu (侯) có 1 (丨) vật có thể điều khiển khí hậu (候),3,缶,角
缶,PHẪU,Đồ sành,"tin can, container, jar radical (no. 121)",N3,カン,かま,6,⽸,みずがめ,earthen jar,Buổi trưa (午) lên núi (山) nhặt lon (缶),5,段,候
島,ĐẢO,Hòn đảo,island,N3,トウ,しま,10,⼭,やま,mountain,Chim (鳥) bay từ núi (山) ra đảo (島) rụng hết lông,1,解,穴
段,ĐOẠN,Giai đoạn,"grade, steps, stairs",N3,ダン,,9,⽎,るまた,"lance shaft, action",Ép (F) 2 (二) lần kẻ thù (殳) đến giai đoạn (段) cuối,8,役,缶
解,GIẢI,Giải quyết,"unravel, notes, key, explanation, understanding, untie, undo, solve, answer, cancel, absolve, explain, minute",N3,カイ、ゲ,と、とく、とかす、とける,13,,つのへん,"horn, corner",Vào góc (角) cầm đao (刀) bắt bò (牛) để giải quyết (解),16,角,島
穴,HUYỆT,Lỗ,"hole, aperture, slit, cave, den",N2,ケツ,あな,5,⽳,あな,"hole, cave",Dưới mái nhà (宀) có 8 (八) cái HUYỆT (穴),2,島,込
角,GIÁC,Góc,"angle, corner, square, horn, antlers",N3,カク,かど、つの,7,⾓,つの,"horn, corner",Móc (ク) những thứ sử dụng (用) được cho vào góc (角),2,候,解
込,NHẬP,Đông đúc,"crowded, mixture, in bulk, included, (kokuji)",N2,,こ、こむ、こめる,5,⻌,しんにょう,"road, walk, to advance",Nhập (入) hàng phải đi xa (辶) nơi đông đúc (込),50,穴,片
片,PHIẾN,"Mảnh, tấm","one-sided, leaf, sheet, right-side kata radical (no. 91)",N2,ヘン,かた,4,⽚,かた,split wood,Tớ (丄) có 4 tấm (片) gỗ,12,込,散
散,TẢN,"Tản bộ , giải tán","scatter, disperse, spend, squander",N2,サン,ち、ちる、ちらす、ちらかす、ちらかる、ちらばる、ちらばす,12,⺙,ぼくづくり,"activity, to strike, hit",Đang đi tản bộ (散) đến chỗ hàng rào (廿) thì Nguyệt (月) bất ngờ bị đánh (攵),12,片,背
背,BỐI,Lưng,"stature, height, back, behind, disobey, defy, go back on, rebel",N2,ハイ,せ、せい、そむく、そむける,9,,にくづき,"meat, flesh",Trên lưng (背) anh Bắc (北) đang cõng chị Nguyệt (月),6,散,胃
胃,VỊ,Dạ dày,"stomach, paunch, crop, craw",N2,イ,,9,,にくづき,"meat, flesh",Do làm ruộng (田) quên cả ăn nên chị Nguyệt (月) bị đau dạu dày (胃),1,背,貨
貨,HOÁ,Hàng hoá,"freight, goods, property",N2,カ,たから,11,⾙,かい,"shell, property, wealth",Biến hóa (化) bảo bối (貝) thành hàng hóa (貨),5,胃,靴
靴,NGOA,Giày,shoes,N2,カ,くつ,13,⾰,つくりがわ,leather,Da (革) được biến hóa (化) thành giày (靴),2,貨,含
含,HÀM,"Ngậm , bao hàm","contain, include, hold in the mouth, bear in mind, understand, cherish",N2,ガン,ふく、ふくむ、ふくみ、ふくめる,7,⼝,くち,mouth,Bây giờ (今) miệng (口) vẫn bao gồm cả hàm (含),2,靴,令
領,LĨNH,Thủ lĩnh / lãnh đạo,"jurisdiction, dominion, territory, fief, reign",N2,リョウ,えり,14,⾴,おおがい,"head, page",Lãnh đạo (領) viết mệnh lệnh (令) ra giấy (頁),4,令,齢
齢,LINH,Tuổi,age,N2,レイ,"よわい, とし",17,⻭,は,tooth,Tuổi (齢) càng tăng răng (歯) càng không nghe lệnh (令),2,領,迷
菊,CÚC,Hoa cúc,chrysanthemum,N2,キク,,11,艸,くさかんむり,grass,Cô giáo Thảo (艹) đổi bao (勹) gạo (米) lấy bông hoa cúc (菊),2,迷,申
申,THÂN,Gọi tên,"have the honor to, sign of the monkey, 3-5PM, ninth sign of Chinese zodiac",N2,シン,もう、もうす、もうし,5,⽥,た,rice paddy,Ngày (日) anh 1 (丨) mình hãy gọi tên (申) em!,11,菊,栄
迷,MÊ,Lạc đường,"astray, be perplexed, in doubt, lost, err, illusion",N2,メイ,まよ、まよう、まよい,9,⻌,しんにょう,"road, walk, to advance",Bán gạo (米) đi xa (辶) quá bị lạc đường (迷),6,齢,菊
杉,SAM,Cây liễu sam,"cedar, cryptomeria",N2,サン,すぎ,7,木,さんづくり,tree,Cây (木) + sam (彡) = Cây liễu sam (杉),2,栄,条
栄,VINH,Vinh quang,"flourish, prosperity, honor, glory, splendor",N2,エイ,さか、さかえる、は、はえる,9,⽊,き,"tree, wood",3 (ツ) anh hùng trùm khăn (冖) ẩn mình trên cây (木) vẫn tỏa sáng vinh quang (栄),6,申,杉
憶,ỨC,Ký ức,"recollection, think, remember",N2,オク,,16,心,りっしんべん,heart,Đôi ta tâm (忄) đầu ý (意) hợp ký ức (憶) đó thật đẹp!,4,条,章
条,ĐIỀU,Điều kiện,"article, clause, counter for articles, clauses, paragraphs, etc., twig, item, stripe, streak",N2,ジョウ,"えだ, すじ",7,⽊,き,"tree, wood",Ra sau (夂) cây (木) em có điều (条) muốn nói!,2,杉,憶
章,CHƯƠNG,Chương hồi,"badge, chapter, composition, poem, design",N2,ショウ,,11,⽴,たつ,to stand,Âm thanh (音) lặp lại 10 (十) lần tạo thành chương (章) nhạc,4,憶,灰
灰,HÔI,Tro,"ashes, puckery juice, cremate",N2,カイ,はい,6,⼚,がんだれ,cliff,Sườn núi (厂) bị lửa (火) đốt thành tro (灰),6,章,炭
令,LỆNH,Mệnh lệnh,"orders, laws, command, decree, good",N2,レイ,,5,𠆢,ひとやね,person ,Bây giờ (今) chủ (｀) ra lệnh (令),4,含,領
粒,LẠP,Hạt,"grains, drop, counter for tiny particles",N2,リュウ,つぶ,11,,こめへん,rice,Gạo (米) đứng (立) riêng lẻ từng hạt (粒),4,炭,舌
溶,DUNG,Dung dịch,"melt, dissolve, thaw",N2,ヨウ,と、とける、とかす、とく,13,⺡,さんずい,water,Nước (氵) +dung (容) môi = Dung dịch (溶),5,宝,導
簡,GIẢN,Đơn giản,"simplicity, brevity",N2,カン,"えら.ぶ, ふだ",18,⺮,たけかんむり,bamboo,Trồng cây trúc (竹) rất mất thời gian (間) chứ không đơn giản (簡),8,酢,宝
損,TỔN,Tổn hại,"damage, loss, disadvantage, hurt, injure",N2,ソン,そこ、そこねる、そこなう,13,⺘,てへん,hand,Tay (扌) nhân viên (員) gây tổn hại (損),7,導,姓
姓,TÍNH,Họ,surname,N2,セイ、ショウ,,8,,おんなへん,woman,Nữ (女) sinh (生) theo họ (姓) bố,3,損,詩
酢,TẠC,Giấm,"vinegar, sour, acid, tart",N2,サク,す,12,酉,ひよみのとり,"wine, alcohol",Giờ Dậu (酉) Ép (乍) rượu thành giấm (酢),3,乱,簡
乱,LOẠN,Hỗn loạn,"riot, war, disorder, disturb",N2,ラン,みだ、みだれる、みだす、みだれ,7,⺃,おつ,the second,Lưỡi (舌) định nói chữ L(L) loạn (乱),6,舌,酢
導,ĐẠO,Chỉ đạo,"guidance, leading, conduct, usher",N2,ドウ,みちび、みちびく、みちびき,15,⼨,すん,"inch, (2.25 cm)",Ai chỉ đạo (導) làm con đường (道) này nhìn thốn (寸) thế!,5,溶,損
宝,BẢO,Bảo vật,"treasure, wealth, valuables",N2,ホウ,たから,8,⼧,うかんむり,"roof, house",Dưới mái nhà (宀) viên ngọc (玉) chính là bảo vật (宝),9,簡,溶
舌,THIỆT,Lưỡi,"tongue, reed, clapper",N2,ゼツ,した,6,⾆,した,tongue,1000 (千) cái miệng (口) đều có lưỡi (舌),5,粒,乱
改,CẢI,Cải cách,"reformation, change, modify, mend, renew, examine, inspect, search",N2,カイ,あらた、あらためる、あらたまる,7,⺙,ぼくづくり,"activity, to strike, hit",2 (己) lần tự đánh (攵) để cải cách (改),16,詩,配
詩,THI,Thơ,"poem, poetry",N2,シ,うた,13,,ごんべん,"words, to speak, say",Lời nói (言) trên chùa (寺) đẹp tựa thơ (詩) ca,4,姓,改
枝,CHI,Cành cây,"bough, branch, twig, limb, counter for branches",N2,シ,えだ,8,,きへん,"tree, wood",Cây (木) mọc ra chi nhánh (支) là cành (枝),1,幅,漁
漁,NGƯ,Ngư dân,"fishing, fishery",N2,ギョ、リョウ,あさ.る,14,⺡,さんずい,water,Ngư dân (漁) xuống nước (氵) bắt cá (魚),4,枝,雷
配,PHỐI,Phân phối,"distribute, spouse, exile, rationing",N2,ハイ,くば、くばる,10,,とりへん,"sake jar, bird",Giờ Dậu (酉) 2 (己) anh em sẽ đi phân phối (配) rượu,24,改,幅
幅,PHÚC,Chiều rộng,"hanging scroll, width",N2,フク,はば,12,,はばへん,cloth,Chiều rộng (幅) của khăn (巾) bằng cả 10 (ō) mẫu ruộng (田),5,配,枝
衆,CHÚNG,Quần chúng,"masses, great numbers, multitude, populace",N2,シュウ、シュ,おお.い,12,⾎,ち,blood,"Quần chúng (衆) đi hiến máu (血) người đứng (亻) vững, 2 (〃) người bay bay",3,雷,益
雷,LÔI,Sấm sét,"thunder, lightning bolt",N2,ライ,"かみなり, いかずち, いかづち",13,雨,あめ,rain,Mưa (雨) xuống ruộng (田) kèm theo sấm sét (雷),4,漁,衆
被,BỊ,Bị hại,"incur, cover, veil, brood over, shelter, wear, put on, be exposed (film), receiving",N2,ヒ,"こうむ.る, おお.う, かぶ.る, かぶ.せる",10,衣,ころもへん,clothes,Mặc y phục (衤) hở da (皮) dễ bị hại (被),9,疲,波
患,HOẠN,Bệnh hoạn,"afflicted, disease, suffer from, be ill",N2,カン,わずら、わずらう,11,⼼,こころ,"heart, mind, spirit",Xiên (串) qua tim (心) là bệnh hoạn (患),3,沖,疲
疲,BÌ,Mệt mỏi,"exhausted, tire, weary",N2,ヒ,つか、つかれる、つかれ,10,⽧,やまいだれ,sickness,Bị bệnh (疒) ngoài da (皮) rất mệt mỏi (疲),8,患,被
破,PHÁ,Phá rách,"rend, rip, tear, break, destroy, defeat, frustrate",N2,ハ,やぶ、やぶる、やぶれる,10,,いしへん,stone,Đá (石) rạch vào da (皮) thì chả rách (破),10,波,士
益,ÍCH,Lợi ích,"benefit, gain, profit, advantage",N2,エキ、ヤク,ま.す,10,⽫,さら,"plate, bowl",Cỏ (䒑) đặt vào 8 (ハ) cái đĩa (皿) giúp ích (益) cho bò tráng miệng,5,衆,沖
沖,TRÙNG,Rộng lớn,"open sea, offing, rise high into sky",N2,チュウ,"おき, おきつ, ちゅう.する, わく",7,水,さんずい,water,Các nước (氵) ở trung tâm (中) rất rộng lớn (沖),3,益,患
士,SĨ,Binh sĩ,"gentleman, scholar, samurai, samurai radical (no. 33)",N2,シ,さむらい,3,⼠,さむらい,"man, scholar, samurai",Sĩ (士) ngược với thổ (土),9,破,誌
炭,THAN,Than,"charcoal, coal",N2,タン,すみ,9,⽕,ひ,fire,Dưới núi (山) tro (灰) tích tụ thành than (炭),5,灰,粒
波,BA,Sóng,"waves, billows, Poland",N2,ハ,なみ,8,⺡,さんずい,water,Nước (氵) đập vào da (皮) tạo thành sóng (波),4,被,破
誌,CHÍ,Tạp chí,"document, records",N2,シ,,14,,ごんべん,"words, to speak, say",Lời nói (言) có ý chí (志) được đưa lên tạp chí (誌),6,士,梅
梅,MAI,Cây mơ,plum,N2,バイ,うめ,10,,きへん,"tree, wood",Cây (木) ra quả mỗi ngày (毎) là cây mơ (梅),5,誌,恥
恥,SỈ,Xấu hổ,"shame, dishonor",N2,チ,は、はじ、はじらう、はじらい、はじる、はずかしい,10,⼼,こころ,"heart, mind, spirit",Tai (耳) đỏ lên vì trong tim (心) cảm thấy xấu hổ (恥),6,梅,応
坊,PHƯỜNG,Phố phường,"boy, priest's residence, priest",N2,ボウ、ボツ,,7,,つちへん,earth,Đất (土) bốn phương đều là đất phố phường (坊),5,肪,防
肪,PHƯƠNG,Mỡ,"obese, fat",N2,ボウ,,8,肉,つき,meat,Nguyệt (月) đi khắp bốn phương (方) để hút mỡ (肪),3,応,坊
放,PHÓNG,Giải phóng,"set free, release, fire, shoot, emit, banish, liberate",N2,ホウ,はな、はなす、はなつ、はなれる,8,⺙,ぼくづくり,"activity, to strike, hit",Quân giải phóng (放) khắp bốn phương (方) đều đánh (攵) thắng kẻ thù,16,訪,敷
敷,PHU,Trải lát,"spread, pave, sit, promulgate",N2,フ,"し.く, -し.き",15,攴,ぼくづくり,rap,11 mảnh ruộng (苗) phóng (放) ra trải lát (敷) nhanh để giải phóng mặt bằng,6,放,激
応,ỨNG,Phản ứng,"apply, answer, yes, OK, reply, accept",N2,オウ、ノウ,"あた.る, まさに, こた.える",7,⼼,こころ,"heart, mind, spirit",Dưới mái hiên (广) trái tim (心) phản ứng (応) dữ dội,17,恥,肪
採,THÁI,Hái,"pick, take, fetch, take up",N2,サイ,と、とる,11,⺘,てへん,hand,Dùng tay (扌) để hái (采) rau (採),7,傷,彩
抜,BẠT,Rút ra,"slip out, extract, pull out, pilfer, quote, remove, omit",N2,バツ,ぬく、ぬき、ぬける、ぬかす、ぬかる、ぬ,7,⺘,てへん,hand,Rút (抜) tay (扌) ra bạt tai thằng bạn (友),12,激,傷
訪,PHỎNG,Phỏng vấn,"call on, visit, look up, offer sympathy",N2,ホウ,おとずれる、たずねる、おとず、たず,11,,ごんべん,"words, to speak, say",Nói chuyện (言) khắp bốn phương (方) để phỏng vấn (訪),6,防,放
防,PHÒNG,Phòng chống,"ward off, defend, protect, resist",N2,ボウ,ふせ、ふせぐ,7,⻖,こざとへん,"hill, mound",Phòng chống (防) Bồ (阝) bịch khắp bốn phương (方),9,坊,訪
彩,THÁI,Sắc thái,"coloring, paint, makeup",N2,サイ,いろど.る,11,彡,さんづくり,"bristle, beard",Hái (采) hoa cài tóc (彡) để thay đổi sắc thái (彩),5,採,廊
激,KÍCH,Kích thích,"violent, get excited, enraged, chafe, incite",N2,ゲキ,はげ、はげしい,16,⺡,さんずい,water,Nước (氵) trắng (白) phóng (放) ra do bị kích thích (激),7,敷,抜
傷,THƯƠNG,Bị thương,"wound, hurt, injure, impair, pain, injury, cut, gash, scar, weak point",N2,ショウ,きず、いた、いたむ、いためる,13,⺅,にんべん,person ,Người đứng (亻) người nằm (𠂉) vật vã (易) do bị thương (傷),12,抜,採
廊,LANG,Hành lang,"corridor, hall, tower",N2,ロウ,,12,广,まだれ,house on cliff,Từ dưới mái hiên (广) con trai (郎) đi ra hành lang (廊),3,彩,限
限,HẠN,Giới hạn,"limit, restrict, to best of ability",N2,ゲン,かぎる、かぎり、かぎ,9,⻖,こざとへん,"hill, mound",Bồ (阝) không tốt (良) nên giới hạn (限),13,廊,眼
眼,NHÃN,Nhãn cầu,eyeball,N2,ガン、ゲン,まなこ,11,,めへん,eye,Mắt (目) không tốt (良) do nhãn cầu (眼),5,限,響
即,TỨC,Tức khắc,"instant, namely, as is, conform, agree, adapt",N2,ソク,すなわ、すなわち,7,⼙,ふしづくり,"stamp, seal",Gặp người không tốt (良) là điên tiết (卩) trong tức khắc (即),6,響,節
鮮,TIÊN,Tươi,"fresh, vivid, clear, brilliant, Korea",N2,セン,あざ.やか,17,魚,うお,fish,Cá (魚) và dê (羊) ăn tươi (鮮) mới ngon,7,詳,養
養,DƯỠNG,Dinh dưỡng,"foster, bring up, rear, develop, nurture",N2,ヨウ,やしな、やしなう,15,⾷,しょく,"food, to eat",Thịt dê (羊) ăn (食) rất dinh dưỡng (養),5,鮮,美
羊,DƯƠNG,Con dê,sheep,N2,ヨウ,ひつじ,6,⺷,ひつじ,sheep,Con dê (羊) 2 sừng (' ') của vua (王) chỉ có 1 đuôi (l),3,節,詳
節,TIẾT,Tiết kiệm,"node, season, period, occasion, verse, clause, stanza, honor, joint, knuckle, knob, knot, tune, melody",N2,セツ、セチ,ふし,13,⺮,たけかんむり,bamboo,Dùng trúc (竹) tức (即) là đã tiết kiệm (節),7,即,羊
詳,TƯỜNG,Rõ ràng,"detailed, full, minute, accurate, well-informed",N2,ショウ,くわ、くわしい,13,,ごんべん,"words, to speak, say",Nói (言) cho dê (羊) hiểu được thì phải rõ ràng (詳),5,羊,鮮
較,GIÁC,So sánh,"contrast, compare",N2,カク,くら.べる,13,,くるまへん,"vehicle, wheel, car",Mang siêu xe (車) đi giao lưu (交) so sánh (較),3,美,拍
縮,SÚC,Co lại,"shrink, contract, shrivel, wrinkle, reduce",N2,シュク,ちぢ、ちぢむ、ちぢまる、ちぢめる、ちぢれる、ちぢらす,17,,いとへん,thread,Sợi tơ (糸) trong nhà trọ (宿) bị co lại (縮),8,拍,泉
響,HƯỞNG,Ảnh hưởng,"echo, sound, resound, ring, vibrate",N2,キョウ,ひび、ひびく、ひびき、ひびかす,20,⾳,おと,"sound, noise",Quê hương (郷) luôn tạo ra những âm thanh (音) ảnh hưởng (響) đến tôi,5,眼,即
泉,TUYỀN,Suối,"spring, fountain",N2,セン,いずみ,9,⽔,みず,water,Màu trắng (白) tinh của nước (水) suối (泉),2,縮,源
美,MĨ,Đẹp,"beauty, beautiful",N2,ビ,うつく、うつくしい,9,⺷,ひつじ,sheep,Con dê (羊) to (大) là đẹp (美) nhất,9,養,較
拍,PHÁCH,Nhịp phách,"clap, beat (music)",N2,"ハク, ヒョウ",,8,手,てへん,hand,Tay (扌) vỗ bạch bạch (白) cũng ra nhịp phách (拍),6,較,縮
射,XẠ,Bắn,"shoot, shine into, onto, archery",N2,シャ,い、いる、さ、さす,10,,すんづくり,"inch, (2.25 cm)",Bản thân (身) rất thốn (寸) khi bị bắn (射),6,拡,謝
払,PHẤT,Trả tiền,"pay, clear out, prune, banish, dispose of",N2,フツ,はら、はらう、はらい,5,⺘,てへん,hand,Tay (扌) cầm 4 (ム) triệu đi trả tiền (払),9,源,鉱
清,THANH,Thanh khiết,"pure, purify, cleanse, exorcise, Manchu dynasty",N2,セイ、ショウ,きよ、きよい、きよまる、きよめる,11,⺡,さんずい,water,Nước (氵) xanh (青) thì thanh khiết (清),10,謝,精
鉱,KHOÁNG,Khoáng sản,"mineral, ore",N2,コウ,あらがね,13,,かねへん,"metal, gold, mineral",Vàng (金) nói rộng (広) ra là khoáng sản (鉱),3,払,拡
源,NGUYÊN,Nguyên thuỷ,"source, origin",N2,ゲン,みなもと,13,⺡,さんずい,water,Thủy (氵) + nguyên (原) = Nguyên thủy (源),7,泉,払
拡,KHUẾCH,Khuếch đại,"broaden, extend, expand, enlarge",N2,カク,"ひろ.がる, ひろ.げる, ひろ.める",8,⺘,てへん,hand,Tay (扌) mở rộng (広) khuếch đại (拡),5,鉱,射
浄,TỊNH,Thanh tịnh,"clean, purify, cleanse, exorcise, Manchu Dynasty",N2,"ジョウ, セイ","きよ.める, きよ.い",9,水,さんずい,water,Đất nước (氵) không có chiến tranh (争) sẽ trở nên thanh tịnh (浄),4,精,盟
精,TINH,Tinh luyện,"refined, ghost, fairy, energy, vitality, semen, excellence, purity, skill",N2,セイ、ショウ,"しら.げる, くわ.しい",14,,こめへん,rice,Gạo (米) xanh (青) đã qua tinh luyện (精),12,清,浄
謝,TẠ,Cảm tạ,"apologize, thank, refuse",N2,シャ,あやまる、あやま,17,,ごんべん,"words, to speak, say",Nói (言) như tên bắn (射) là lời cảm tạ (謝),5,射,清
駐,TRÚ,Lưu trú,"stop-over, reside in, resident",N2,チュウ,,15,,うまへん,horse,Con ngựa (馬) và ông chủ (主) đang tìm nơi lưu trú (駐),4,盟,往
盟,MINH,Đồng minh,"alliance, oath",N2,メイ,,13,⽫,さら,"plate, bowl",Đồng minh (盟) buổi sáng (明) đi bán đĩa (皿),3,浄,駐
辛,TÂN,Cay,"spicy, bitter, hot, acrid",N2,シン,から、からい、からさ,7,⾟,からい,bitter,Đứng (立) đợi bồ đến 10 (+) giờ đêm Cay (辛)!,10,往,屈
屈,KHUẤT,Bất khuất,"yield, bend, flinch, submit",N2,クツ,"かが.む, かが.める",8,尸,しかばね,corpse,Linh hồn từ xác chết (尸) xuất (出) ra là người đã khuất (屈),6,辛,掘
仮,GIẢ,Giả thuyết,"sham, temporary, interim, assumed (name), informal",N2,カ、ケ,かり、かりに,6,⺅,にんべん,person ,Người đứng (亻) lên phản đối (反) giả thuyết (仮),6,版,販
往,VÃNG,Dĩ vãng,"journey, travel, chase away, let go, going, before, formerly",N2,オウ,"い.く, いにしえ, さき.に, ゆ.く",8,⼻,ぎょうにんべん,"step, stride, street, to go",Chuyện 2 người (彳) làm chủ (主) đã là dĩ vãng (往) rồi,7,駐,辛
販,PHIẾN,Buôn bán,"marketing, sell, trade",N2,ハン,,11,,かいへん,"shell, property, wealth",Bảo bối (貝) phản đối (反) bị buôn bán (販),5,仮,阪
版,BẢN,Xuất bản,"printing block, printing plate, edition, impression, label",N2,ハン,,8,,かたへん,split wood,Sách viết phiên phiến (片) nên bị phản đối (反) xuất bản (版),6,掘,仮
阪,PHẢN,Osaka,"heights, slope",N2,ハン,さか,7,阜,こざとへん,"mound, dam (阝 left)",Bồ (阝) phản đối (反) đi Osaka (阪),4,販,堂
堂,ĐƯỜNG,Võ đường,"public chamber, hall",N2,ドウ,,11,⼟,つち,earth,Hòa thượng (尚) tập luyện trên đất (土) võ đường (堂),6,阪,踊
掘,QUẬT,Khai quật,"dig, delve, excavate",N2,クツ,ほ、ほる,11,⺘,てへん,hand,Khai quật (掘) thì thấy tay (扌) người đã khuất (屈),3,屈,版
塚,TRỦNG,Đống đất,"hillock, mound",N2,チョウ,"つか, -づか",12,土,つち,earth,Trên mặt đất ( 土) trùm khăn (冖) lợn (豕) nằm chất đống (塚),2,隊,象
稼,GIÁ,Kiếm tiền,"earnings, work, earn money",N2,カ,かせ.ぐ,15,禾,のぎへん,grain,Bán lúa ( 禾) giúp gia đình (家) kiếm tiền (稼),3,豚,隊
踊,DŨNG,Nhảy,"jump, dance, leap, skip",N2,ヨウ,おど、おどる、おどり,14,⻊,あしへん,"foot, leg",Chân (足) ma (々)sử dụng (用) để nhảy (踊),4,堂,豚
像,TƯỢNG,Bức tượng,"statue, picture, image, figure, portrait",N2,ゾウ,,14,⺅,にんべん,person ,Người đứng ( 亻) cạnh voi (象) im như tượng (像),5,象,財
豚,ĐỒN,Con lợn,"pork, pig",N2,トン,ぶた,11,⾗,いのこ,pig,Nghe đồn (豚) Nguyệt (月) béo như lợn (豕),3,踊,稼
隊,ĐỘI,Quân đội,"regiment, party, company, squad",N2,タイ,,12,⻖,こざとへん,"hill, mound",Bồ (阝) nuôi 2 (丷) con lợn (豕) trong quân đội (隊),4,稼,塚
健,KIỆN,Tráng kiện,"healthy, health, strength, persistence",N2,ケン,すこ、すこやかな,11,⺅,にんべん,person ,Người (亻) kiến trúc (建) sư rất tráng kiện (健),10,津,詰
津,TÂN,Bến cảng,"haven, port, harbor, ferry",N2,シン,つ,9,水,さんずい,water,Dùng nước (氵) rửa bút (聿) ở ngay bến cảng (津),5,財,健
財,TÀI,Tài sản,"property, money, wealth, assets",N2,ザイ、サイ,たから,10,,かいへん,"shell, property, wealth",Bảo bối (貝) được thiên tài (才) dùng làm tài sản (財),4,像,津
党,ĐẢNG,Đảng phái,"party, faction, clique",N2,トウ,"なかま, むら",10,⼉,ひとあし,human legs,Từ thuở nhỏ (小) còn trùm khăn (冖) anh trai (兄) đã mơ ước được vào Đảng (党),5,況,競
詰,CẬT,Nhồi nhét,"packed, close, pressed, reprove, rebuke, blame",N2,キツ,つ、つめる、つまる、つむ,13,,ごんべん,"words, to speak, say",Nói (言) điều tốt lành (吉) thật cật (詰) lực,11,健,況
況,HUỐNG,Tình huống,"condition, situation",N2,キョウ,"まし.て, いわ.んや, おもむき",8,⺡,さんずい,water,Tình huống (況) em bị sặc nước (氵) anh trai (兄) nên làm gì?,5,詰,党
競,CẠNH,Cạnh tranh,"emulate, compete with, bid, sell at auction, bout, contest, race",N2,キョウ、ケイ,きそう、せる、きそ、せ,20,⽴,たつ,to stand,Muốn đứng (立) trên anh trai (兄) cần cạnh tranh (競) gấp 2,7,党,鋭
鋭,NHUỆ,Tinh nhuệ,"pointed, sharpness, edge, weapon, sharp, violent",N2,エイ,するど、するどい,15,,かねへん,"metal, gold, mineral",Đội quân tinh nhuệ (鋭) mua vàng (金) đi mua tivi (兌),4,競,脱
脱,THOÁT,Tẩu thoát,"undress, removing, escape from, get rid of, be left out, take off",N2,ダツ,ぬ、ぬぐ、ぬげる,11,,にくづき,"meat, flesh",Nguyệt (月) ăn trộm tivi (兌) rồi tẩu thoát (脱),4,鋭,裏
象,TƯỢNG,Con voi,"elephant, pattern after, imitate, image, shape, sign (of the times)",N2,ショウ、ゾウ,かたど.る,12,⾗,いのこ,pig,Móc (ク) cả ngày (日) con lợn (豕) ra con voi (象),8,塚,像
埋,MAI,Chôn,"bury, be filled up, embedded",N2,マイ,う、うめる、うまる、うもれる,10,,つちへん,earth,Mai chôn (埋) cất ở đất (土) nhà ông Lí (里),3,裏,署
裏,LÍ,Mặt trái,"back, amidst, in, reverse, inside, palm, sole, rear, lining, wrong side",N2,リ,うら,13,⾐,ころも,clothing,Y phục (衣) ông Lí (里) mặc bị trái (裏),5,脱,埋
署,THỰ,Chức vụ,"signature, govt office, police station",N2,ショ,,13,,よこめ,eye,Đặt võng (皿) giả (者) trước biệt thự (署) để ngủ,6,埋,緒
完,HOÀN,Hoàn thành,"perfect, completion, end",N2,カン,,7,⼧,うかんむり,"roof, house",Mái nhà (宀) theo nguyên bản (元) đã hoàn thành (完),8,著,頑
緒,TỰ,Cùng nhau,"thong, beginning, inception, end, cord, strap, mental or emotional state",N2,ショ、チョ,お,14,,いとへん,thread,Cùng nhau (緒) dệt tơ (糸) với tác giả (者),5,署,著
頑,NGOAN,Ngoan cố,"stubborn, foolish, firmly",N2,ガン,かたく.な,13,頁,おおがい,leaf,Để nguyên (元) giấy (頁) trắng nộp bài là ngoan cố (頑),6,完,枯
固,CỐ,Kiên cố,"harden, set, clot, curdle",N2,コ,かた、かためる、かたまる、かたまり、かたい,8,⼞,くにがまえ,"border, territorial boundaries",Vây quanh (ロ) thành cổ (古) rất kiên cố (固),8,枯,居
枯,KHÔ,Khô héo,"wither, die, dry up, be seasoned",N2,コ,か、かれる、からす,9,,きへん,"tree, wood",Cây (木) cổ (古) thì khô héo (枯),4,頑,固
居,CƯ,Cư trú,"reside, to be, exist, live with",N2,キョ,い、いる、お、おる,8,⼫,しかばね,"corpse, awning",Xác chết (尸) tìm mộ cổ (古) để cư trú (居),9,固,占
召,TRIỆU,Triệu tập,"seduce, call, send for, wear, put on, ride in, buy, eat, drink, catch (cold)",N2,ショウ,め、めす,5,⼝,くち,mouth,Giơ đao (刀) miệng (ロ) hô: Triệu tập (召)!,3,周,招
周,CHU,Chu vi,"circumference, circuit, lap",N2,シュウ,まわ、まわり,8,⼝,くち,mouth,Ở biên giới (冂) đứng trên mặt đất (土) miệng (ロ) tính chu vi (周),4,占,召
超,SIÊU,Siêu việt,"transcend, super-, ultra-",N2,チョウ,こ、こえる、こす,12,,そうにょう,to run,Chạy (走) được triệu (召) km chỉ có siêu (超) nhân,4,招,昭
占,CHIÊM,Chiêm tinh,"fortune-telling, divining, forecasting, occupy, hold, have, get, take",N2,セン,し、うらな、しめる、うらなう,5,⼘,ぼく,oracle,To (大) mồm (ロ) chiếm (占) hết đồ ăn,6,居,周
著,TRỨ,Trứ danh,"renowned, publish, write, remarkable, phenomenal, put on, don, wear, arrival, finish (race), counter for suits of clothing, literary work",N2,チョ,あらわす、いちじるしい、あらわ、いちじる,11,⺾,くさかんむり,grass,Cô giáo Thảo (艹) là tác giả (者) trứ danh (著),6,緒,完
昭,CHIÊU,Chiêu hoà,"shining, bright",N2,ショウ,,9,,ひへん,"sun, day, time",Nhật (日) triệu tập (召) người dân vào ngày Chiêu Hòa (昭),2,超,照
浜,BANH,Bãi biễn,"seacoast, beach, seashore",N2,ヒン,はま,10,水,さんずい,water,Thủy (氵) binh (兵) diễn tập ở bãi biển (浜),3,丘,攻
沼,CHIỂU,Đầm lầy,"marsh, lake, bog, swamp, pond",N2,ショウ,ぬま,8,水,さんずい,water,Nước (氵) qua hàng triệu (召) năm tạo thành đầm lầy (沼),2,照,丘
紅,HỒNG,Hồng trà,"crimson, deep red",N2,コウ、ク,べに、くれない,9,,いとへん,thread,Sợi tơ (糸) công nhân (工) dùng để khuấy hồng trà (紅),4,攻,江
招,CHIÊU,Chiêu đãi,"beckon, invite, summon, engage",N2,ショウ,まね、まねく、まねき,8,⺘,てへん,hand,Tay (扌) cầm 1 triệu (召) đi chiêu đãi (招),3,召,超
江,GIANG,Sông lớn,"creek, inlet, bay",N2,コウ,え,6,水,さんずい,water,Nước (氵) sinh hoạt công nhân (工) lấy ở sông Trường Giang (江),5,紅,尖
尖,TIÊM,Nhọn,"be pointed, sharp, taper, displeased, angry, edgy",N2,セン,"とが.る, さき, するど.い",6,小,しょう,"small, insignificant",Kim tiêm trên nhỏ (小) dưới to (大) nên rất nhọn (尖),3,江,砂
丘,KHÂU,Ngọn đồi,"hill, knoll",N2,キュウ,おか,5,一,おのづくり,one,Cầm rìu (斤) đi lên 1 (一) ngọn đồi (丘),1,沼,浜
砂,SA,Cát,sand,N2,サ、シャ,すな,9,,いしへん,stone,Đá (石) không thiếu (少) ở sa mạc cát (砂),7,尖,省
快,KHOÁI,Khoái lạc,"cheerful, pleasant, agreeable, comfortable",N2,カイ,こころよ、こころよい、こころよさ,7,⺖,りっしんべん,"heart, mind, spirit",Trái tim (忄) được lên trung ương (央) nên rất khoái (快),9,省,松
照,CHIẾU,Chiếu sáng,"illuminate, shine, compare, bashful",N2,ショウ,て、てる、てらす、てれる,13,⺣,れっか,fire,Thời Chiêu Hòa (昭) vẫn đốt lửa (灬) để chiếu sáng (照),8,昭,沼
攻,CÔNG,Tấn công,"aggression, attack, criticize, polish",N2,コウ,せめる、せ,7,⺙,ぼくづくり,"activity, to strike, hit",Công nhân (工) bị đánh (攵) nên tấn công (攻) lại,4,浜,紅
省,TỈNH,Tỉnh lược,"government ministry, conserve, omit",N2,セイ、ショウ,かえり、かえりみる、はぶ、はぶく,9,⽬,め,eye,Thiếu (少) ngủ mắt (日) không tỉnh (省) táo được,9,砂,快
洪,HỒNG,Hồng thuỷ,"deluge, flood, vast",N2,コウ,,9,水,さんずい,water,Nước (氵) cộng (共) lại với nhau thành hồng thủy (洪),2,共,港
共,CỘNG,Công cộng,"together, both, neither, all, and, alike, with",N2,キョウ,とも,6,⼋,はち,eight,Ở hàng rào (井) tám (ハ) chuyện nơi công cộng (共),12,総,洪
松,TÙNG,Cây thông,pine tree,N2,ショウ,まつ,8,,きへん,"tree, wood",Cây (木) trồng nhiều nơi công cộng (公) là cây thông (松),3,快,総
総,TỔNG,Tổng hợp,"general, whole, all, full, total",N2,ソウ,"す.べて, すべ.て, ふさ",14,,いとへん,thread,Tổng hợp (総) tơ (糸) công (公) tâm (心),4,松,共
異,DỊ,Dị dạng,"uncommon, different, queerness, strangeness, wonderful, curious, unusual",N2,イ,こと、ことなる,11,⽥,た,rice paddy,Ruộng (田) nơi công cộng (共) thường dị dạng (異),10,港,暴
暴,BẠO,Bạo lực,"outburst, rave, fret, force, violence, cruelty, outrage",N2,ボウ、バク,あば、あばく、あばれる,15,⽇,ひ,"sun, day, time",Ở Nhật (日) nơi công cộng (共) là nước (水) cấm bạo lực (暴),8,異,爆
港,CẢNG,Hải cảng,harbor,N2,コウ,みなと,12,⺡,さんずい,water,Hải cảng (港) này đã xảy ra hồng thủy (洪) 2 (己) lần,3,洪,異
爆,BỘC,Bom,"bomb, burst open, pop, split",N2,バク,は.ぜる,19,,ひへん,fire,Ngọn lửa (火) bạo lực (暴) bộc phát sau vụ đánh bom (爆),3,暴,滞
滞,TRỆ,Đình trệ,"stagnate, be delayed, overdue, arrears",N2,"タイ, テイ",とどこお.る,13,水,さんずい,water,Nước (氵) làm cái đai (帯) trệ (滞) xuống,8,爆,掃
別,BIỆT,Phân biệt,"separate, branch off, diverge, fork, another, extra, specially",N2,ベツ,わか、わかれ、わかれる,7,⺉,りっとう,"knife, sword",Có thể phân biệt (別) bằng miệng (ロ) cả vạn (万) cây đao (刂),22,柄,企
掃,TẢO,Quét dọn,"sweep, brush",N2,ソウ,は、はく,11,⺘,てへん,hand,Tay (扌) cầm chổi (帚) tần tảo quét dọn (掃),5,滞,納
柄,BÍNH,Chuôi dao,"design, pattern, build, nature, character, handle, crank, grip, knob, shaft",N2,ヘイ,"がら, え, つか",9,木,き,tree,Cây (木) thứ 3 (丙) sẽ dùng làm chuôi dao (柄),7,納,別
納,NẠP,Nộp,"settlement, obtain, reap, pay, supply, store",N2,ノウ、ナツ、ナ、ナン、トウ,おさ、 おさめる、おさまる,10,,いとへん,thread,Cống nộp (納) tơ (糸) lụa vào trong (内) cung,5,掃,柄
企,XÍ,Xí nghiệp,"undertake, scheme, design, attempt, plan",N2,キ,くわだ、くわだてる,6,𠆢,ひとやね,person ,Người (人) dừng (止) làm việc ở xí nghiệp (企),8,別,渋
渋,SÁP,Chát,"astringent, hesitate, reluctant, have diarrhea",N2,"ジュウ, シュウ","しぶ, しぶ.い, しぶ.る",11,水,さんずい,water,Uống nước (氵) nhưng phải dừng lại (止) phun tung tóe (X) vì quá chát (渋),5,企,御
祈,KÌ,Cầu nguyện,"pray, wish",N2,キ,いの、いのる、いのり,8,⺭,しめすへん,"altar, festival, religious service",Chỉ thị (ネ) giơ rìu (斤) cầu nguyện (祈),5,孫,株
視,THỊ,Thị giác,"inspection, regard as, see, look at",N2,シ,み.る,11,⾒,みる,to see,Chỉ thị (ネ) nhìn (見) để kiểm tra thị giác (視),10,御,孫
孫,TÔN,Cháu,"grandchild, descendants",N2,ソン,まご,10,,こへん,"child, son",Đứa trẻ (子) trong hệ thống (系) là cháu (孫) đích tôn,3,視,祈
御,NGỰ,Chế ngự,"honorable, manipulate, govern",N2,ギョ、ゴ,おん,12,⼻,ぎょうにんべん,"step, stride, street, to go",2 người đứng (彳) bán sỉ (卸) bị cảnh sát trật tự chế ngự (御),6,渋,視
株,CHU,Cổ phiếu,"stocks, stump, shares, stock, counter for small plants",N2,シュ,かぶ,10,,きへん,"tree, wood",Bán cây (木) đỏ (朱) để mua cổ phiếu (株),4,祈,俳
輩,BỐI,Tiền bối,"comrade, fellow, people, companions",N2,ハイ,"-ばら, やから, やかい, ともがら",15,⾞,くるま,"vehicle, wheel, car",Tiền bối (輩) luôn là người phi (非) xe (車) đi trước,5,俳,額
桜,ANH,Hoa anh đào,cherry,N2,オウ,さくら,10,,きへん,"tree, wood",Cạnh cây (木) 3 (''') người phụ nữ (女) đang ngắm hoa anh đào (桜),3,略,案
額,NGẠCH,Cái trán,"forehead, tablet, plaque, framed picture, sum, amount, volume",N2,ガク,ひたい,18,⾴,おおがい,"head, page",Khách (客) đọc nhiều sách giấy (頁) nên trán (額) rất cao,5,輩,閣
閣,CÁC,Nội các,"tower, tall building, palace",N2,カク,,14,⾨,もんがまえ,"gate, door",Dưới cổng (門) là các vị (各) thành viên nội các (閣),2,額,略
案,ÁN,Đề án,"plan, suggestion, draft, ponder, fear, proposition, idea, expectation, worry, table, bench",N2,アン,つくえ,10,⽊,き,"tree, wood",Đề án (案) giữ an toàn (安) cho cây (木),10,桜,宴
俳,BÀI,Nghệ sĩ,"haiku, actor",N2,ハイ,,10,⺅,にんべん,person ,Người (亻) phi thường (非) là nghệ sĩ (俳),2,株,輩
略,LƯỢC,Chiến lược,"abbreviation, omission, outline, shorten, capture, plunder",N2,リャク,"ほぼ, はぶ.く, おか.す, おさ.める, はかりごと, はか.る",11,,たへん,rice paddy,Ngoài ruộng (田) các vị (各) đang bàn chiến lược (略),5,閣,桜
宴,YẾN,Tiệc,"banquet, feast, party",N2,エン,うたげ,10,宀,うかんむり,roof,Dưới mái nhà (宀) cả ngày (日) phụ nữ (女) tổ chức yến tiệc (宴),2,案,刊
刊,SAN,Tập san,"publish, carve, engrave",N2,カン,,5,⺉,りっとう,"knife, sword",Làm khô (干) đao (刂) để đưa vào tập san (刊),4,宴,軒
宇,VŨ,Vũ trụ,"eaves, roof, house, heaven",N2,ウ,,6,⼧,うかんむり,"roof, house",Mái nhà (宀) khô (干) ráo vũ trụ (宇) bao la,5,軒,評
軒,HIÊN,Hiên nhà,"flats, counter for houses, eaves",N2,ケン,のき,10,,くるまへん,"vehicle, wheel, car",Xe (車) muốn khô (干) ráo phải để dưới hiên nhà (軒),4,刊,宇
責,TRÁCH,Trách nhiệm,"blame, condemn, censure",N2,セキ,せ、せめる,11,⾙,かい,"shell, property, wealth",Ông vua lòi đầu (主) giao bảo bối (貝) phải có trách nhiệm (責) cất giữ,5,評,債
丁,ĐINH,Can đinh,"street, ward, town, counter for guns, tools, leaves or cakes of something, even number, 4th calendar sign",N2,チョウ、テイ,ひのと,2,⼀,いち,"one, horizontal stroke",Nhất (一) quyết (亅) đóng đinh (丁),6,債,頂
債,TRÁI,Khoản nợ,"bond, loan, debt",N2,サイ,,13,人,にんべん,"man, human",Người (亻) phải có trách nhiệm (責) với khoản nợ (債) của mình,3,責,丁
評,BÌNH,Bình luận,"evaluate, criticism, comment",N2,ヒョウ,,12,,ごんべん,"words, to speak, say",Lời nói (言) của Bình (平) là bình luận (評),5,宇,責
停,ĐÌNH,Đình chỉ,"halt, stopping",N2,テイ,"と.める, と.まる",11,⺅,にんべん,person ,Người đứng (亻) ở đình (亭) bị đình chỉ (停) công việc,9,庁,誰
頂,ĐỈNH,Đỉnh cao,"place on the head, receive, top of head, top, summit, peak",N2,チョウ,いただ、いただく、いただき,11,⾴,おおがい,"head, page",Làm đinh (丁) mỏng như tờ giấy (頁) mới đỉnh (頂),7,丁,灯
庁,SẢNH,Đại sảnh,government office,N2,チョウ,やくしょ,5,⼴,まだれ,slanting roof,Sảnh (庁) trước mái hiên (广) rải đầy đinh (丁),2,灯,停
誰,THÙY,Ai,"who, someone, somebody",N2,スイ,だれ,15,,ごんべん,"words, to speak, say",Ai đó (誰) nói (言) như chim (隹) hót,5,停,雑
灯,ĐĂNG,Đèn,"lamp, a light, light, counter for lights",N2,トウ,ひ,6,,ひへん,fire,Lửa (火) đốt đinh (丁) sáng như đèn (灯),5,頂,庁
権,QUYỀN,Quyền lợi,"authority, power, rights",N2,ケン、ゴン,"おもり, かり, はか.る",15,,きへん,"tree, wood",Bất cứ cái cây (木) nào vào buổi trưa (午) chim (隹) đều có quyền (権) đậu,6,護,勧
護,HỘ,Bảo hộ,"safeguard, protect",N2,ゴ,まも、まもる,20,,ごんべん,"words, to speak, say",Nói (言) với cô giáo Thảo (艹) rằng: chim chích (隻) cần hộ (護) lý chăm sóc,6,雇,権
雑,TẠP,Phức tạp,miscellaneous,N2,ザツ、ゾウ,"まじ.える, まじ.る",14,⾫,ふるとり,small bird,Ăn cả 9 (九) loại cây (木) làm chim (隹) ăn tạp (雑),9,誰,雇
雇,CỐ,"Thuê, mượn","employ, hire",N2,コ,やと、やとう,12,⾫,ふるとり,small bird,Cố thuê (雇) cánh cửa (戸) để treo con chim (隹),4,雑,護
課,KHÓA,Bài học,"chapter, lesson, section, department, division, counter for chapters (of a book)",N2,カ,,15,,ごんべん,"words, to speak, say",Nói (言) về kết quả (果) của khóa học (課),6,菓,巣
勧,KHUYẾN,Khuyến khích,"persuade, recommend, advise, encourage, offer",N2,カン,すす、すすめる,13,⼒,ちから,power,Khuyến khích (勧) buổi trưa (午) ăn thịt chim (隹) để có sức lực (力),4,権,催
賃,NHẪM,Thuê,"fare, fee, hire, rent, wages, charge",N2,チン,,13,⾙,かい,"shell, property, wealth",Trách nhiệm (任) của bảo bối (貝) là phải đóng tiền thuê (賃) nhà,6,巣,妊
巣,SÀO,Tổ chim,"nest, rookery, hive, cobweb, den",N2,ソウ,す,11,⺌,しょうかんむり,small,Tổ chim (巣) có 3 (''') quả (果) trứng,3,課,賃
催,THÔI,Thôi thúc,"sponsor, hold (a meeting), give (a dinner)",N2,サイ,"もよう.す, もよお.す",13,人,にんべん,"man, human",Thôi thúc (催) người (亻) lên núi (山) bắt chim (隹),5,勧,菓
妊,NHÂM,Mang thai,pregnancy,N2,"ニン, ジン","はら.む, みごも.る",7,女,おんな,"woman, female",Phụ nữ (女) của vua (王) đang mang thai (妊),3,賃,庭
涼,LƯƠNG,Mát mẻ,"refreshing, nice and cool",N2,リョウ,すず、すずしい、すずむ,11,⺡,さんずい,water,Nước (氵) ở kinh đô (京) thì mát mẻ (涼),3,遊,景
影,ẢNH,Ảo ảnh,"shadow, silhouette, phantom",N2,エイ,かげ,15,⼺,さんづくり,"hair-style, light rays",Cảnh (景) tóc (彡) bay bay như ảo ảnh (影),4,景,僕
庭,ĐÌNH,Sân vườn,"courtyard, garden, yard",N2,テイ,にわ,10,⼴,まだれ,slanting roof,Dưới mái hiên (广) của triều đình (廷) có sân vườn (庭),5,妊,遊
僕,BỘC,Tôi,"me, I (male), servant, manservant",N2,ボク,しもべ,14,⺅,にんべん,person ,Người đứng (亻) xếp hàng (业) cho dê (羊) người (人) đó là tôi (僕),3,影,就
菓,QUẢ,Bánh kẹo,"candy, cakes, fruit",N2,カ,,11,⺾,くさかんむり,grass,Thảo (艹) quả (果) để làm bánh kẹo (菓),4,催,課
遊,DU,Chơi,play,N2,ユウ、ユ,あそ、あそび、あそぶ,12,⻌,しんにょう,"road, walk, to advance",Phương (方) nằm (𠂉) cùng con (子) rồi dậy đi xa (辶) chơi (遊),5,庭,涼
景,CẢNH,Phong cảnh,"scenery, view",N2,ケイ,,12,⽇,ひ,"sun, day, time",Ở Nhật (日) kinh đô (京) phong cảnh (景) rất đẹp,6,涼,影
就,TỰU,Thành tựu,"concerning, settle, take position, depart, study, per",N2,シュウ、ジュ,つ、つく,12,⺐,だいのまげあし,lame leg,Lên Kinh (京) dự thi đương nhiên (尤) muốn đạt thành tựu (就) lớn,2,僕,沈
毒,ĐỘC,Thuốc độc,"poison, virus, venom, germ, harm, injury, spite",N2,ドク,,8,⽏,なかれ,"not, mother",Vua lòi đầu (主) vô (母) tình uống nhầm thuốc độc (毒),6,傘,慣
慣,QUÁN,Tập quán,"accustomed, get used to, become experienced",N2,カン,なれる、ならす、な,14,⺖,りっしんべん,"heart, mind, spirit",Trái tim (忄) nhất quán (貫) theo tập quán (慣),5,毒,籍
沈,TRẦM,Chìm,"sink, be submerged, subside, be depressed, aloes",N2,チン,しず、しずむ、しずめる,7,⺡,さんずい,water,Gặp nước (氵) lũ do dự (尢) sẽ chìm (沈),4,就,傘
傘,TÁN,Ô,umbrella,N2,サン,かさ,12,人,ひと,"man, human",5 người (人) mà có 10 (十) cái ô (傘),7,沈,毒
逃,ĐÀO,Đào tẩu,"escape, flee, shirk, evade, set free",N2,トウ,に、のが、にげる、にがす、のがす、のがれる,9,⻌,しんにょう,"road, walk, to advance",Trộm được nghìn tỷ (兆) chạy đi xa (辶) đào tẩu (逃),9,籍,渇
籍,TỊCH,Quốc tịch,"enroll, domiciliary register, membership",N2,セキ,,20,⺮,たけかんむり,bamboo,Trúc (竹) dùng làm cày (耒) ngày xưa (昔) quốc tịch (籍)Việt Nam ai cũng biết,5,慣,逃
渇,KHÁT,Khát khô,"thirst, dry up, parch",N2,カツ,かわ.く,11,水,さんずい,water,Khát (渇) nước (氵) nên uống sữa hạt (曷),3,逃,更
捕,BỘ,Bắt,"catch, capture",N2,ホ,と、つか、とらえる、とらわれる、とる、つかまえる、つかまる,10,⺘,てへん,hand,Bắt (捕) tay (扌) quan phủ (甫),5,砲,寄
砲,PHÁO,Pháo,"cannon, gun",N2,ホウ,,10,石,いし,stone,Không ném đá (石) vào bao (包) đựng pháo (砲),4,泡,捕
埼,KÌ,Mũi đất,"cape, spit, promontory",N2,キ,"さき, さい, みさき",11,土,つち,earth,Mũi (埼) đất (土) kỳ lạ (奇),2,寄,崎
更,CANH,Đổi mới,"grow late, night watch, sit up late, of course, renew, renovate, again, more and more, further",N2,コウ,さら、ふ、さらに、ふける、ふかす,7,⽇,ひ,"sun, day, time",1 (一) ngày (日) đam mê (メ) đổi mới (更),7,渇,硬
寄,KÍ,Kí gửi,"draw near, stop in, bring near, gather, collect, send, forward",N2,キ,よ、よる、より、よせる,11,⼧,うかんむり,"roof, house",Ký gửi (寄) dưới mái nhà (宀) kỳ lạ (奇),19,捕,埼
硬,NGẠNH,Cứng,"stiff, hard",N2,コウ,かた、かたい,12,,いしへん,stone,Đá (石) mới (更) thường cứng (硬),5,更,抱
抱,BÃO,Ôm,"embrace, hug, hold in arms",N2,ホウ,だ、いだ、かか、だく、いだく、かかえる,8,⺘,てへん,hand,Tay (扌) ôm ấp bao (包) hoài bão (抱),7,硬,泡
崎,KHI,Đường núi,"promontory, cape, spit",N2,キ,"さき, さい, みさき",11,山,やま,mountain,Đường (崎) núi (山) kỳ lạ (奇),3,埼,義
司,TI,Quản lý,"director, official, govt office, rule, administer",N2,シ,つかさど.る,5,⼝,くち,mouth,Người có khả năng (可) nhất (一) là quản lý (司),4,義,伺
泡,PHAO,Bọt,"bubbles, foam, suds, froth",N2,ホウ,あわ,8,水,さんずい,water,Nước (氵) trong bao (包) sủi bọt (泡),3,抱,砲
義,NGHĨA,Nghĩa khí,"righteousness, justice, morality, honor, loyalty, meaning",N2,ギ,,13,⺷,ひつじ,sheep,Đỡ con dê (羊) bị ngã (我) là hành động nghĩa khí (義),9,崎,司
伺,TỨ,Dò xét,"pay respects, visit, ask, inquire, question, implore",N2,シ,うかがう、うかがい、うかが,7,⺅,にんべん,person ,Người (亻) quản lý (司) hay dò xét (伺),2,司,詞
滴,TRÍCH,Giọt nước,"drip, drop",N2,テキ,しずく、したた、したたる,14,⺡,さんずい,water,Giọt (滴) nước (氵) thích (商) đọng trên mắt,3,適,敵
詞,TỪ,Ca,"part of speech, words, poetry",N2,シ,ことば,12,,ごんべん,"words, to speak, say",Lời nói (言) của quản lý (司) như ca từ (詞),6,伺,飼
敵,ĐỊCH,Kẻ địch,"enemy, foe, opponent",N2,テキ,かたき,15,⺙,ぼくづくり,"activity, to strike, hit",Thích (商) đánh (夂) kẻ địch (敵),5,滴,酌
適,THÍCH,Thích hợp,"suitable, occasional, rare, qualified, capable",N2,テキ,かな.う,14,⻌,しんにょう,"road, walk, to advance",Thích (商) rồi đi xa (辶) càng thích hợp (適),13,飼,滴
乾,CAN,Khô cạn,"drought, dry, desiccate, drink up, heaven, emperor",N2,カン,かわ、かわく、かわき、かわかす,11,⼄,おつ,the second ,20 ngày (車) bị ăn xin (乞) đến cạn (乾) túi,7,凍,炎
飼,TỰ,Nuôi,"domesticate, raise, keep, feed",N2,シ,か、かう,13,⻟,しょくへん,"food, to eat",Ăn (食) có quản lý (司) nuôi (飼),4,詞,適
講,GIẢNG,Bài giảng,"lecture, club, association",N2,コウ,,17,,ごんべん,"words, to speak, say",Lời nói (言) cấu (冓) tạo nên bài giảng (講),8,購,氏
酌,CHƯỚC,Rót rượu,"bar-tending, serving sake, the host, draw (water), ladle, scoop, pump",N2,シャク,く.む,10,酉,ひよみのとり,"wine, alcohol",Giờ Dậu (酉) bắt chước (勺) theo mọi người rót rượu (酌),2,敵,凍
購,CẤU,Mua sắm,"subscription, buy",N2,コウ,,17,貝,かい,shell,Bảo bối (貝) cấu (冓) tạo nên vụ mua sắm (購),3,炎,講
凍,ĐỐNG,Đông lại,"frozen, congeal, refrigerate",N2,トウ,こ、こおる、こご、こごえる,10,⼎,にすい,ice,Băng (冫) ở phía đông (東) đang đông lại (凍),6,酌,乾
炎,VIÊM,Cháy lớn,"inflammation, flame, blaze",N2,エン,ほのお,8,火,ひ,fire,Viêm (炎) họng như bị lửa (火) đốt,7,乾,購
氏,THỊ,Họ,"family name, surname, clan",N2,シ,うじ,4,⽒,うじ,"family, clan",Đích thị họ (氏) của Em (E) là (し),4,講,民
眠,MIÊN,Ngủ,"sleep, die, sleepy",N2,ミン,ねむ、ねむい、ねむる,10,,めへん,eye,Nhắm mắt (目) dân chúng (民) ngủ (眠) miên man,8,民,睡
睡,THỤY,Ngủ,"drowsy, sleep, die",N2,スイ,"ねむ.る, ねむ.い",13,目,あみがしら,eye,Mắt (目) rủ xuống (垂) vì buồn ngủ (睡),4,眠,郵
郵,BƯU,Bưu điện,"mail, stagecoach stop",N2,ユウ,,11,⻏,おおざと,"village, country, city",Rủ (垂) Bồ (阝) xuống bưu điện (郵),4,睡,華
民,DÂN,Dân chúng,"people, nation, subjects",N2,ミン,たみ,5,⽒,うじ,"family, clan",Dân chúng (民) miệng (ロ) nói họ (氏) tên,7,氏,眠
枠,KHUNG,Cái khung,"frame, framework, spindle, spool, bounding-box, (kokuji)",N2,,わく,8,木,き,tree,Cây (木) 90 (卆) năm dùng làm khung (枠),2,華,参
華,HOA,Hoa mỹ,"splendor, flower, petal, shine, luster, ostentatious, showy, gay, gorgeous",N2,カ、ケ,はな、はなやかな,10,⺾,くさかんむり,grass,Hoa cỏ (艹) rủ xuống (重) nhìn thật hoa mỹ (華),7,郵,枠
診,CHẨN,Chẩn đoán,"checkup, seeing, diagnose, examine",N2,シン,み.る,12,言,げん,speech,Chẩn đoán (診) qua lời nói (言) của người (人) bệnh về mái tóc (彡),3,参,珍
鈍,ĐỘN,Đần độn,"dull, slow, foolish, blunt",N2,ドン,にぶ、にぶい、にぶる,12,,かねへん,"metal, gold, mineral",Người nhiều vàng (金) nghe đồn (屯) rất đần độn (鈍),4,修,純
珍,TRÂN,Quý hiếm,"rare, curious, strange",N2,チン,めずら、めずらしい,9,,おうへん,"jewelry, jeweled king",Vua (王) là người (人) có tóc đuôi sam (彡) quý hiếm (珍) nhất,1,診,修
修,TU,Tu sửa,"discipline, conduct oneself well, study, master",N2,シュウ、シュ,おさ、おさめる、おさまる,10,⺅,にんべん,person ,Bị người (亻) cầm gậy (丨) đánh (攵) nên tóc (彡) tai phải tu sửa (修) lại,8,珍,鈍
参,THAM,Tham gia,"nonplussed, three (in documents), going, coming, visiting, visit, be defeated, die, be madly in love, participate, take part in",N2,サン,まいる、まい,8,⼛,む,"private, Katakana Mu",Tứ (ム) đại (大) mỹ nhân tết tóc đuôi sam (彡) tham gia (参) biểu diễn,7,枠,診
純,THUẦN,Thuần khiết,"genuine, purity, innocence, net (profit)",N2,ジュン,,10,,いとへん,thread,Sợi tơ (糸) nghe đồn (屯) rất thuần khiết (純),6,鈍,絶
絶,TUYỆT,Tuyệt đỉnh,"discontinue, sever, cut off, abstain, interrupt, suppress, be beyond, without match, peerless, unparalleled",N2,ゼツ,た、たえる、たやす、たつ,12,,いとへん,thread,Sợi tơ (糸) màu sắc (色) đẹp tuyệt (絶),11,純,余
余,DƯ,Dư thừa,"too much, myself, surplus, other, remainder",N2,ヨ,あま、あまり、あまる、あます,7,𠆢,ひとやね,person ,Người (人) có 2 (二) vợ bé (小) là dư thừa (余),11,絶,除
途,ĐỒ,Con đường,"route, way, road",N2,ト,みち,10,⻌,しんにょう,"road, walk, to advance",Mang dư (余) tiền để đi xa (辶) trên con đường (途),7,除,斜
除,TRỪ,Loại bỏ,"exclude, division (x/3), remove, abolish, cancel, except",N2,ジョ、ジ,のぞ、のぞく,10,⻖,こざとへん,"hill, mound",Bồ (阝) dư thừa (余) phải loại bỏ (除),8,余,途
香,HƯƠNG,Hương thơm,"incense, smell, perfume",N2,コウ、キョウ,か、かお、かおり、かおる,9,⾹,かおり,scent,Lúa (禾) Nhật (日) tỏa hương thơm (香),5,斜,委
斜,TÀ,Nghiêng,"diagonal, slanting, oblique",N2,シャ,"なな.め, はす",11,斗,ますづくり,dipper,Dư (余) gạo nên đấu (斗) bị nghiêng (斜),5,途,香
委,ỦY,Ủy viên,"committee, entrust to, leave to, devote, discard",N2,イ,ゆだ.ねる,8,⼥,おんな,woman,Hòa (禾) là nữ (女) ủy viên (委),4,香,梨
預,DỰ,Dự trữ,"deposit, custody, leave with, entrust to",N2,ヨ,あず、あずける、あずかる,13,⾴,おおがい,"head, page",Theo dự báo (予) tiền giấy (頁) cần dự trữ (預),5,勤,序
勤,CẦN,Cần cù,"diligence, become employed, serve",N2,キン、ゴン,つと、つとめる、つとまる,12,⼒,ちから,power,Người bị cận (菫) vẫn nỗ lực (力) cần cù (勤) học,9,梨,預
梨,LÊ,Quả lê,pear tree,N2,リ,なし,11,木,き,tree,Lê (梨) Lợi (利) trồng cây (木),2,委,勤
序,TỰ,Thứ tự,"preface, beginning, order, precedence, occasion, chance, incidentally",N2,ジョ,"つい.で, ついで",7,⼴,まだれ,slanting roof,Dưới mái hiên (广) dự báo (予) cần phải đi theo thứ tự (序),4,預,柔
柔,NHU,Mềm dẻo,"tender, weakness, gentleness, softness",N2,ジュウ、ニュウ,やわ、やわらかい、やわな,9,⽊,き,"tree, wood",Mâu (矛) là loại cây (木) mềm dẻo (柔),5,序,務
務,VỤ,Vụ việc,"task, duties",N2,ム,つと、つとめる、つとまる,11,⼒,ちから,power,Xảy ra vụ (務) mâu thuẫn (矛) đánh (夂) nhau bằng vũ lực (力),8,柔,怖
怖,BỐ,Sợ hãi,"dreadful, be frightened, fearful",N2,フ,こわ、こわい、こわがる,8,⺖,りっしんべん,"heart, mind, spirit",Trái tim (忄) bố (布) sợ hãi (怖),3,務,刷
紫,TỬ,Màu tím,"purple, violet",N2,シ,むらさき,12,糸,いと,silk,Đây (此) là sợi tơ (糸) màu tím (紫),3,嵐,従
刷,LOÁT,In ấn,"printing, print, brush",N2,サツ,す、する,8,⺉,りっとう,"knife, sword",Xác chết (尸) quàng khăn (巾) cầm đao (刂) đi in ấn (刷),5,怖,嵐
嵐,LAM,Bảo,"storm, tempest",N2,ラン,あらし,12,山,やま,mountain,Dưới núi (山) có gió (風) bão (嵐),2,刷,紫
命,MỆNH,Sinh mệnh,"fate, command, decree, destiny, life, appoint",N2,メイ、ミョウ,いのち,8,⼝,くち,mouth,Người (人) bị 1 (一) gõ (叩) là kết thúc sinh mệnh (命),8,縦,印
層,TẰNG,Tầng lớp,"stratum, social class, layer, story, floor",N2,ソウ,,14,⼫,しかばね,"corpse, awning",Xác chết (尸) cháu (曽) nhìn thấy trên tầng (層),6,印,増
印,ẤN,Con dấu,"stamp, seal, mark, imprint, symbol, emblem, trademark, evidence, souvenir, India",N2,イン,しるし,6,⼙,ふしづくり,"stamp, seal",É (E) P (卩) là ấn (印),6,命,層
従,TÙNG,Phục tùng,"accompany, obey, submit to, comply, follow, secondary, incidental, subordinate",N2,ジュウ、ショウ、ジュ,したが、したがう、したがえる,10,⼻,ぎょうにんべん,"step, stride, street, to go",2 người đứng (彳) có 2 (丷) hạ (下) nhân (人) phục tùng (従),7,紫,縦
縦,TUNG,Trục tung / thao túng,"vertical, length, height, self-indulgent, wayward",N2,ジュウ,たて,16,,いとへん,thread,Tung (縦) tơ (糸) cho Tùng (従),5,従,命
憎,TĂNG,Ghét,"hate, detest",N2,ゾウ,にく、にくむ、にくい、にくらしい、にくしみ,14,⺖,りっしんべん,"heart, mind, spirit",Trái tim (忄) cháu (曽) ghét (憎) cái ác,4,増,贈
増,TĂNG,Tăng giá,"increase, add, augment, gain, promote",N2,ゾウ,ま、ふ、ます、まし、ふえる、ふやす,14,,つちへん,earth,Đất (土) của cháu (曽) đang tăng giá (増),11,層,憎
贈,TẶNG,Tặng quà,"presents, send, give to, award to, confer on, presenting something",N2,ゾウ、ソウ,おく、おくる,18,,かいへん,"shell, property, wealth","Tặng (贈) bảo bối (貝) cho cháu (曽),",3,憎,震
震,CHẤN,Địa chấn,"quake, shake, tremble, quiver, shiver",N2,シン,ふる、ふるえる、ふるえ,15,⻗,あめかんむり,rain,Mưa (雨) của thần (辰) tạo ra địa chấn (震),7,贈,振
浮,PHÙ,Nổi lên,"floating, float, rise to surface",N2,フ,う、うく、うかれる、うかぶ、うかべる,10,⺡,さんずい,water,Nước (氵) từ móng tay (爪) trẻ con (子)làm mọi thứ nổi lên (浮),7,娠,札
振,CHẤN,Chấn động,"shake, wave, wag, swing",N2,シン,"ふ.る, ふ.れる, ふ.るう",10,手,てへん,hand,Tay (扌) thần (辰) gây chấn động (振),13,震,娠
宗,TÔNG,Tôn giáo,"religion, sect, denomination, main point, origin, essence",N2,シュウ、ソウ,むね,8,⼧,うかんむり,"roof, house",Dưới mái nhà (宀) đi theo chỉ thị (示) tôn giáo (宗),3,札,奈
札,TRÁT,Tiền giấy,"tag, paper money, counter for bonds, placard, bid",N2,サツ,ふだ,5,,きへん,"tree, wood",Có cây (木) Là (L) có tiền giấy (札),6,浮,宗
奈,NẠI,Tận cùng,"Nara, what?",N2,"ナ, ナイ, ダイ","いかん, からなし",8,大,だい,"big, very",Tên em là Đại (大) Thị (示) Nại (奈),2,宗,整
誕,ĐẢN,Sinh ra,"nativity, be born, declension, lie, be arbitrary",N2,タン,,15,,ごんべん,"words, to speak, say",Nói (言) kéo dài (延) sinh ra (誕) chuyện,2,延,罰
整,CHỈNH,Điều chỉnh,"organize, arranging, tune, tone, meter, key (music)",N2,セイ,ととの、ととのえる、ととのう,16,⺙,ぼくづくり,"activity, to strike, hit",Sắc lệnh (敕) chính xác (正) không cần điều chỉnh (整),8,奈,証
証,CHỨNG,Bằng chứng,"evidence, proof, certificate",N2,ショウ,あかし,12,,ごんべん,"words, to speak, say",Lời nói (言) chính xác (正) để làm bằng chứng (証),12,整,症
症,CHÚNG,Triệu chứng,"symptoms, illness",N2,ショウ,,10,疒,やまいだれ,sickness,Bị bệnh (疒) chính xác (正) sẽ có triệu chứng (症),5,証,延
荘,TRANG,Trang trại,"villa, inn, cottage, feudal manor, solemn, dignified",N2,"ソウ, ショウ, チャン","ほうき, おごそ.か",9,艸,くさかんむり,grass,Cô giáo Thảo (艹) cùng anh cường tráng (壮) đang nghỉ dưỡng ở trang trại (荘),4,罰,装
討,THẢO,Thảo luận,"chastise, attack, defeat, destroy, conquer",N2,トウ,う、うつ,10,,ごんべん,"words, to speak, say",Nói (言) lời thốn (寸) trong buổi thảo luận (討),5,装,符
符,PHÙ,Phù hiệu,"token, sign, mark, tally, charm",N2,フ,,11,⺮,たけかんむり,bamboo,Trúc (竹) được giao phó (付) làm phù hiệu (符),3,討,宙
宙,TRỤ,Vũ trụ,"mid-air, air, space, sky, memorization, interval of time",N2,チュウ,,8,⼧,うかんむり,"roof, house",Vũ trụ (宙) là mái nhà (宀) tự do (由),5,符,届
娠,THẦN,Mang thai,"with child, pregnancy",N2,シン,,10,女,おんな,"woman, female",Nữ (女) thần (辰) đang mang thai (娠),2,振,浮
延,DUYÊN,Kéo dài,"prolong, stretching",N2,エン,のびる、のべる、のべ、のばす、の,8,⼵,えんにょう,"to move, stretch",Chính xác (正) không dẫn (廴) đi kéo dài (延),10,症,誕
罰,PHẠT,Hình phạt,"penalty, punishment",N2,"バツ, バチ, ハツ",ばっ.する,14,网,あみめ,net,Lái xe đánh võng (皿) thì nói (言) đao (刂) to búa lớn vẫn bị phạt (罰),3,誕,荘
制,CHẾ,Chế độ,"system, law, rule",N2,セイ,,8,⺉,りっとう,"knife, sword","Dồn con bò (牛) vào biên giới (冂), dùng đao (刂) khống chế (制)",12,届,製
届,GIỚI,Gửi tới,"deliver, reach, arrive, report, notify, forward",N2,カイ,とど、とどく、とどける,8,⼫,しかばね,"corpse, awning",Gửi (届) xác chết (尸) đến nơi tự do (由),5,宙,制
玄,HUYỀN,Màu đen,"mysterious, occultness, black, deep, profound",N2,ゲン,"くろ, くろ.い",5,玄,げん,"dark, profound","Huyền (玄) ơi, ngay từ đầu (亠), anh đã yêu (幺) em",2,製,畜
装,TRANG,Trang phục,"attire, dress, pretend, disguise, profess",N2,ソウ、ショウ,よそお、よそおう,12,⾐,ころも,clothing,Người cường tráng (壮) mặc quần áo (衣) nào cũng thành trang phục (装) đẹp,7,荘,討
製,CHẾ,Chế tạo,"made in..., manufacture",N2,セイ,,14,⾐,ころも,clothing,"Mỗi chế độ (製), y phục (衣) sẽ được chế tạo (製) khác nhau",9,制,玄
畜,SÚC,Gia súc,"livestock, domestic fowl and animals",N2,チク,,10,⽥,た,rice paddy,Huyền (玄) ra ruộng (田) chăn gia súc (畜),2,玄,過
過,QUÁ,Vượt qua,"overdo, exceed, go beyond, error",N2,カ,す、すぎる、すごす、あやま、あやまつ、あやまち,12,⻌,しんにょう,"road, walk, to advance",Qua (咼) đường mà đi xa (辶) quá (過),20,畜,針
針,CHÂM,Cái kim,"needle, pin, staple, stinger",N2,シン,はり,10,,かねへん,"metal, gold, mineral",Vàng (金) 10 (十) làm cái kim (針),4,過,汁
汁,TRẤP,Nước súp,"soup, juice, broth, sap, gravy, pus",N2,ジュウ,"しる, -しる, つゆ",5,水,さんずい,water,Nước (氵) nấu 10 (十) lần thành nước súp (汁),2,針,環
環,HOÀN,Vòng tròn,"ring, circle, loop",N2,カン,わ,17,玉,たま,jade (king),Vua (王) mắc võng (皿) ở công viên (袁) theo vòng tròn (環),3,汁,腰
煙,YÊN,Khói,smoke,N2,エン,けむ、けむる、けむい、けむり,13,,ひへん,fire,Lửa (火) phía tây (西) đốt đất (士) bốc khói (煙),5,価,票
腰,YÊU,Cái eo,"loins, hips, waist, low wainscoting",N2,ヨウ,こし,13,,にくづき,"meat, flesh",Yêu Nguyệt (月) tất yếu (要) phải ôm eo (腰),5,環,価
価,GIÁ,Giá trị,"value, price",N2,カ,あたい,8,⺅,にんべん,person ,Người (亻) tây (西) rất có giá trị (価),8,腰,煙
騒,TAO,Ồn ào,"boisterous, make noise, clamor, disturb, excite",N2,ソウ,さわ、さわぐ、さわぎ、さわがす、さわがしい,18,,うまへん,horse,Ngựa (馬) đi lại (又) giẫm lên côn trùng (虫) gây ồn ào (騒),7,標,菌
標,TIÊU,Tiêu chuẩn,"signpost, seal, mark, stamp, imprint, symbol, emblem, trademark, evidence, souvenir, target",N2,ヒョウ,"しるべ, しるし",15,,きへん,"tree, wood",Mỗi cây (木) đều dán lá phiếu (票) theo tiêu chuẩn (標),4,票,騒
票,PHIẾU,Bỏ phiếu,"ballot, label, ticket, sign",N2,ヒョウ,,11,⽰,しめす,"altar, festival, religious service",Phía tây (西) đưa ra chỉ thị (示) bỏ phiếu (票),3,煙,標
輪,LUÂN,Bánh xe,"wheel, ring, circle, link, loop, counter for wheels and flowers",N2,リン,わ,15,,くるまへん,"vehicle, wheel, car",Xe (車) leo lên núi Côn Lôn (侖) bị hỏng bánh (輪),4,菌,論
輸,THÂU,Nhập khẩu,"transport, send, be inferior",N2,ユ,,16,,くるまへん,"vehicle, wheel, car",Nhập khẩu (輸) xe (車) du (兪) lịch,5,論,並
菌,KHUẨN,Vi khuẩn,"germ, fungus, bacteria",N2,キン,,11,艸,くさかんむり,grass,Cỏ (艹) vây quanh (囗) lúa (禾) sinh ra vi khuẩn (菌),3,騒,輪
忙,MANG,Bận rộn,"busy, occupied, restless",N2,ボウ,いそが、いそがしい,6,⺖,りっしんべん,"heart, mind, spirit",Tâm (忄) mệt muốn chết (亡) vì bận rộn (忙),4,湿,濃
普,PHỔ,Phổ thông,"universal, wide(ly), generally, Prussia",N2,フ,"あまね.く, あまねし",12,⽇,ひ,"sun, day, time",Xếp hàng (並) ở Nhật (日) là phổ thông (普),6,並,湿
並,TỊNH,Xếp hàng,"row, and, besides, as well as, line up, rank with, rival, equal",N2,ヘイ,なみ、な、ならべる、なら、ならぶ、ならびに、ならび,8,⼀,いち,"one, horizontal stroke","Xếp hàng (並) thành 2 hàng chữ V (V), 2 hàng ngang (二), 2 hàng dọc (ll)",10,輸,普
濃,NỒNG,Nồng đậm,"concentrated, thick, dark, undiluted",N2,ノウ,こ、こい、こさ,16,⺡,さんずい,water,Nước (氵) nông nghiệp (農) thường nồng đậm (濃),4,忙,携
湿,THẤP,Ẩm thấp,"damp, wet, moist",N2,シツ,しめ、しめる、しめす,12,⺡,さんずい,water,Nước (氵) Nhật (日) xếp hàng (並) nơi ẩm thấp (湿),4,普,忙
暮,MỘ,Tối,"evening, twilight, season's end, livelihood, make a living, spend time",N2,ボ,く、くれる、くらす,14,⽇,ひ,"sun, day, time",Ở sa mạc (莫) ngày (日) rất nhanh tối (暮),7,誘,募
似,TỰ,Tương tự/giống nhau,"becoming, resemble, counterfeit, imitate, suitable",N2,ジ,にる、に,7,⺅,にんべん,person ,Con người (亻) vốn dĩ (以) là giống nhau (似),6,募,基
携,HUỀ,Mang theo,"portable, carry (in hand), armed with, bring along",N2,ケイ,"たずさ.える, たずさ.わる",13,手,てへん,hand,Tay (扌) bắt con chim (佳) số 13 (乃) mang theo (携) bên mình,6,濃,誘
誘,DỤ,Mời rủ,"entice, lead, tempt, invite, ask, call for, seduce, allure",N2,ユウ,"さそ.う, いざな.う",14,言,げん,speech,Dùng lời nói (言) ưu tú (秀) dễ dụ (誘),6,携,暮
募,MỘ,Chiêu mộ,"recruit, campaign, gather (contributions), enlist, grow violent",N2,ボ,つのる,12,⼒,ちから,power,Ở sa mạc (莫) người có năng lực (力) vẫn được chiêu mộ (募),6,暮,似
論,LUẬN,Tranh luận,"argument, discourse",N2,ロン,あげつら.う,15,,ごんべん,"words, to speak, say",Nói (言) với người trên núi Côn Lôn (侖) dễ xảy ra tranh luận (論),11,輪,輸
基,CƠ,Cơ sở,"fundamentals, radical (chem), counter for machines, foundation",N2,キ,もと、もとい,11,⼟,つち,earth,Kì (其) này mua đất (土) là có cơ sở (基),5,似,吹
吹,XÚY,Thổi,"blow, breathe, puff, emit, smoke",N2,スイ,ふ、ふく,7,,くちへん,mouth,Miệng (口) thiếu (欠) thì không thể thổi (吹),2,基,姿
姿,TƯ,Tư thế,"figure, form, shape",N2,シ,すがた,9,⼥,おんな,woman,Tư thế (姿) tiếp theo (次) của người phụ nữ (女),3,吹,資
資,TƯ,Đầu tư,"assets, resources, capital, funds, data, be conducive to, contribute to",N2,シ,,13,⾙,かい,"shell, property, wealth",Tiếp theo (次) sẽ mang bảo bối (貝) đi đầu tư (資),9,姿,茨
盗,ĐẠO,Đạo tặc,"steal, rob, pilfer",N2,トウ,ぬす、ぬすむ、ぬすみ,11,⽫,さら,"plate, bowl",Đạo tặc (盗) tiếp theo (次) sẽ ăn trộm cái đĩa (皿) cổ,6,茨,軟
畳,ĐIỆP,Cái chiếu,"tatami mat, counter for tatami mats, fold, shut up, do away with",N2,ジョウ,たた、たたむ、たたみ,12,⽥,た,rice paddy,Mang chiếu (畳) ra ruộng (田) trùm khăn (冖) thong thả (且) ngủ,4,祖,句
軟,NHUYỄN,Mềm,soft,N2,ナン,やわ、やわらかい,11,,くるまへん,"vehicle, wheel, car",Xe (車) thiếu (欠) hơi lốp rất mềm (軟),5,盗,祖
茨,TÌ,Cỏ gai,"briar, thorn",N2,"シ, ジ","いばら, かや, くさぶき",9,艸,くさかんむり,grass,Cô giáo Thảo (艹) tiếp theo (次) sẽ đi cắt cỏ gai (茨),2,資,盗
敬,KÍNH,Kính trọng,"awe, respect, honor, revere",N2,ケイ,うやまう、うやまい、うやま,12,⺙,ぼくづくり,"activity, to strike, hit",Cô giáo Thảo (艹) cay cú (句) đánh (攵) người vì không được kính trọng (敬),7,句,警
掛,QUẢI,Treo,"hang, suspend, depend, arrive at, tax, pour",N2,"カイ, ケイ",か、かける、かけ、かかる、かかり,11,⺘,てへん,hand,Tay (扌) Ngọc Khuê (圭) to (卜) nên treo (掛) đồ rất dễ dàng,10,封,銅
句,CÚ,Câu cú,"phrase, clause, sentence, passage, paragraph, counter for haiku",N2,ク,,5,⼝,くち,mouth,Bao (勹) nhiêu miệng (口) là bấy nhiêu câu cú (句),4,畳,敬
祖,TỔ,Tổ tiên,"ancestor, pioneer, founder",N2,ソ,,9,⺭,しめすへん,"altar, festival, religious service",Tổ tiên (祖) chỉ thị (ネ) không được sống buông thả (且),5,軟,畳
銅,ĐỒNG,Chất đồng,copper,N2,ドウ,あかがね,14,,かねへん,"metal, gold, mineral","Vàng (金) giống (同) đồng (銅), đều là kim loại",2,掛,筒
警,CẢNH,Cảnh sát,"admonish, commandment",N2,ケイ,いまし.める,19,⾔,げん,"words, to speak, say",Cần kính trọng (敬) khi nói chuyện (言) với cảnh sát (警),7,敬,街
洞,ĐỘNG,Hang động,"den, cave, excavation",N2,ドウ,ほら,9,水,さんずい,water,Trong hang động (洞) mực nước (氵) đều giống nhau (同),4,筒,殴
封,PHONG,Niêm phong,"seal, closing",N2,フウ、ホウ,,9,,すんづくり,"inch, (2.25 cm)",Ngọc Khuê (圭) thấy thốn (寸) vì nhà bị niêm phong (封),5,街,掛
偶,NGẪU,Ngẫu nhiên,"accidentally, even number, couple, man & wife, same kind",N2,グウ,たま,11,⺅,にんべん,person ,Chọn ngẫu nhiên (偶) phải người (亻) ngu dốt (禺),3,殴,隅
街,NHAI,Phố,"boulevard, street, town",N2,ガイ、カイ,まち,12,⾏,ぎょうがまえ,to go,Đi (行) cùng Ngọc Khuê (圭) ra phố (街) chơi,6,警,封
筒,ĐỒNG,Ống đồng,"cylinder, pipe, tube, gun barrel, sleeve",N2,トウ,つつ,12,⺮,たけかんむり,bamboo,Ống (筒) trúc (竹) đều giống nhau (同),3,銅,洞
刻,KHẮC,Điều khắc,"engrave, cut fine, chop, hash, mince, time, carving",N2,コク,きざ、きざむ、きざみ,8,⺉,りっとう,"knife, sword",Con lợn (亥) dùng đao (刂) điêu khắc (刻),9,嫌,核
隅,NGUNG,Góc,"corner, nook",N2,グウ,すみ,12,⻖,こざとへん,"hill, mound",Bồ (阝) ngu dốt (禺) hay nấp trong góc (隅),4,偶,兼
殴,ẨU,Ẩu đả,"assault, hit, beat, thrash",N2,オウ,なぐ.る,8,殳,るまた,"weapon, lance",Khu vực (区) của kẻ thù (殳) đang ẩu đả (殴),2,洞,偶
核,HẠCH,Hạt nhân,"nucleus, core, kernel",N2,カク,,10,木,き,tree,Cây (木) hoa cứt lợn (亥) dùng chế tạo vũ khí hạt nhân (核),2,刻,腹
嫌,HIỀM,Hiềm khích,"dislike, detest, hate",N2,ケン,きら、きらう、きらい、いや、いやがる,13,,おんなへん,woman,Để phụ nữ (女) kiêm (兼) nhiều việc dễ xảy ra hiềm khích (嫌),12,兼,刻
恵,HUỆ,Ân huệ,"favor, blessing, grace, kindness",N2,"ケイ, エ","めぐ.む, めぐ.み",10,心,こころ,heart,10 (十) lần suy nghĩ (思) về ân huệ (恵),5,腹,猫
腹,PHÚC,Cái bụng,"abdomen, belly, stomach",N2,フク,はら,13,,にくづき,"meat, flesh",Nguyệt (月) được phục (夏) vụ đồ ăn đến khi no bụng (腹),11,核,恵
兼,KIÊM,Kiêm nhiệm,"concurrently, and, beforehand, in advance",N2,ケン,"か.ねる, -か.ねる",10,八,はち,eight,Cỏ (䒑) được Em (ヨ) bó lại để kiêm (兼) luôn việc quét nhà,4,隅,嫌
寮,LIÊU,Ký túc xá,"dormitory, hostel, villa, tea pavillion",N2,リョウ,,15,⼧,うかんむり,"roof, house",Cùng sống dưới mái nhà (宀) ký túc xá (寮) iii => (寮),3,僚,滝
博,BÁC,Bác học,"Dr., command, esteem, win acclaim, Ph.D., exposition, fair",N2,ハク、バク,,12,⼗,じゅう,ten,Người có 10 (十) + 1 (ヽ) chuyên môn (専) nữa là bác học (博),3,専,薄
猫,MIÊU,Con mèo,cat,N2,ビョウ,ねこ,11,⺨,けものへん,beast,Con chó (犭) ăn cây non (苗) biến thành con mèo (猫),8,恵,専
専,CHUYÊN,Chuyên môn,"specialty, exclusive, mainly, solely",N2,セン,もっぱら、もっぱ,9,⼨,すん,"inch, (2.25 cm)",1 (一) nghề tự do (由) không bị thốn (寸) nếu làm đúng chuyên môn (専),7,猫,博
滝,LANG,Thác nước,"waterfall, rapids, cascade",N2,"ロウ, ソウ",たき,13,水,さんずい,water,Thác (滝) nước (氵) có hình con rồng (竜),1,寮,際
薄,BẠC,Nhạt,"dilute, thin, weak (tea), pampas grass",N2,ハス,うす、うすい、うすめる、うすまる、うすらぐ、うすれる,16,⺾,くさかんむり,grass,Cô giáo Thảo (艹) ra nước (氵) ngoài với 1 (ヽ) chuyên môn (専) nên nói chuyện rất nhạt (薄),7,博,簿
簿,BỘ,Sổ sách,"register, record book",N2,ボ,,19,竹,たけ,bamboo,Trúc (竹) ra nước (氵) ngoài với 1 (ヽ) chuyên môn (専) làm sổ sách (簿),3,薄,療
察,SÁT,Cánh sát,"guess, presume, surmise, judge, understand",N2,サツ,,14,⼧,うかんむり,"roof, house",Dưới mái nhà (宀) đang tổ chức lễ hội (祭) thì cảnh sát (察) ập vào,10,際,甘
甘,CAM,Ngọt,"sweet, coax, pamper, be content, sugary",N2,カン,あま、あまい、あまさ、あまえる、あまえ、あまやかす,5,⽢,あまい,sweet,Uống 1 (一) cốc (廿) nước cam ngọt (甘),7,察,紺
僚,LIÊU,Đồng nghiệp,"colleague, official, companion",N2,リョウ,,14,人,にんべん,"man, human",Người (亻) ở cùng ký túc xá (寮) cũng là đồng nghiệp (僚),3,療,寮
療,LIỆU,Trị liệu,"heal, cure",N2,リョウ,,17,⽧,やまいだれ,sickness,Trị liệu (療) bệnh (疒) ngay tại kí túc xá (寮),4,簿,僚
紺,CÁM,Xanh sẫm,"dark blue, navy",N2,コン,,11,糸,いと,silk,Sợi tơ (糸) nhúng vào cốc nước cam (甘) sẽ chuyển sang màu xanh sẫm (紺),4,甘,胸
際,TẾ,Quốc tế,"occasion, side, edge, verge, dangerous, adventurous, indecent, time, when",N2,サイ,きわ,14,⻖,こざとへん,"hill, mound",Đưa Bồ (阝) đi lễ hội (祭) quốc tế (際),10,滝,察
脳,NÃO,Não bộ,"brain, memory",N2,ノウ,のうずる,11,,にくづき,"meat, flesh",Nguyệt (月) có 3 (ツ) điều hung ác (凶) trong não (脳),4,胸,券
券,KHOÁN,Chứng khoán,ticket,N2,ケン,,8,⼑,かたな,"knife, sword","2 ngọn lửa (火) cháy làm lao đao (刀) cả sở chứng khoán (券),",4,脳,巻
胸,HUNG,Ngực,"bosom, breast, chest, heart, feelings",N2,キョウ,むね、むな,10,,にくづき,"meat, flesh",Nguyệt (月) có bao (勹) điều hung ác (凶) trong ngực (胸),6,紺,脳
皆,GIAI,Mọi người,"all, everything",N2,カイ,みな,9,⽩,しろ,white,Tỉ (比) trắng (白) nhất trong tất cả mọi người (皆),4,巻,混
協,HIỆP,Hiệp lực,"co-, cooperation",N2,キョウ,,8,⼗,じゅう,ten,Hiệp lực (協) của 10 (十) + 3 anh lực (力力力),7,栃,戻
筋,CÂN,Cơ bắp,"muscle, sinew, tendon, fiber, plot, plan, descent",N2,キン,すじ,12,⺮,たけかんむり,bamboo,Trong rừng trúc (竹) Nguyệt (月) luyện tập thể lực (力) cơ bắp (筋),7,混,励
巻,QUYỂN,Quyển sách,"scroll, volume, book, part, roll up, wind up, tie, coil, counter for texts (or book scrolls)",N2,カン,ま、まく、まき,9,⼰,おのれ,self,2 ngọn lửa (火) đốt cháy 2 (己) quyển sách (巻),8,券,皆
励,LỆ,Khích lệ,"encourage, be diligent, inspire",N2,レイ,"はげ.む, はげ.ます",7,力,がんだれ,"power, force",Dưới sườn núi (厂) có vạn (万) lực (力) khích lệ (励),4,筋,栃
混,HỖN,Hỗn loạn,"mix, blend, confuse",N2,コン,ま、まじる、まじり、まざる、まぜる,11,⺡,さんずい,water,Nước (氵) làm côn trùng (昆) bay hỗn loạn (混),8,皆,筋
戻,LỆ,Quay lại,"re-, return, revert, resume, restore, go backwards",N2,レイ,もど、もどす、もどる,7,,とだれ,door,Cánh cửa (戸) mở to (大) chào đón em quay lại (戻),5,協,営
営,DOANH,Kinh doanh,"camp, perform, build, conduct (business)",N2,エイ,いとな、いとなむ、いとなみ,12,⺍,つ,Katakana Tsu,Dùng 3 (''') khăn trùm (冖) lên bồn tắm (呂) để chuẩn bị tung ra kinh doanh (営),7,戻,援
援,VIỆN,Viện trợ,"abet, help, save",N2,エン,,12,手,てへん,hand,Tay (扌) mang cá viên (爰) chiên đi viện trợ (援)/,8,営,媛
栃,DẺ,Hạt dẻ,"horse chestnut, (kokuji)",N2,,とち,9,木,き,tree,Cây (木) dưới sườn núi (厂) ra cả vạn (万) hạt dẻ (栃),1,励,協
肌,CƠ,Da,"texture, skin, body, grain",N2,キ,はだ,6,,にくづき,"meat, flesh",Nguyệt (月) ngồi trên ghế (几) hở da (肌) thịt,3,媛,処
航,HÀNG,Hàng không,"navigate, sail, cruise, fly",N2,コウ,,10,,ふねへん,"ship, boat",Lên thuyền (舟) đầu (亠) tiên ngồi ghế (几) hàng (航) đầu,4,冗,恐
恐,KHỦNG,Khủng hoảng,"fear, dread, awe",N2,キョウ,おそれる、おそる、おそろしい、おそ,10,⼼,こころ,"heart, mind, spirit",Công (工) lực phi phàm (凡) khiến trái tim (心) khủng hoảng (恐),6,航,状
媛,VIỆN,Bà hoàng,"beautiful woman, princess",N2,エン,ひめ,12,女,おんな,"woman, female",Người phụ nữ (女) đang ăn cá viên (爰) chiên là bà hoàng (媛),1,援,肌
状,TRẠNG,Trạng thái,"status quo, conditions, circumstances, form, appearance",N2,ジョウ,,7,⽝,いぬ,dog,Đứng cạnh tường (丬) con chó (犬) có trạng thái (状) lạ,7,恐,牧
処,XỬ,Xử lý,"dispose, manage, deal with, sentence, condemn, act, behave, place",N2,ショ,"ところ, -こ, お.る",5,⼏,きにょう,table,Phía sau (夂) cầm theo ghế (几) ra xử lý (処),9,肌,冗
革,CÁCH,Cải cách,"leather, skin, reform, become serious",N2,カク,かわ,9,⾰,つくりがわ,leather,Cô giáo Thảo (艹) có 1 (一) cái miệng (口) mà 10 (十)anh đòi hôn thì hết cách (革),5,牧,加
床,SÀNG,Sàn nhà,"bed, counter for beds, floor, padding, tatami",N2,ショウ,とこ、ゆか,7,⼴,まだれ,slanting roof,Dưới mái hiên (广) làm bằng gỗ (木) là sàn nhà (床),6,加,替
加,GIA,Gia tăng,"add, addition, increase, join, include, Canada",N2,カ,くわ、くわえる、くわわる,5,⼒,ちから,power,Lực (力) từ miệng (口) cần gia tăng (加),16,革,床
牧,MỤC,Mục sư,"breed, care for, shepherd, feed, pasture",N2,ボク,まき,8,,うしへん,cow,Mục sư (牧) bảo vệ con bò (牛) bị đánh (攵),3,状,革
冗,NHŨNG,Đùa cợt,"superfluous, uselessness",N2,ジョウ,,4,⼍,わかんむり,"cover, crown",Trùm khăn (冖) cầm ghế (几) đùa nhau (冗),2,処,航
替,THẾ,Thay thế,"exchange, spare, substitute, per-",N2,タイ,か、かわる、かえる,12,⽇,ひ,"sun, day, time",Có 2 ông chồng (夫) trong ngày (日) để thay thế (替),13,床,因
因,NHÂN,Nguyên nhân,"cause, factor, be associated with, depend on, be limited to",N2,イン,よる、よ,6,⼞,くにがまえ,"border, territorial boundaries",Vây quanh (口) Bao Đại (大) Nhân (因),4,替,帽
帽,MẠO,Mũ,"cap, headgear",N2,ボウ,"ずきん, おお.う",12,,はばへん,cloth,Mùa đông không mũ (帽) không khăn (巾) là mạo hiểm (冒),4,因,致
握,ÁC,"Cầm, nắm","grip, hold, mould sushi, bribe",N2,アク,にぎ.る,12,手,てへん,hand,Tay (扌) ngoáy ốc (屋) rất ác (握),6,到,侵
致,TRÍ,Nhất trí,"doth, do, send, forward, cause, exert, incur, engage",N2,チ,いた.す,10,至,いたる,arrive,Chí (至) Phèo bị đánh (夂) nên phải nhất trí (致),8,帽,到
到,ĐÁO,Đến nơi,"arrival, proceed, reach, attain, result in",N2,トウ,いた、いたる,8,⺉,りっとう,"knife, sword",Chí (至) Phèo vác đao (刂) đến nơi (到),7,致,握
侵,XÂM,Xâm nhập,"encroach, invade, raid, trespass, violate",N2,シン,おか.す,9,人,にんべん,"man, human",Người (亻) nhà cô Tấm (夛) bị xâm nhập (侵),4,握,害
割,CÁT,Vỡ,"proportion, comparatively, divide, cut, separate, split",N2,カツ,わ、わる、わり、われる、さ、さく,12,⺉,りっとう,"knife, sword",Tác hại (害) của đao (刂) là làm vỡ (割),15,害,善
述,THUẬT,Trần thuật,"mention, state, speak, relate",N2,ジュツ,の、のべる,8,⻌,しんにょう,"road, walk, to advance",Hô (ホ) 1 (丶) tiếng rồi đi xa (辶) để trần thuật (述),6,善,訓
害,HẠI,Tổn hại,"harm, injury",N2,ガイ,,10,⼧,うかんむり,"roof, house",Dưới mái nhà (宀) ông vua lòi đầu (主) miệng (口) chỉ ăn hại (害),13,侵,割
善,THIỆN,Cải thiện,"virtuous, good, goodness",N2,ゼン,よ、よい,12,⼝,くち,mouth,Con dê (羊) ăn cỏ (䒑) bằng miệng (口) để cải thiện (善) bữa,8,割,述
訓,HUẤN,Huấn luyện,"instruction, Japanese character reading, explanation, read",N2,クン,"おし.える, よ.む, くん.ずる",10,,ごんべん,"words, to speak, say",Nói (言) ở sông (川) là huấn luyện (訓),5,述,頼
刺,THÍCH,"Đâm, chích","thorn, pierce, stab, prick, sting, calling card",N2,シ,さ、さす、ささる、さし,8,⺉,りっとう,"knife, sword",Thúc (束) đao (刂) vào người là đâm (刺),5,瀬,策
瀬,LẠI,Nông cạn,"rapids, current, torrent, shallows, shoal",N2,ライ,せ,19,水,さんずい,water,Nước (氵) lại (頼) bị nông cạn (瀬),3,頼,刺
頼,LẠI,Ỷ lại,"trust, request",N2,ライ,たの、たのむ、たのもしい、たよ、たよる,16,⾴,おおがい,"head, page",Sư thúc (束) có tiền giấy (頁) nên rất ỷ lại (頼),8,訓,瀬
井,TỈNH,Cái giếng,"well, well crib, town, community",N2,"セイ, ショウ",い,4,二,に,two,Giống hình miệng giếng,2,脈,囲
策,SÁCH,Kế sách,"scheme, plan, policy, step, means",N2,サク,,12,⺮,たけかんむり,bamboo,Kế sách (策) của trúc (竹) được sư thúc (束) ủng hộ,5,刺,脈
脈,MẠCH,Mạch máu,"vein, pulse, hope",N2,ミャク,すじ,10,,にくづき,"meat, flesh",Nguyệt (月) giúp 3 người (辰) bắt mạch (脈),2,策,井
跡,TÍCH,Dấu tích,"tracks, mark, print, impression",N2,セキ,あと,13,⻊,あしへん,"foot, leg",Chân (足) Lưu Diệc Phi (亦) có dấu tích (跡),4,丼,湾
依,Y,Ỷ lại,"reliant, depend on, consequently, therefore, due to",N2,イ、エ,よ.る,8,⺅,にんべん,person ,Ỷ lại (依) cho người (亻) vợ giặt y phục (衣),8,湾,崩
囲,VI,Chu vi,"surround, besiege, store, paling, enclosure, encircle, preserve, keep",N2,イ,かこ、かこむ、かこう、かこい,7,⼞,くにがまえ,"border, territorial boundaries",Vây quanh (口) giếng (井) để đo chu vi (囲),6,井,丼
湾,LOAN,Vịnh,"gulf, bay, inlet",N2,ワン,いりえ,12,⺡,さんずい,water,Đất nước (氵) của Lưu Diệc Phi (亦) từ trong cung (弓) nhìn ra vịnh (湾),3,跡,依
崩,BĂNG,Phá hủy,"crumble, die, demolish, level",N2,ホウ,"くず.れる, -くず.れ, くず.す",11,山,やま,mountain,Núi (山) băng mất 2 tháng (朋) để phá hủy (崩),4,依,沢
群,QUẦN,Quần đảo,"flock, group, crowd, herd, swarm, cluster",N2,グン,む、むら、むれる、むれ、むらがる,13,⺷,ひつじ,sheep,Em (君) nuôi dê (羊) ở quần đảo (群),6,岡,厳
沢,TRẠCH,Đầm lầy,"swamp, marsh, brilliance, grace",N2,タク,さわ,7,⺡,さんずい,water,Nước (氵) bị xích (尺) lại ở đầm lầy (沢),3,崩,岡
丼,ĐẢM,Cái bát,"bowl, bowl of food",N2,"トン, タン, ショウ, セイ",どんぶり,5,丶,てん,dot,Dưới giếng (井) có 1 (丶) cái bát (丼) bị rơi xuống,2,囲,跡
岡,CƯƠNG,Sườn núi,"mount, hill, knoll",N2,コウ,おか,8,山,けいがまえ,mountain,Ở biên giới (冂) cỏ (䒑) mọc trên núi (山) đều có kim cương (岡),2,沢,群
厳,NGHIÊM,Trang nghiêm,"stern, strictness, severity, rigidity",N2,ゲン、ゴン,おごそか、きびしい、おごそ、きび,17,⺍,つ,Katakana Tsu,3 (''') chiến sỹ ở sườn núi (厂) chiến đấu rất dũng cảm (敢) trang nghiêm (厳),5,群,極
極,CỰC,Cực kỳ,"poles, settlement, conclusion, end, highest rank, electric poles, very, extremely, most, highly, 10**48",N2,キョク、ゴク,きわ、きわめる、きわまる、きわまり、きわみ,13,,きへん,"tree, wood",Thối (朽) mồm (口) lại là 1 (一) thứ cực kỳ (極) sợ,10,厳,与
汚,Ô,Ô nhiễm,"dirty, pollute, disgrace, rape, defile",N2,オ,けが、よご、きたな、けがす、けがれる、けがらわしい、よごす、よごれる、きたない,6,⺡,さんずい,water,Nước (氵) để 15 (一ち) năm thì bị ô nhiễm (汚),7,与,互
与,DỮ,Ban cho,"bestow, participate in, give, award, impart, provide, cause, gift, godsend",N2,ヨ,あた、あたえる,3,⼀,いち,"one, horizontal stroke",Ban cho (与) biển số 51 (ち一),4,極,汚
互,HỖ,Hỗ trợ,"mutually, reciprocally, together",N2,ゴ,たが、たがい,4,⼆,に,two,Giống số 69,5,汚,宛
糖,ĐƯỜNG,Chất đường,sugar,N2,トウ,,16,,こめへん,rice,Gạo (米) Nhà Đường (唐) ngọt như đường (糖),1,康,壁
康,KHANG,An khang,"ease, peace",N2,コウ,,11,⼴,まだれ,slanting roof,Dưới mái hiên (广) chúc Em Thủy (隶) năm mới an khang (康),5,挙,糖
宛,UYÊN,Địa chỉ,"address, just like, fortunately",N2,エン,"あ.てる, -あて, -づつ, あたか.も",8,宀,うかんむり,roof,Tìm địa chỉ (宛) nhà (宀) Uyên để ta (タ) mua C (已),3,互,腕
将,TƯƠNG,Tương lai,"leader, commander, general, admiral, or, and again, soon, from now on, just about",N2,ショウ,"まさ.に, はた, まさ, ひきい.る, もって",10,⼨,すん,"inch, (2.25 cm)",Tương lai (将) đứng cạnh tường (丬) cắn móng tay (爪) trông rất thốn (寸),3,燥,脚
挙,CỬ,Tuyển cử,"raise, plan, project, behavior, actions",N2,キョ,あ、あげる、あがる,10,⼿,て,hand,3 người 18 tuổi (光) giơ tay (手) tham gia tuyển cử (挙),5,腕,康
燥,TÁO,Khô ráo,"parch, dry up",N2,ソウ,はしゃ.ぐ,17,,ひへん,fire,Hơ qua lửa (火) sản phẩm (品) từ cây (木) đã khô ráo (燥),4,壁,将
泥,NÊ,Bùn,"mud, mire, adhere to, be attached to",N2,デイ,どろ,8,⺡,さんずい,water,Nước (氵) làm ni cô (尼) ngã vào vũng bùn (泥),3,昇,展
壁,BÍCH,Bức tường,"wall, lining (stomach), fence",N2,ヘキ,かべ,16,土,つち,earth,Tích (辟) đất (土) xây tường (壁),4,糖,燥
腕,OẢN,Cảnh tay,"arm, ability, talent",N2,ワン,うで,12,,にくづき,"meat, flesh",Nguyệt (月) ghi địa chỉ (宛) lên cánh tay (腕),5,宛,挙
脚,CƯỚC,Cú đá,"skids, leg, undercarriage, lower part, base",N2,"キャク, キャ, カク",あし,11,肉,つき,meat,Nguyệt (月) khước từ (却) bằng 1 cú đá (脚),2,将,昇
昇,THĂNG,Thăng chức,rise up,N2,ショウ,のぼ、のぼる,8,⽇,ひ,"sun, day, time",Ngày (日) lên (升) lương là thăng chức (昇),5,脚,泥
態,THÁI,Thái độ,"attitude, condition, figure, appearance, voice (of verbs)",N2,タイ,わざ.と,14,⼼,こころ,"heart, mind, spirit",Năng lực (能) của trái tim (心) là điều khiển được thái độ (態),5,肩,誤
賢,HIỀN,Thông minh,"intelligent, wise, wisdom, cleverness",N2,ケン,かしこ、かしこい,16,⾙,かい,"shell, property, wealth",Đại thần (臣) lại (又) nhặt được bảo bối (貝) thật thông minh (賢),5,誤,堅
展,TRIỂN,Triển lãm,"unfold, expand",N2,テン,,10,⼫,しかばね,"corpse, awning",Xác chết (尸) ở hàng rào (井) treo y phục (衣) triển lãm (展),6,泥,肩
誤,NGỘ,Giác ngộ,"mistake, err, do wrong, mislead",N2,ゴ,あやま、あやまる、あやまり,14,,ごんべん,"words, to speak, say",Vừa nói chuyện (言) vừa ăn ngô (呉) thì sẽ giác ngộ (誤),5,態,賢
肩,KIÊN,Cái vai,shoulder,N2,ケン,かた,8,,にくづき,"meat, flesh",Ra cửa (戸) Nguyệt (月) bóp vai (肩) cho,10,展,態
緊,KHẨN,Khẩn trương,"tense, solid, hard, reliable, tight",N2,キン,"し.める, し.まる",15,⽷,いと,thread,Đại thần (臣) quay lại (又) dệt tơ (糸) khẩn trương (緊),3,堅,狭
吐,THỔ,Thổ ra,"spit, vomit, belch, confess, tell (lies)",N2,ト,"は.く, つ.く",6,口,くち,"mouth, opening",Thổ ra (吐) từ miệng (口) rơi xuống đất (土),4,狭,圧
堅,KIÊN,Kiên cố,"strict, hard, solid, tough, tight, reliable",N2,ケン,かた、かたい、かたさ,12,⼟,つち,earth,Đại thần (臣) đi lại (又) trên vùng đất (土) kiên cố (堅),3,賢,緊
我,NGÃ,Bản ngã,"ego, I, selfish, our, oneself",N2,ガ,われ、わ,7,⼽,ほこ,"spear, weapon",Tay (手) đẩy qua (戈) là ngã (我),8,舞,境
境,CẢNH,Cảnh giới,"boundary, border, region",N2,キョウ、ケイ,さかい,14,,つちへん,earth,Trên mặt đất (土) âm (音) thầm chân chạy (儿) đi cảnh giới (境),3,我,鏡
値,TRỊ,Giá trị,"price, cost, value",N2,チ,ね、あたい,10,⺅,にんべん,person ,Người (亻) trực tiếp (直) tạo ra giá trị (値),8,咲,舞
咲,TIẾU,Nở hoa,"blossom, bloom",N2,ショウ,さ、さく,9,,くちへん,mouth,Miệng (口) quan (关) cười như nở hoa (咲),1,粧,値
狭,HIỆP,Hẹp,"cramped, narrow, contract, tight",N2,キョウ,せま、せまい、せば、せばめる、せばまる,9,⺨,けものへん,beast,Con chó (犭) chui vào chỗ hẹp (来) => (狭),5,緊,吐
刑,HÌNH,Hình phạt,"punish, penalty, sentence, punishment",N2,ケイ,,6,刀,りっとう,"knife, sword",Chắp 1 tay (开) cầm đao (刂) đưa ra hình phạt (刑),3,看,瓶
瓶,BÌNH,Cái bình,"bottle, vial, jar, jug, vat, urn",N2,ビン,かめ,11,⽡,かわら,tile,Yêu tinh (并) dùng ngói (瓦) xếp thành cái bình (瓶),3,刑,勇
両,LƯỠNG,Cả hai,"both, old Japanese coin, counter for carriages (e.g., in a train), two",N2,リョウ,"てる, ふたつ",6,⼀,いち,"one, horizontal stroke",Cả hai (両) đều 1 (一) mình đi qua biên giới (冂) đến ngọn núi (山),8,勇,違
衛,VỆ,Vệ tinh,"defense, protection",N2,エイ,,16,⾏,ぎょうがまえ,to go,Đi (行) vi (韋) hành đến các vệ tinh (衛),6,偉,充
舞,VŨ,Khiêu vũ,"dance, flit, circle, wheel",N2,ブ,ま、まう、まい,15,⾇,まいあし,"contrary, to err",Có người nằm (𠂉) trên hàng rào bị hen suyễn (舛) nhưng vẫn khiêu vũ (舞),8,値,我
融,DUNG,Dung môi,"dissolve, melt",N2,ユウ,"と.ける, と.かす",16,虫,れき,insect,10 (ō) năm 4 (内) Tháng (Ｔ) côn trùng (虫) tan chảy thành dung môi (融),8,統,契
喫,KHIẾT,Ăn uống,"consume, eat, drink, smoke, receive (a blow)",N2,キツ,の.む,12,,くちへん,mouth,Miệng (口) vừa bàn khế ước (契) vừa ăn uống (喫),8,契,潔
契,KHẾ,Khế ước,"pledge, promise, vow",N2,ケイ,ちぎ.る,9,大,かたな,"big, very",Ông vua lòi đầu (主) cầm đao (刀) to (大) làm khế ước (契),6,融,喫
捜,SƯU,Sưu tầm,"search, look for, locate",N2,ソウ,さが、さがす,10,⺘,てへん,hand,Tay (扌) thu thập những thứ thân (申) thuộc lại (又) để sưu tầm (捜),6,承,渡
劇,KỊCH,Diễn kịch,"drama, play",N2,ゲキ,,15,⺉,りっとう,"knife, sword",Hổ (虍) và lợn (豕) cầm đao (刂) diễn kịch (劇),5,越,叫
換,HOÁN,Hoán đổi,"interchange, period, change, convert, replace, renew",N2,カン,かえる、かわる、か,12,⺘,てへん,hand,Tay (扌) bị móc (ク) tứ (四) đại (大) mỹ nhân hoán đổi (換),14,勢,拒
得,ĐẮC,Đắc ý,"gain, get, find, earn, acquire, can, may, able to, profit, advantage, benefit",N2,トク,える、うる、え、う,11,⼻,ぎょうにんべん,"step, stride, street, to go",2 người đứng (彳) vào dịp Tết Nguyên Đán (旦) không thấy thốn (寸) mà còn đắc ý (得),19,尊,勢
覧,LÃM,Triển lãm,"perusal, see",N2,ラン,み.る,17,⾒,みる,to see,Đại thần (臣) nằm (𠂉) 1 (一) mình xem (見) triển lãm (覧),5,距,蔵
蔵,TÀNG,Tàng trữ,"storehouse, hide, own, have, possess",N2,ゾウ,くら,15,⺾,くさかんむり,grass,Cỏ mọc um tùm (茂) là nơi đại thần (臣) tàng trữ (蔵) đồ,4,覧,臓
張,TRƯƠNG,Căng,"counter for bows & stringed instruments, stretch, spread, put up (tent)",N2,チョウ,はる、はり、は,11,,ゆみへん,bow（in archery）,Cung (弓) dài (長) được kéo căng (張),24,噴,帳
距,CỰ,Cự ly,"long-distance, spur, fetlock",N2,キョ,"へだ.たる, けづめ",12,足,あし,foot,Chân (足) to (巨) chạy được cự ly (距) lớn,2,拒,覧
殿,ĐIỆN,Cung điện,"Mr., hall, mansion, palace, temple, lord",N2,デン、テン,との,13,⽎,るまた,"lance shaft, action",Xác chết (尸) nơi công cộng (共) bị kẻ thù (殳) mang vào cung điện (殿),3,般,撃
需,NHU,Nhu cầu,"demand, request, need",N2,ジュ,,14,雨,あめ,rain,Nhu cầu ( 需) tắm mưa (雨) của thiếu nhi (而),4,批,端
仁,NHÂN,Nhân nghĩa,"humanity, virtue, benevolence, charity, man, kernel",N1,ジン、ニン,,4,⺅,にんべん,person ,Giữa hai  (二)  con người (亻) với nhau luôn phải có lòng nhân đạo và nhân nghĩa (仁),0,離,曰
離,LI,Cách ly,"detach, separation, disjoin, digress",N2,リ,はなれる、はなす、はな,18,⾫,ふるとり,small bird,Chiếc li (高) chim (隹) uống cần cách ly (離),7,災,仁
曰,VIẾT,Nói rằng,"humanity, virtue, benevolence, charity, man, kernel",N1,エツ,"いわ.く, のたま.う, のたま.わく, ここに",4,日,いち,"sun, day",Ngậm 1 (ー) cây VIẾT (曰) vào miệng (口),0,仁,峠
洒,SÁI,Vẩy nước,"wash, sprinkle",N1,"シャ, ソン, サイ, セン, セイ","すす.ぐ, あら.う",9,水,さんずい,water,Em THUỶ (氵) đi TÂY (西) về ăn mặc rất SÁI LẠC お洒落 (おしゃれ) - Sành điệu,1,峠,酉
汽,KHÍ,Hơi nước,"vapor, steam",N1,キ,,7,⺡,さんずい,water,Nước (氵) chuyển sang thể khí (气) gọi là hơi nước (汽),2,幌,佐
拓,THÁC,Khai thác,"clear (the land), open, break up (land)",N1,タク,ひら.く,8,手,てへん,hand,Tay (扌) đập đá (石) để khai thác (拓),1,佐,妬
麺,MIẾN,Mì sợi,"noodles, wheat flour",N1,"メン, ベン",むぎこ,16,麥,むぎ,wheat,Lúa mạch (麦) được ép 2 mặt (面) thành mì sợi (麺),0,妬,矢
叱,SẤT,La mắng,"scold, reprove",N1,"シツ, シチ, カ",しか.る,5,口,くち,"mouth, opening",Miệng (口) sếp cả tuần 7 (七) ngày đều la mắng (叱) nhân viên,1,酉,幌
吟,NGÂM,Ngâm thơ,"versify, singing, recital",N1,ギン,,7,口,くち,"mouth, opening",Miệng (口) bây giờ (今) đang ngâm thơ (吟),1,牡,頷
嶺,LĨNH,Đỉnh núi,"peak, summit",N1,"レイ, リョウ",みね,17,山,やま,mountain,Tướng quân đứng trên đỉnh núi (嶺) núi (山) lãnh đạo (領) quân đội,0,鯰,零
零,LINH,Số 0,"zero, spill, overflow, nothing, cipher",N1,レイ,"ぜろ, こぼ.す, こぼ.れる",13,⻗,あめかんむり,rain,Cầu mưa (雨) bằng lệnh (令) bài mà mãi 0 linh (零),2,嶺,鈴
継,KẾ,Thừa kế,"inherit, succeed, continue, patch, graft (tree)",N1,ケイ,"つ.ぐ, まま-",13,糸,いと,silk,Thừa kế ( 継) cửa hàng tơ (糸) và gạo (米) rất Lớn (L),6,襖,噛
粥,CHÚC,Cháo,rice gruel,N1,"イク, シュク, ジュク","かゆ, かい, ひさ.ぐ",12,米,ゆみ,rice,Dùng 2 cây cung (弓) ép nước gạo (米) nấu cháo (粥),0,籾,榊
籾,GẠO,Thóc,"unhulled rice, (kokuji)",N1,,もみ,9,米,こめ,rice,Gạo (米) vẫn nằm trong lớp vỏ sắc nhọn (刃) gọi là thóc (籾),0,噛,粥
褒,BAO,Khen ngợi,"praise, extol",N1,ホウ,ほ.める,15,衣,ころも,clothes,Khen ngợi (褒) nhân viên bảo vệ (保) mặc y phục (衣) quá đẹp !,2,呆,染
障,CHƯỚNG,Chướng ngại,"hinder, hurt, harm",N1,ショウ,さわ、さわる,14,⻖,こざとへん,"hill, mound",Em Bồ (阝) bụng chương (章) gây chướng ngại (障),9,臆,彰
拉,LẠP,Lôi kéo,"Latin, kidnap, crush",N1,"ラツ, ラ, ロウ","らっ.する, ひし.ぐ, くだ.く",8,手,てへん,hand,Tay (扌) không đứng (立) yên mà còn lôi kéo (拉),0,詠,笠
筈,QUÁT,Chắc chắn,"notch of an arrow, ought, must, should be, expected",N1,カツ,"はず, やはず",12,竹,たけ,bamboo,Chắc chắn (筈) Trúc (竹) đã uốn lưỡi (舌) trước khi nói,0,括,搾
閑,NHÀN,Nhàn rỗi,leisure,N1,カン,,12,門,もんがまえ,gate,Nhàn rỗi (閑) nên ra cổng (門) trồng cây (木),0,詐,閃
詐,TRÁ,Dối trá,"lie, falsehood, deceive, pretend",N1,サ,いつわ.る,12,言,げん,speech,Lời nói (言) bị Ép (乍) là dối trá (詐),1,搾,閑
欄,LAN,Lan can,"column, handrail, blank, space",N1,ラン,てすり,20,木,き,tree,Chặt cây (木) ở cổng (門) phía đông (束) để làm lan can (欄),1,潤,蘭
及,CẬP,Phổ cập,"reach out, exert, exercise, cause",N1,キュウ,"およ.ぶ, およ.び, および, およ.ぼす",3,又,の,right hand,Hiện nay người (人) đi bar (3) khá phổ cập (及),6,爛,扱
妃,PHI,Phi tần,"queen, princess",N1,ヒ,きさき,6,女,おんな,"woman, female",Người phụ nữ (女) thứ 2 (己) của vua được gọi là phi tần (妃),0,忌,肢
肢,CHI,Tay chân,"limb, arms & legs",N1,シ,,8,肉,つき,meat,"Nguyệt (月) mở chi nhánh (支) làm móng tay, móng chân (肢)",0,妃,伎
搭,ĐÁP,Đáp lên,"board, load (a vehicle), ride",N1,トウ,,12,手,てへん,hand,Tay (扌) cầm cỏ (艹) thích hợp (合) đáp lên (搭) máy bay,0,霜,塔
畔,BẠN,Bờ ruộng,"paddy ridge, levee",N1,ハン,"あぜ, くろ, ほとり",10,田,た,field,Ruộng (田) bán nửa (半) cho bạn làm bờ (畔),0,伴,絆
鹸,KIỀM,Xà phòng,saltiness,N1,"ケン, カン, セン",あ.く,19,鹵,しお,salt,Xà phòng kiềm (鹸) phải dùng cả chai (鹵) mới giặt sạch áo yếm,1,剣,婆
志,CHÍ,Ý chí,"intention, plan, resolve, aspire, motive, hopes, shilling",N1,シ,こころざ、こころざす、こころざし,7,⼼,こころ,"heart, mind, spirit",Binh sĩ (士) trong tâm (心) có ý chí (志) mạnh mẽ,3,披,苺
芯,TÂM,Cái lõi,wick,N1,シン,,7,艸,くさかんむり,grass,Cỏ (艹) có tâm (心) là cái lõi (芯),0,繁,秘
妨,PHƯƠNG,Phương hại,"disturb, prevent, hamper, obstruct",N1,ボウ,さまた.げる,7,女,おんな,"woman, female",Phụ nữ (女) đi khắp bốn phương (方) gây phương hại (妨),3,芳,紡
密,MẬT,Bí mật,"secrecy, density (pop), minuteness, carefulness",N1,ミツ,ひそ.か,11,⼧,うかんむり,"roof, house",Nhà (宀) tất yếu (必) xây trên núi (山) là có chứa bí mật (密),7,泌,蜜
房,PHÒNG,Căn phòng,"tassel, tuft, fringe, bunch, lock (hair), segment (orange), house, room",N1,ボウ,ふさ,8,戶,と,"door, house",Căn phòng (房) có cửa (戸) mở ra khắp bốn phương (方),4,紡,倣
謗,BÁNG,Phỉ báng,"slander, disparage, censure, criticize",N1,"ボウ, ホウ",そし.る,17,言,げん,speech,Nói (言) mà đứng (立) trùm khăn thì bốn phương (方) đều phỉ báng (謗),0,傍,傲
頒,BAN/PHÂN,Ban bố,"distribute, disseminate, partition, understand",N1,ハン,"わ.かつ, わ.ける",13,頁,おおがい,leaf,Phân chia (分) giấy (頁) tờ để ban bố (頒) tin tức,0,盆,寡
郎,LANG,Con trai,"son, counter for sons",N1,"ロウ, リョウ",おとこ,9,邑,むら,town (阝 right),Con trai (郎) tốt (良) nhất với Bồ (阝),0,狼,朗
翔,TƯỜNG,Bay vút lên,"soar, fly",N1,ショウ,"かけ.る, と.ぶ",12,羽,ひつじ,feather,Dê (羊) xòe lông (羽) tung cánh bay vút lên (翔),0,祥,姜
釜,PHỦ,Cái nồi,"kettle, cauldron, iron pot",N1,フ,かま,10,金,ちち,"metal, gold",Bố (父) giấu vàng (金) trong cái nồi (釜),0,魂,斧
鮫,GIAO,Cá mập,shark,N1,コウ,"さめ, みずち",17,魚,うお,fish,Cá (魚) thích đi giao lưu (交) là cá mập (鮫),0,絞,咬
腺,TUYẾN,Các tuyến cơ thể,"gland, (kokuji)",N1,セン,,13,肉,つき,meat,Nguyệt (月) tắm dưới suối (泉) để lộ tuyến cơ thể (腺) đẹp tuyệt trần!,0,憂,請
請,THỈNH,Thỉnh cầu,"solicit, invite, ask",N1,"セイ, シン, ショウ","こ.う, う.ける",15,言,げん,speech,Lời nói (言) của thanh (青) niên là lời thỉnh cầu (請),5,腺,靖
錆,THƯƠNG,Rỉ sét,"rust, tarnish",N1,"ショウ, セイ","さび, くわ.しい",16,金,かね,"metal, gold",Vàng (金) đã chuyển thành màu xanh (青) do rỉ sét (錆),1,靖,鯖
宰,TỂ,Tể tướng,"superintend, manager, rule",N1,サイ,,10,宀,うかんむり,roof,Dưới mái (宀) triều đình chịu nhiều cay (辛) đắng là tể tướng (宰),0,萌,執
尚,THƯỢNG,Hòa thượng,"esteem, furthermore, still, yet",N1,ショウ,なお,8,小,しょう,"small, insignificant",Chú tiểu (小) ở biên giới (冂) miệng (口) tụng kinh theo hòa thượng (尚),1,窟,償
樋,THÔNG,Ống nước mưa,"water pipe, gutter, downspout, conduit",N1,トウ,"ひ, とい",14,木,き,tree,Dùng cây (木) để thông (通) ống nước mưa (樋),0,嘗,桶
摯,CHÍ,Mạnh mẽ,"gift, seriousness",N1,シ,"いた.る, つか.む, にえ",15,手,て,hand,Chấp (執) 1 tay (手) là người mạnh mẽ (摯),0,執,拙
墜,TRUY,Rơi xuống,"crash, fall (down)",N1,ツイ,"お.ちる, お.つ",15,土,つち,earth,Quân đội (隊) từ mặt đất (土) bị bắn rơi xuống (墜) khu vực,0,遂,豪
鍵,KIỆN,Chìa khóa,key,N1,ケン,かぎ,17,金,かね,"metal, gold",Chìa khóa (鍵) vàng (金) do kiến trúc (建) sư tạo ra,1,蒙,吉
舎,XÁ,Phố xá,"cottage, inn, hut, house, mansion",N1,シャ,やど.る,8,𠆢,ひとやね,person ,Ở phố xá (舎) người (人) có nhà đất ( 土) thì miệng (ロ) luôn nói cười,1,吉,只
克,KHẮC,Khắc phục,"overcome, kindly, skillfully",N1,コク,か.つ,7,儿,じゅう,legs,10 (十) điểm cho anh trai (兄) vì khắc phục (克) được mọi việc,2,只,呪
悦,DUYỆT,Mãn nguyện,"ecstasy, joy, rapture",N1,エツ,"よろこ.ぶ, よろこ.ばす",10,心,りっしんべん,heart,Trái tim (忄) mua được tivi (兌) rất mãn nguyện (悦),0,悼,閲
瞳,ĐỒNG,Đồng tử,pupil (of eye),N1,"ドウ, トウ",ひとみ,17,目,あみがしら,eye,Mắt (目) nhi đồng (童) có đồng tử (瞳) rất to,1,糧,鐘
箸,TRỨ,Đôi đũa,chopsticks,N1,"チョ, チャク",はし,15,竹,たけ,bamboo,Đũa (箸) trúc (竹) tác giả (者) dùng ăn cơm,1,躇,賭
儲,TRỮ,Tích trữ,"be profitable, yield profit",N1,チョ,"もう.ける, もう.かる, もうけ, たくわ.える",17,人,にんべん,"man, human",Người (亻) chư hầu (諸) tích trữ (儲) tài sản,2,諸,玩
冠,QUÁN,Quán quân,"crown, best, peerless",N1,カン,かんむり,9,冖,わかんむり,cover,Quán quân (冠) trùm (冖) nguyên (元) cái vương miện cảm giác hơi thốn (寸),0,玩,姑
湖,HỒ,Hồ nước,lake,N1,コ,みずうみ,12,⺡,さんずい,water,Nước (氵) + hồ (胡) = Hồ nước (湖),1,胡,糊
糊,HỒ,Hồ dán,"paste, glue, sizing",N1,"コ, ゴ, コツ",のり,15,米,こめ,rice,Dùng gạo (米) thay hồ (胡) dán (糊),0,湖,瑚
裾,CƯ,Vạt áo,"cuff, hem, foot of mountain",N1,"キョ, コ",すそ,13,衣,ころもへん,clothes,Y phục (衤) là nơi cư trú (居) của vạt áo (裾),0,据,粘
控,KHỐNG,Khống chế,"withdraw, draw in, hold back, refrain from, be moderate",N1,コウ,ひか、ひかえる、ひかえ,11,⺘,てへん,hand,Tay (扌) không (空) dễ dàng bị khống chế (控),2,項,腔
劣,LIỆT,Yếu kém,"inferiority, be inferior to, be worse",N1,レツ,おと.る,6,力,ちから,"power, force",Thiếu (少) lực (カ) bị liệt vào hàng yếu kém (劣),2,抄,賓
聡,THÔNG,Thông minh,"wise, fast learner",N1,ソウ,"さと.い, みみざと.い",14,耳,みみ,ear,Tai (耳) biết nghe công (公) tâm (心) là người thông minh (聡),0,訟,翁
翼,DỰC,Cánh chim,"wing, plane, flank",N1,ヨク,つばさ,17,羽,はね,feather,Lông (羽) dị dạng (異) vẫn tạo thành cánh (翼),1,恭,糞
智,TRÍ,Trí tuệ,"wisdom, intellect, reason",N1,チ,,12,日,ひ,"sun, day",Tri thức biết (知) tích lũy hàng ngày (日) sẽ trở thành trí tuệ (智),0,糞,痴
素,TỐ,Yếu tố,"elementary, principle, naked, uncovered",N1,ソ、ス,もと,10,⽷,いと,thread,Yếu tố (素) tạo nên ông vua lòi đầu (主) là phải có nhiều tơ (糸) lụa,12,索,累
螺,LOA,Con ốc,"small, edible, helical fresh-water mollusk",N1,ラ,"にし, にな",17,虫,むし,insect,Ốc (螺) bắt côn trùng (虫) làm thức ăn tích lũy (累),0,累,繋
繋,HỆ,Kết nối,"tie, fasten, chain, tether, connect",N1,ケイ,"つな.ぐ, かか.る, か.ける",17,糸,くるま,silk,Xe (車) của kẻ thù (殳) là hệ xe dùng tơ (糸) để kết nối (繋),0,螺,斤
逝,THỆ,Chết,"departed, die",N1,セイ,"ゆ.く, い.く",10,辵,しんにょう,walk,Chiết (折) cây đi xa (辶) sẽ chết (逝),0,哲,誓
誓,THỆ,Thề,"vow, swear, pledge",N1,セイ,ちか.う,14,言,げん,speech,Chiết (折) lời (言) hay ý đẹp để thề (誓),1,逝,匠
斥,XÍCH,Bài xích,"reject, retreat, recede, withdraw, repel, repulse",N1,セキ,しりぞ.ける,5,斤,おのづくり,axe,Cái rìu (斤) bị ông chủ (丶) bài xích (斥),0,析,訴
楼,LÂU,Lâu đài,"watchtower, lookout, high building",N1,ロウ,たかどの,13,木,き,tree,Cây (木) gạo (米) người phụ nữ (女) trồng cạnh lâu đài (楼),0,訴,昧
抹,MẠT,Mạt sát,"rub, paint, erase",N1,マツ,,8,手,てへん,hand,Tay (扌) mạt (末) sát (抹),0,魅,沫
魅,MỊ,Ma mị,"fascination, charm, bewitch",N1,ミ,,15,鬼,おに,"ghost, demon",Con quỷ (鬼) tuổi vị thành niên (未) rất ma mị (魅),1,昧,抹
臭,XÚ,Hôi thối,"stinking, ill-smelling, suspicious looking, odor, savor, fragrance, be fragrant, stink, glow, be bright",N1,シュウ,"くさ.い, -くさ.い, にお.う, にお.い",9,自,みずから,self,Ngời tự cao tự (自) đại (大) thường bốc mùi hôi thối (臭),4,憩,嗅
妥,THỎA,Thỏa thuận,"gentle, peace, satisfactory, appropriate",N1,ダ,,7,女,つめかんむり,"woman, female",Ngoắc móng tay (爫) với phụ nữ (女) để thỏa thuận (妥),1,露,如
茹,NHƯ,Luộc,"boil, seethe",N1,"ジョ, ニョ","ゆ.でる, う.でる",9,艸,くさかんむり,grass,Cô giáo Thảo (艹) hình như (如) đang luộc (茹) rau,0,如,按
露,LỘ,Sương,"dew, tears, expose, Russia",N1,"ロ, ロウ",つゆ,21,雨,あめ,rain,Mưa (雨) trên đường (路) lộ ra sương (露),6,賂,妥
織,CHỨC,Tổ chức; dệt vải,"weave, fabric",N1,ショク、シキ,お、おる、おり,18,,いとへん,thread,Tổ chức dệt vải (織) bằng tơ (糸) âm thanh (音) nghe qua (戈) là biết,2,諾,烈
烈,LIỆT,Mãnh liệt,"ardent, violent, vehement, furious, severe, extreme",N1,レツ,はげ.しい,10,火,れっか,fire,Liệt (列) thêm lửa (灬) thành mãnh liệt (烈),2,織,裂
裂,LIỆT,Xé rách,"split, rend, tear",N1,レツ,"さ.く, さ.ける, -ぎ.れ",12,衣,ころも,clothes,Liệt (列) kê những bộ y phục (衣) bị xé rách (裂),2,烈,葬
亭,ĐÌNH,Đình làng,"pavilion, restaurant, mansion, arbor, cottage, vaudeville, music hall, stage name",N1,"テイ, チン",,9,亠,なべぶた,lid,Các thanh niên đầu (亠) miệng (ロ) đều trùm khăn (冖) đóng đinh (丁) ở đình làng (亭),1,寧,准
擢,TRẠC,Đề bạt,"excel in, surpass, pull out, select",N1,"テキ, タク","ぬ.く, ぬき.んでる",17,手,てへん,hand,Tay (扌) bắt được 2 Em (ヨ) chim (隹) nên được đề bạt (擢),0,躍,奮
隻,CHÍCH,Đếm tầu,"vessels, counter for ships, fish, birds, arrows, one of a pair",N1,セキ,,10,⾫,ふるとり,small bird,Con chim (隹) đang đi lại (又) là chim chích (隻),0,雀,穫
穫,HOẠCH,Thu hoạch,"harvest, reap",N1,カク,,18,⽲,のぎへん,grain,Lúa (禾) của cô giáo Thảo (艹) đã chín chim chích (隻) bay về báo đến mùa thu hoạch (穫),1,隻,獲
歓,HOAN,Hoan nghênh,"delight, joy",N1,カン,よろこ.ぶ,15,欠,ふるとり,"lack, yawn",Buổi trưa (午) món chim (隹) bị thiếu (欠) thì không được hoan nghênh (歓),2,獲,雁
蝉,THIỀU,Ve sầu,cicada,N1,"セン, ゼン",せみ,15,虫,むし,insect,Ve sầu (蝉) là loài côn trùng (虫) sống rất đơn giản (単),0,弾,禅
耽,ĐAM,Đam mê,"addicted, absorbed in",N1,タン,ふけ.る,10,耳,みみ,ear,Đã đam mê (耽) thì tai (耳) nghe không do dự (尢),0,枕,桟
銭,TIỀN,Tiền bạc,"coin, .01 yen, money",N1,セン,ぜに,14,,かねへん,"metal, gold, mineral",Tiền (金) qua 2 lần (毛) sử dụng vẫn là tiền (銭),1,桟,践
桟,SẠN,Giá để đồ,"scaffold, cleat, frame, jetty, bolt (door)",N1,"サン, セン",かけはし,10,木,き,tree,Cây (木) qua 2 lần (毛) làm thành giá để đồ (桟),0,耽,銭
鎮,TRẤN,Trấn áp,"tranquilize, ancient peace-preservation centers",N1,チン,"しず.める, しず.まる, おさえ",18,金,かね,"metal, gold",Vàng (金) chân thật (真) trấn áp (鎮) được mọi thứ,2,慎,填
眺,THIẾU,Tầm nhìn,"stare, watch, look at, see, scrutinize",N1,チョウ,なが.める,11,目,あみがしら,eye,Tầm nhìn (眺) mắt (目) nhắm vào nghìn tỷ (兆),2,挑,桃
桃,ĐÀO,Cây đào,peach,N1,トウ,もも,10,木,き,tree,Cây (木) nghìn tỷ (兆) là cây đào (桃),0,眺,掲
鞄,BẠC,Cái cặp,"suitcase, bag, briefcase",N1,"ハク, ホウ, ビョウ",かばん,14,革,つくりがわ,"leather, rawhide",Cặp (鞄) da (革) bao (包) nhiêu tiền?,1,飽,哺
奇,KÌ,Kì lạ,"strange, strangeness, curiosity",N1,キ,"く.しき, あや.しい, くし, めずら.しい",8,大,だい,"big, very",Cái gì to (大) đều có khả năng (可) kỳ lạ (奇),3,舗,騎
椅,Y,Cái ghế,chair,N1,イ,,12,木,き,tree,Cây (木) kỳ lạ (奇) hình dáng y hệt cái ghế (椅),1,綺,儀
犠,HY,Hy sinh,sacrifice,N1,"ギ, キ",いけにえ,17,牛,うし,cow,Bò (牛) vì nghĩa (義) mà hy sinh (犠),1,儀,蟻
也,DÃ,Khá,to be (classical),N1,"ヤ, エ","なり, か, また",3,乛,たてぼう,second,Thả (丨) C (セ) khá giỏi (也),0,蟻,施
弛,THỈ,Buông lòng,"slacken, relax",N1,"チ, シ","たる.む, たる.める, たゆ.む, ゆる.む, ゆる.み",6,弓,ゆみ,bow,Buông lỏng (弛) cung (弓) để thả C (也),0,施,嗣
頻,TẦN,Tần suất,"repeatedly, recur",N1,ヒン,しき.りに,17,頁,おおがい,leaf,Tần suất (頻) đi bộ (歩) nhặt được tiền giấy (頁) rất cao,3,渉,瀕
幹,CÁN,Cán bộ,"tree trunk, main part, talent, capability",N1,カン,みき,13,⼲,かん,"to dry, shield",20 ngày (車) người (人)uống hết can (干) rượu là cán bộ (幹),2,捗,斡
韓,HÀN,Hàn quốc,Korea,N1,カン,"から, いげた",18,韋,なめしがわ,tanned leather,20 ngày (車) đều mặc áo da (韋) Hàn Quốc (韓),1,斡,廟
嘲,TRÀO,Giễu cợt,"ridicule, insult",N1,"チョウ, トウ",あざけ.る,15,口,くち,"mouth, opening",Miệng (ロ) sáng (朝) ngày ra đã trào phúng giễu cợt (嘲),0,潮,淡
溝,CÂU,Rãnh nước,"gutter, ditch, sewer, drain, 10**32",N1,コウ,みぞ,13,水,さんずい,water,Nước (氵) cấu (冓) tạo nên rãnh nước (溝),1,痰,昏
昏,HÔN,Hoàng hôn,"dark, evening, dusk",N1,コン,"くら.い, くれ",8,日,うじ,"sun, day",Có họ (氏) với mặt trời (日) là hoàng hôn (昏),1,溝,罠
堕,ĐỌA,"Sa đọa, rơi","degenerate, descend to, lapse into",N1,ダ,"お.ちる, くず.す, くず.れる",12,土,つち,earth,Bồ (阝) có (有) nhiều đất (土) nên ăn chơi sa đọa (堕),0,随,惰
砕,TOÁI,Phá vỡ,"smash, break, crush, familiar, popular",N1,サイ,"くだ.く, くだ.ける",9,石,いし,stone,Đá (石) 90 (卆) năm khó phá vỡ (砕),2,粋,惨
悠,DU,Ung dung,"permanence, distant, long time, leisure",N1,ユウ,,11,心,こころ,heart,Bị người (亻) cầm gậy (丨) đánh (攵) mà trái tim (心) vẫn ung dung (悠),2,疹,屯
是,THỊ,Thị phi,"just so, this, right, justice",N1,"ゼ, シ","これ, この, ここ",9,日,ひ,"sun, day",Cả ngày (日) hạ (下) nhân (人) gây thị phi (是),2,霧,堤
匙,THI,Cái thìa,spoon,N1,シ,さじ,11,匕,さじ,spoon,Câu chuyện thị phi (是) về cái thìa (ヒ) => (匙),0,提,稿
提,ĐỀ,Đề án,"propose, take along, carry in hand",N1,テイ,さげる、さ,12,⺘,てへん,hand,Tay (扌) đưa điều thị phi (是) vào đề án (提),7,堤,匙
縞,CẢO,Kẻ sọc,stripe,N1,コウ,"しま, しろぎぬ",16,糸,いと,silk,Tơ (糸) cao (高) cấp có kẻ ngang kẻ sọc (縞),0,稿,嵩
辿,CHẤN,Men theo,"follow (road), pursue",N1,テン,"たど.る, たどり",6,辵,やま,walk,Men theo (辿) núi (山) để đi xa (辶),1,仙,巾
仙,TIÊN,Thần tiên,"hermit, wizard, cent",N1,"セン, セント",,5,人,にんべん,"man, human",Người đứng (亻) trên núi (山) là thần tiên (仙),0,蕎,辿
凧,DIỀU,Con diều,"kite, (kokuji)",N1,,"いかのぼり, たこ",5,几,きにょう,table,Ngồi ghế (几) quàng khăn (巾) thả diều (凧),0,逓,凪
雌,THƯ,Giống cái,"feminine, female",N1,シ,"め-, めす, めん",14,隹,ふるとり,small bird,Đây (此) là con chim (隹) giống cái (雌),0,此,砦
抑,ỨC,Ức chế,"repress, well, now, in the first place, push, shove, press, seal, do in spite of",N1,ヨク,おさえる、おさ,7,⺘,てへん,hand,Tay (扌) đó xem CD (卯) nhiều nên ức chế (抑),2,仰,叩
噌,TẰNG,Ầm ĩ,boisterous,N1,"ソウ, ショウ, ソ",かまびす.しい,14,口,くち,"mouth, opening",Mồm (口) cháu (曽) kêu ầm ĩ (噌),0,僧,促
捉,TRÓC,Nắm chặt,"catch, capture",N1,"ソク, サク",とら.える,10,手,てへん,hand,Tay (扌) chân (足) nắm chặt (捉),1,促,辰
綜,TỐNG,Tổng hợp,"rule, synthesize",N1,ソウ,"おさ.める, す.べる",14,糸,いと,silk,Tơ (糸) tạo ra tông (宗) tổng hợp (綜),0,踪,崇
吾,NGÔ,"Ta, tôi","I, my, our, one's own",N1,ゴ,"われ, わが-, あ-",7,口,くち,"mouth, opening",Ta (吾) có 5 (五) cái miệng (口),0,涎,悟
彦,NGẠN,Ngưu lang,"lad, boy (ancient)",N1,ゲン,ひこ,9,彡,たつ,"bristle, beard",Đứng (立) trên sườn núi (厂) tóc (彡) bay bay là Ngưu Lang (彦) Chức Nữ,0,献,諺
寅,DẦN,Hổ/ tuổi dần,"sign of the tiger, 3-5AM, third sign of Chinese zodiac",N1,イン,とら,11,宀,うかんむり,roof,Người tuổi Dần (hổ) (寅) dưới mái nhà (宀) 1 (一) khi tự do (由) rất thích tám (八) chuyện,0,柚,絃
絃,HUYỀN,Dây đàn,"string, cord, samisen music",N1,ゲン,いと,11,糸,いと,silk,Sợi tơ (糸) được Huyền (玄) dùng làm dây đàn (絃),0,寅,弦
眩,HUYỄN,Hoa mắt,"faint, dizzy",N1,"ゲン, カン","げん.す, くるめ.く, まぶ.しい, くら.む, まど.う, めま.い, まばゆ.い, くれ.る, ま.う",10,目,あみがしら,eye,Mắt (目) Huyền (玄) bị hoa mắt (眩),1,舷,蓄
蓄,SÚC,Tích trữ,"amass, raise, hoard, store",N1,チク,たくわ.える,13,艸,くさかんむり,grass,Tích trữ (蓄) cỏ (艹) cho gia súc (畜),3,眩,牽
牽,KHIÊN,Dắt đi,"pull, tug, drag, lead by hand",N1,ケン,ひ.く,11,牛,げん,cow,Huyền (玄) trùm khăn (冖) vào đầu con bò (牛) dắt đi (牽),0,蓄,姥
亜,Á,Châu á,"Asia, rank next, come after, -ous",N1,ア,つ.ぐ,7,二,に,two,Công nhân (工) tập trung (中) ở châu Á (亜),0,還,唖
濁,TRỌC,Đục nước,"voiced, uncleanness, wrong, nigori, impurity",N1,"ダク, ジョク","にご.る, にご.す",16,水,さんずい,water,Nước (氵) mắt từ võng (皿) bao (勹) nhiêu côn trùng (虫) rớt xuống làm đục nước (濁),2,繭,燭
扁,BIỂN,Giẹt,"level, small",N1,ヘン,ひらたい,9,戶,と,"door, house",Cửa (戸) hàng sách (冊) có treo biển (扁) hiệu,0,倫,遍
癒,DŨ,Chữa lành,"healing, cure, quench (thirst), wreak",N1,ユ,"い.える, いや.す, い.やす",18,疒,やまいだれ,sickness,Chữa lành (癒) bệnh (疒) tật bằng du (兪) lịch tâm (心) linh,1,喩,霊
妄,VỌNG,Vọng tưởng,"delusion, unnecessarily, without authority, reckless",N1,"モウ, ボウ",みだ.りに,6,女,おんな,"woman, female",Vong (亡) hồn người phụ nữ (女) vẫn vọng tưởng (妄),0,顕,盲
慕,MỘ,Hâm mộ,"pining, yearn for, love dearly, adore",N1,ボ,した.う,14,心,こころ,heart,Vẻ đẹp của sa mạc (莫) trái tim (心) rất hâm mộ (慕),1,墓,幕
其,KÌ,Cái đấy,that,N1,"キ, ギ, ゴ","それ, その",8,八,あまい,eight,Đấy là một dụng cụ (具) kì (其) lạ,0,幕,棋
碁,KÌ,Cờ vây,Go,N1,ゴ,,13,石,いし,stone,Kì (其) lạ dùng đá (石) làm cờ vây (碁),1,棋,欺
欺,KHI,Lừa đảo,"deceit, cheat, delude",N1,ギ,あざむ.く,12,欠,あくび,"lack, yawn",Khi đến kì (其) hạn mà thiếu (欠) nợ là lừa đảo (欺),2,碁,旗
且,THẢ,Ngoài ra,"moreover, also, furthermore",N1,"ショ, ソ, ショウ",か.つ,5,一,つき,one,Nguyệt (月) 1 (一) mình được thả (且) ra ngoài,1,蜂,粗
狙,THƯ,Đích nhắm,"aim at, sight, shadow, stalk",N1,"ソ, ショ","ねら.う, ねら.い",8,犬,けものへん,dog,Chó (犭) thả (且) ra là đích nhắm (狙) của kẻ trộm,1,租,阻
阻,TRỞ,Cản trở,"thwart, separate from, prevent, obstruct, deter, impede",N1,ソ,はば.む,8,阜,こざとへん,"mound, dam (阝 left)",Bồ (阝) thả (且) ra gây cản trở (阻),2,狙,宜
鎌,LIÊM,Cái liềm,"sickle, scythe, trick",N1,"レン, ケン",かま,18,金,かね,"metal, gold",Vàng (金) kiêm (兼) cả làm liềm (鎌) nữa!,0,簾,謙
覆,PHÚC,Che đậy,"capsize, cover, shade, mantle, be ruined",N1,フク,"おお.う, くつがえ.す, くつがえ.る",18,西,にし,west,Che đậy (覆) chuyện phương Tây (西) sắp phục hồi (復),3,劾,履
撮,TOÁT,Chụp ảnh,"snapshot, take pictures",N1,サツ,"と.る, つま.む, -ど.り",15,手,てへん,hand,Tay (扌) vào chỗ tối (最) để chụp ảnh (撮),3,娶,偲
錨,MIÊU,Mỏ neo,"anchor, grapnel",N1,"ビョウ, ミョウ",いかり,16,金,かね,"metal, gold",Kim loại (金) bọc cây non (苗) làm thành mỏ neo (錨),0,描,縛
奏,TẤU,Diễn tấu,"play music, speak to a ruler, complete",N1,ソウ,かな、かなでる,9,⼤,だい,"large, big",3 người (夫) lên Thiên (天) đình diễn tấu (奏),2,椿,泰
謀,MƯU,Mưu mô,"conspire, cheat, impose on, plan, devise, scheme, have in mind, deceive",N1,"ボウ, ム","はか.る, たばか.る, はかりごと",16,言,げん,speech,Lời nói (言) của người nào đó (某) đầy mưu mô (謀),1,某,媒
煤,MÔI,Nhọ nồi,"soot, smoke dried",N1,"バイ, マイ",すす,13,火,ひ,fire,Lửa (火) đốt nồi nào đó (某) thành nhọ nồi (煤),0,媒,嵌
圏,QUYỂN,Khí quyền,"sphere, circle, radius, range",N1,ケン,かこ.い,12,囗,くにがまえ,enclosure,Vây quanh (口) quyển sách (巻) là bầu khí quyển (圏),0,凶,倦
渓,KHÊ,Thung lũng,"mountain stream, valley",N1,ケイ,"たに, たにがわ",11,水,さんずい,water,Nước (氵) rửa móng tay (爪) chồng (夫) lấy từ thung lũng (渓),0,騰,扶
膨,BÀNH,Bánh trướng,"swell, get fat, thick",N1,ボウ,"ふく.らむ, ふく.れる",16,肉,つき,meat,Nguyệt (月) sau khi ăn 10 (十) hạt đậu (豆) tóc (彡) tai bành trướng (膨),5,鼓,呂
呂,LỮ,Bồn tắm,"spine, backbone",N1,"ロ, リョ",せぼね,7,口,くち,"mouth, opening",Bồn tắm (呂) hình số 8,3,膨,侶
丑,SỬU,Con bò,"sign of the ox or cow, 1-3AM, second sign of Chinese zodiac",N1,チュウ,うし,4,一,いち,one,Đao (刀) cầm 2 (二) tay là thằng sửu (丑) nhi,0,宮,紐
幾,"KI, CƠ",Bao nhiêu,"how many, how much, how far, how long, some, several",N1,キ,いく、いくつ、いくら,12,⺓,いとがしら,"young, slight",2 con yêu yêu (幺幺) qua (戈) hết người (人) này đến bao nhiêu (幾) người khác,1,幽,磯
几,KỈ,Cái ghế,"table, table enclosure, table or windy radical (no. 16)",N1,キ,きにょう,2,几,きにょう,table,Hình cái ghế,1,緩,飢
燕,YẾN,Chim yến,swallow (bird),N1,エン,"つばめ, つばくら, つばくろ",16,火,くち,fire,Chim yến (燕) mang cỏ (艹) bằng 1 (ー) miệng (口) bay về phương bắc (北) để đốt lửa (灬),0,杭,凡
葱,THÔNG,Hành,"stone leek, Welsh onion",N1,ソウ,ねぎ,12,艸,くさかんむり,grass,Hành (葱) là cây cỏ (艹) không phải con vật (勿) có 1 (丶) trái tim (心),0,惚,賜
架,GIÁ,Giá đỡ,"erect, frame, mount, support, shelf, construct",N1,カ,"か.ける, か.かる",9,木,き,tree,Gia tăng (加) thêm cây (木) làm giá đỡ (架),1,篤,賀
賀,HẠ,Chúc mừng,"congratulations, joy",N1,ガ,,12,⾙,かい,"shell, property, wealth",Gia tăng (加) thêm bảo bối (貝) để chúc mừng (賀) Điện Hạ,1,架,迦
襟,KHÂM,Cổ áo,"collar, neck, lapel, one's inner feelings",N1,キン,えり,18,衣,ころもへん,clothes,Y phục (衤) cấm (禁) hở cổ áo (襟),0,暦,讃
貰,THẾ,Nhận,"get, have, obtain",N1,"セイ, シャ",もら.う,12,貝,かい,shell,Nhận (貰) từ thế giới (世) bảo bối (貝),0,笹,喋
至,CHÍ,"Kịp, đến","climax, arrive, proceed, reach, attain, result in",N1,シ,いた、いたる,6,⾄,いたる,"to arrive, reach",Chí (至) Phèo có đến 1 (一) 4 (厶) mảnh đất (土),5,冒,緻
衡,HÀNH,Cân bằng,"equilibrium, measuring rod, scale",N1,コウ,,16,行,ぎょうがまえ,"go, do",Hành (行) nấu với cá (角) to (大) là nguồn dinh dưỡng cân bằng (衡),1,膳,桁
辣,LẠT,Gian ác,"pungent, spicy, harsh, cruel, severe",N1,ラツ,から.い,14,辛,からい,bitter,Ăn cay (辛) còn thúc (束) giục là gian ác (辣),0,疎,嗽
嗽,THẤU,Ho có đờm,"rinse, wash, gargle",N1,"ソウ, シュウ, ソク","すす.ぐ, ゆす.ぐ, くちすす.ぐ, うがい",14,口,くち,"mouth, opening",Miệng (口) sư thúc (束) bị khiếm khuyết (欠) nên ho có đờm (嗽),0,辣,漱
派,PHÁI,Phái đoàn,"faction, group, party, clique, sect, school",N1,ハ,,9,⺡,さんずい,water,Đất nước (氵) có 3 người (辰) thuộc phái đoàn (派),7,弧,赦
蛮,MAN,Dã man,barbarian,N1,バン,えびす,12,虫,むし,insect,Lưu Diệc Phi (亦) sợ côn trùng (虫) dã man (蛮),0,亦,衷
哀,AI,Bi ai,"pathetic, grief, sorrow, pathos, pity, sympathize",N1,アイ,"あわ.れ, あわ.れむ, かな.しい",9,口,ころも,"mouth, opening","Mặc y phục (衣) rách rưới, miệng (口) gào khóc bi ai (哀)",2,衷,衰
畏,ÚY,Sợ,"fear, majestic, graciously, be apprehensive",N1,イ,"おそ.れる, かしこま.る, かしこ, かしこ.し",9,田,た,field,Đại úy ra ruộng (田) thấy bộ y phục mất đầu (衣) nên sợ (畏) hãi,1,喪,隈
譲,NHƯỢNG,Nhượng bộ,"defer, turnover, transfer, convey",N1,ジョウ,ゆず.る,20,言,げん,speech,Nói chuyện (言) với cô nương (裏) thì phải nhượng bộ (譲),2,嬢,壌
釈,THÍCH,Giải thích,explanation,N1,"シャク, セキ","とく, す.てる, ゆる.す",11,釆,のごめ,"divide, distinguish, choose",1 (ノ) hạt gạo (米) bị xích (尺) lại không cần giải thích (釈),1,尺,択
穿,XUYÊN,Xuyên qua,"put on (to the feet), dig, pierce, drill",N1,セン,"うが.つ, は.く",10,穴,あな,cave,Lỗ (穴) sâu răng (牙) có thể nhìn xuyên qua (穿),0,邪,既
袴,KHỐ,Cái khố,men's formal divided skirt,N1,"コ, ク","はかま, ずぼん",11,衣,ころもへん,clothes,Y phục (衤) to (大) gấp 15 (一ち) lần là cái khố (袴),0,誇,顎
呑,THÔN,Nuốt,drink,N1,"トン, ドン",の.む,7,口,くち,"mouth, opening",Yêu (天) quái mở miệng (口) nuốt (呑),0,添,狂
詮,THUYÊN,Kỹ càng,"discussion, methods called for, selection, result",N1,セン,"せん.ずる, かい, あき.らか",13,言,げん,speech,Nói (言) toàn (全) chuyện luyên thuyên (詮),0,栓,厄
範,PHẠM,Phạm vi,"pattern, example, model",N1,ハン,,15,⺮,たけかんむり,bamboo,"Ở rừng trúc (竹), xe (車) chở C (已) chỉ chạy trong phạm vi (範) cho phép",2,厄,氾
操,THAO,Thao tác,"maneuver, manipulate, operate, steer, chastity, virginity, fidelity",N1,ソウ,みさお、あやつ、あやつる,16,⺘,てへん,hand,Thao tác (操) tay (扌) bôi phẩm (品) lên cây (木),5,癌,繰
尻,KHẢO,Cái mông,"buttocks, hips, butt, rear",N1,コウ,しり,5,尸,しかばね,corpse,Xác chết (尸) hở 9 (九) cái mông (尻),0,尾,尼
娯,NGU,Giải trí,"recreation, pleasure",N1,ゴ,,10,女,おんな,"woman, female",Phụ nữ (女) nước Ngô (呉) chỉ lo vui chơi giải trí (娯),1,呉,虞
嘱,CHÚC,Giao phó,"entrust, request, send a message",N1,ショク,"しょく.する, たの.む",15,口,くち,"mouth, opening",Miệng (口) đọc thuộc (属) di chúc (嘱),0,属,呉
腎,THẬN,Quả thần,kidney,N1,ジン,,13,肉,しん,meat,Đại thần (臣) quay lại (又) viện hàng tháng (月) để chạy thân (腎),0,鰹,臼
臼,CỮU,Cái cối,mortar,N1,"キュウ, グ","うす, うすづ.く",6,臼,うす,mortar,2 Em (Eヨ) cùng làm cái cối (臼),0,腎,潟
興,HƯNG,Hưng phấn,"entertain, revive, retrieve, interest, pleasure",N1,コウ、キョウ,おこ、おこる、おこす,16,⾅,うす,"mortar, quern",Cối (臼) đồng (同) 18 (一八) người khênh rất hưng phấn (興),6,鼠,輿
為,VI,Hành vi,"do, change, make, benefit, welfare, be of use, reach to, try, practice, cost, serve as, good, advantage, as a result of",N1,イ,"ため, な.る, な.す, す.る, たり, つく.る, なり",9,火,てん,fire,Bầu sô (ソ) đứng trên ruộng bậc thang châm lửa (灬) đốt là hành vi (為) phá hoại,1,頬,偽
毀,HỦY,Phá hủy,"break, destroy, censure, be chipped, be scratched, be broken, be ruined",N1,キ,"こぼ.つ, こわ.す, こぼ.れる, こわ.れる, そし.る, やぶ.る",13,殳,うす,"weapon, lance",Cối (臼) đất (土) bị kẻ thù (殳) phá hủy (毀),0,潟,睨
偽,NGỤY,Nguỵ biện,"falsehood, lie, deceive, pretend, counterfeit, forgery",N1,"ギ, カ","いつわ.る, にせ, いつわ.り",11,人,にんべん,"man, human",Người (亻) có hành vi (為) sai trái rất hay ngụy biện (偽),2,為,曹
漕,TÀO,Chèo thuyền,"rowing, scull, paddle",N1,ソウ,"こ.ぐ, はこ.ぶ",14,水,さんずい,water,Dưới nước (氵) Tào Tháo (曹) đang chèo thuyền (漕),1,遭,后
鉛,DUYÊN,Chất chì,lead,N1,エン,なまり,13,金,かね,"metal, gold",Kim loại (金) đi qua 8 (八) cửa khẩu (口) là chât chì (鉛),1,沿,朕
朕,TRẪM,Xưng vua,"majestic plural, imperial we",N1,チン,,10,月,つき,"moon, month",Cho Nguyệt (月) làm quan (关) là lệnh của trẫm (朕),0,鉛,丹
呈,TRÌNH,Trình bày,"display, offer, present, send, exhibit",N1,テイ,,7,口,くち,"mouth, opening",Miệng (口) vua (王) đang trình bày (呈),1,皇,聖
聖,THÁNH,Thần thánh,"holy, saint, sage, master, priest",N1,セイ,ひじり,13,⽿,みみ,ear,Thần thánh (聖) tai (耳) nghe trình bày (呈),0,呈,唱
殖,THỰC,Thực dân,"augment, increase, multiply, raise",N1,ショク,"ふ.える, ふ.やす",12,歹,がつ,"death, decay",Xấu xa (歹) trực tiếp (直) là thực dân (殖),1,娼,踏
箋,TIÊN,Giấy viết thư,"paper, label, letter, composition",N1,セン,ふだ,14,竹,たけ,bamboo,Cây trúc (竹) qua (戈) 2 lần chế tạo thành giấy viết thư (箋),0,閥,餓
鵞,NGA,Con ngỗng,goose,N1,ガ,,18,鳥,とり,bird,Con ngỗng (鵞) ngã (我) vào con chim (鳥),0,餓,託
託,THÁC,Ủy thác,"consign, requesting, entrusting with, pretend, hint",N1,タク,"かこつ.ける, かこ.つ, かこ.つける",10,言,げん,speech,Nói (言) 17 (モ) lần để ủy thác (託),0,鵞,詫
錦,CẨM,Thổ cẩm,"brocade, fine dress, honors",N1,キン,にしき,16,金,かね,"metal, gold",Dùng kim loại (金) gắn vào khăn trắng (帛) thổ cẩm (錦),0,羞,瓦
瓦,NGÕA,Ngói,"tile, gram",N1,ガ,"かわら, ぐらむ",5,瓦,かわら,tile,12 (工乙) viên (丶) ngói (瓦),0,錦,餅
隔,XÁCH,Xa cách,"isolate, alternate, distance, separate, gulf",N1,カク,"へだ.てる, へだ.たる",13,阜,こざとへん,"mound, dam (阝 left)",Em Bồ (阝) đã 10 (ō) năm 4 (内) Tháng (Ｔ) xa cách (隔) tôi,6,肺,塑
柿,THỊ,Cây hồng,persimmon,N1,シ,かき,9,木,き,tree,Cây (木) trồng nhiều ở thành phố (市) là cây hồng (柿),0,緯,肺
詣,NGHỆ,Hành hương,"visit a temple, arrive, attain",N1,"ケイ, ゲイ","けい.する, まい.る, いた.る, もう.でる",13,言,げん,speech,Đi hành hương (詣) nói (言) ý chỉ (旨) của Hoàng Thượng,0,旨,稽
旨,CHỈ,Ý chí,"delicious, relish, show a liking for, purport, will, clever, expert",N1,シ,"むね, うま.い",6,日,さじ,"sun, day",Chỉ (旨) cười hihi (匕) cả ngày (日),3,獅,詣
絢,HUYẾN,Rực rỡ,brilliant fabric design,N1,ケン,,12,糸,いと,silk,Sợi tơ (糸) để 1 tuần (旬) màu sắc trở nên rực rỡ (絢),0,殉,刃
刃,NHẬN,Sắc nhọn,"blade, sword, edge",N1,"ジン, ニン","は, やいば, き.る",3,刀,かたな,"knife, sword",Đao (刀) bị xước (丶) những vẫn sắc nhọn (刃),0,絢,忍
誠,THÀNH,Thành thực,"sincerity, admonish, warn, prohibit, truth, fidelity",N1,セイ,まこと,13,,ごんべん,"words, to speak, say",Lời nói (言) của người thành công (成) rất thành thực (誠),3,遮,斉
戯,HÍ,Trêu đùa,"frolic, play, sport",N1,"ギ, ゲ","たわむ.れる, ざ.れる, じゃ.れる",15,戈,ほこ,"spear, halberd",Đứa trẻ hư (虚) chạy qua (戈) chạy lại trêu đùa (戯),1,嘘,膚
慮,LỰ,Lưỡng lự,"prudence, thought, concern, consider, deliberate, fear",N1,リョ,"おもんぱく.る, おもんぱか.る",15,心,とらがしら,heart,Hổ (虍) đang suy nghĩ (思) lưỡng lự (慮),6,膚,虎
旦,ĐÁN,Nguyên đán,"daybreak, dawn, morning",N1,"タン, ダン","あき.らか, あきら, ただし, あさ, あした",5,日,ひ,"sun, day",Ngày (日) mồng 1 (一) Tết Nguyên Đán (旦),1,鱒,但
胆,ĐẢM,"Can đảm, mạnh","gall bladder, courage, pluck, nerve",N1,タン,きも,9,肉,つき,meat,Nguyệt (月) vào dịp Tết Nguyên Đán (旦) cam đảm (胆) làm việc đến đêm,2,但,壇
喧,HUYÊN,Huyên náo,"noisy, boisterous",N1,ケン,"やかま.しい, かまびす.しい",12,口,くち,"mouth, opening",Miệng (口) tuyên truyền (宣) huyên náo (喧) cả khu,1,宣,恒
宣,TUYÊN,Tuyên truyền,"proclaim, say, announce",N1,セン,のたま.う,9,⼧,うかんむり,"roof, house",Dưới mái nhà (宀) 2 ngày (亘) đi tuyên truyền (宣),3,壇,喧
喚,HOÁN,Hô hoán,"yell, cry, call, scream, summon",N1,カン,わめ.く,12,口,くち,"mouth, opening",Miệng (口) bị móc (ク)) tứ (四) đại (大) mỹ nhân hô hoán (喚),0,凌,姫
弥,DI,A di,"all the more, increasingly",N1,"ミ, ビ","や, いや, いよ.いよ, わた.る",8,弓,ゆみ,bow,Trong cung (弓) nằm (𠂉) chú tiểu (小) miệng vẫn niệm A Di (弥) Đà Phật,0,称,貴
貴,QUÝ,Quý tộc,"precious, value, prize, esteem, honor",N1,キ,たっと、とうと、たっとい、とうとい,12,⾙,かい,"shell, property, wealth",Ở trung tâm (中) có 1 (一) bảo bối (貝) quý (貴),4,弥,遺
髭,TÌ,Râu,"beard, mustache",N1,シ,"ひげ, くちひげ",16,髟,かみかんむり,long hair,Râu (髭) dài (長) hơn tóc (彡) đây này (此),0,脹,脊
郭,QUÁCH,Thành quách,"enclosure, quarters, fortification, red-light district",N1,カク,くるわ,11,邑,むら,town (阝 right),Hưởng thụ (享) cùng Bồ (阝) trong thành quách (郭),0,享,熟
舵,ĐÀ,Bánh lái thuyền,"rudder, helm, wheel",N1,"ダ, タ",かじ,11,舟,ふね,boat,Bánh lái (舵) thuyền (舟) có hình con mãng xà (它),0,蛇,陀
而,NHI,"Mà, và","and yet, and then, but, however, nevertheless",N1,"ジ, ニ","しこ.うして, しか.して, しか.も, しか.れども, すなわち, なんじ, しかるに",6,而,しこうして,beard,Giống hình bồ cao 4 răng của Trư Bát Giới,0,陀,儒
濡,NHU,Ướt,"get wet, damp, make love",N1,"ジュ, ニュ","ぬれ.る, ぬら.す, ぬ.れる, ぬ.らす, うるお.い, うるお.う, うるお.す",17,水,さんずい,water,Dùng nước (氵) khi có nhu cầu (需) làm ướt (濡),2,儒,耐
瑞,THỤY,Thụy điển,congratulations,N1,"ズイ, スイ","みず-, しるし",13,玉,たま,jade (king),Ở Thụy Điển (瑞) vua (王) cũng leo núi (山) cùng thiếu nhi (而),0,耐,喘
喘,SUYỂN,Hen suyễn,"pant, gasp, breathe hard",N1,"ゼン, セン","あえ.ぐ, せき",12,口,くち,"mouth, opening","Ở gần miệng (口) núi (山) lửa thiếu nhi (而) dễ mắc bệnh hen suyễn (喘),",0,瑞,頃
蟹,GIẢI,Con cua,crab,N1,カイ,かに,19,虫,むし,insect,Giải (解) thoát côn trùng (虫) bị cua (蟹) kẹp,0,喉,麗
淑,THỤC,Hiền thục,"graceful, gentle, pure",N1,シュク,しと.やか,11,水,さんずい,water,Khi uống nước (氵) nhìn thúc (叔) thật hiền thục (淑),0,叔,寂
鳩,CƯU,Chim bồ câu,"pigeon, dove",N1,"キュウ, ク","はと, あつ.める",13,鳥,とり,bird,9 (九) con chim (鳥) bồ câu (鳩),0,烏,鴨
鴨,ÁP,Con vịt,"wild duck, easy mark",N1,オウ,"かも, あひる",16,鳥,とり,bird,Mặc áo giáp (甲) vào con chim (鳥) biến thành con vịt (鴨),0,鳩,鵜
耕,CANH,Canh tác,"till, plow, cultivate",N1,コウ,たがや、たがやす,10,⽾,らいすき,plow,Canh tác (耕) cày (耒) bừa dùng nước giếng (井),1,鷲,耗
又,HỰU,Lại nữa,"or again, furthermore, on the other hand",N1,ユウ,"また, また-, また.の-",2,又,また,right hand,Lại vắt chéo 2 chân,0,吃,桑
綴,CHUẾ,Đánh vần,"compose, spell, write, bind (books)",N1,"テイ, テツ, テチ, ゲツ","と.じる, つづ.る, つづり, すみ.やか",14,糸,いと,silk,Đánh vần (綴) chỉ (糸) cần nói lại 4 lần (又),0,桑,鱗
弊,TỆ,Tệ hại,"abuse, evil, vice, breakage",N1,ヘイ,,15,廾,にじゅうあし,"two hands, twenty",Tệ (敝) nhất là chắp tay (廾) cầu xin nhìn thật tệ hại (弊),2,幣,蔽
雛,SỒ,Chim con,"chick, squab, duckling, doll",N1,"スウ, ス, ジュ","ひな, ひよこ",18,隹,ふるとり,small bird,Mang 2 bao (勹) mầm non (屮) cho chim (隹) con (雛) ăn,0,檎,皺
唸,NIỆM,$undefined,"Rên rỉ, gầm gừ",$undefined,テン,"うな.る, うなり",11,口,,"mouth, opening",$undefined,0,馳,吠
牢,LAO,Nhà tù,"prison, jail, hardness",N1,ロウ,"かた.い, ひとや",7,牛,うかんむり,cow,Dưới mái nhà (宀) bò (牛) bị nhốt trong lao (牢),0,杵,犀
杵,XỬ,Cái chày,wooden pestle,N1,"ショ, ソ",きね,8,木,き,tree,Chặt cây (木) đúng giờ Ngọ (午) làm chày (杵),0,這,牢
這,GIÁ,Bò,"crawl, creep, grovel, trail (vines)",N1,"シャ, ゲン","は.う, は.い, むか.える, この",10,辵,げん,walk,Em bé vừa bò (這) vừa nói (言) nên đi được rất xa ( 辶),0,謂,杵
牡,MẪU,Con đực,male,N1,"ボ, ボウ","おす, お-, おん-",7,牛,うし,cow,Bò (牛) ở khu đất (土) kia là con đực (牡),1,犀,吟
貪,THAM,Tham lam,"covet, indulge in",N1,"タン, ドン, トン",むさぼ.る,11,貝,かい,shell,Bây giờ (今) vẫn lấy bảo bối (貝) thì thật tham lam (貪),0,頷,捻
鈴,LINH,Cái chuông,"small bell, buzzer",N1,"レイ, リン",すず,13,金,かね,"metal, gold",Chuông (鈴) vàng (金) được làm theo lệnh (令) vua,0,零,芥
芥,GIỚI,Hoa anh túc,"mustard, rape, dust, trash, rubbish",N1,"カイ, ケ","からし, ごみ, あくた",7,艸,くさかんむり,grass,Cô giáo Thảo (艹) giới thiệu (介) về tác hại của hoa anh túc (芥),0,鈴,謎
謎,MÊ,Điều bí ẩn,"riddle, puzzle, enigma, hint, tip",N1,"メイ, ベイ",なぞ,16,言,げん,speech,Nói (言) mê (迷) ra những điều bí ẩn (謎),1,芥,襖
紳,THÂN,Đàn ông,"sire, good belt, gentleman",N1,シン,,11,糸,いと,silk,Sợi tơ (糸) quanh thân (申) người đàn ông (紳),1,榊,鉢
噛,GIẢO,"Cắn, nhai","chew, bite, gnaw",N1,"コウ, ゴウ","か.む, か.じる",15,口,くち,"mouth, opening",Trong miệng (口) có răng (歯) dùng để cắn (噛),1,継,籾
鉢,BÁT,Cái bát,"bowl, rice tub, pot, crown",N1,"ハチ, ハツ",,13,金,かね,"metal, gold",Nhặt được cái bát (鉢) vàng (金) ở Nhật Bản (本),0,紳,杏
染,NHIỄM,Nhiễm độc,"dye, color, paint, stain, print",N1,セン,そ、し、そめる、ぞめ、そまる、しみる、しみ,9,⽊,き,"tree, wood",Nước (氵) bẩn làm 9 (九) cây (木) bị nhiễm độc (染),9,褒,斗
斗,ĐẤU,Cái đấu,"Big Dipper, ten sho (vol), sake dipper, dots and cross radical (no. 68)",N1,"ト, トウ",,4,斗,ますづくり,dipper,Có 2 ('') mươi (十) hạt trong cái đấu (斗),0,染,闇
詠,VỊNH,Ngâm thơ,"recitation, poem, song, composing",N1,エイ,"よ.む, うた.う",12,言,げん,speech,Lời nói (言) lưu truyền vĩnh cửu (永) là ngâm thơ (詠),0,彰,拉
笠,LẠP,Cái nón,"bamboo hat, one's influence",N1,リュウ,かさ,11,竹,たけ,bamboo,Trúc (竹) đứng (立) đội nón (笠),0,拉,闊
閃,THIỂM,Tia sáng,"flash, brandish",N1,セン,"ひらめ.く, ひらめ.き, うかが.う",10,門,もんがまえ,gate,Dưới cổng (門) người (人) phát ra tia sáng (閃),0,閑,潤
蘭,LAN,Hoa lan,"orchid, Holland",N1,"ラン, ラ",,19,艸,くさかんむり,grass,Hoa cỏ (艹) trồng trên cổng (門) phía đông (束) là hoa lan (蘭),0,欄,爛
汲,CẤP,Múc nước,"draw (water), ladle, scoop, pump",N1,キュウ,く.む,7,水,さんずい,water,Ở quê múc (汲) nước (氵) giếng là phổ cập (及),1,扱,俗
裕,DỤ,Giàu có,"abundant, rich, fertile",N1,ユウ,,12,衣,ころもへん,clothes,Mặc y phục (衤) đẹp ra cốc (谷) dụ (裕) trai,1,俗,丈
丈,TRƯỢNG,Trượng phu,"length, ten shaku, measure, Mr., Ms., height, stature, all (one has), only, that's all, merely",N1,ジョウ,"たけ, だけ",3,一,いち,one,Làm 1 (一) cô gái say mê (メ) phải là một bậc đại trượng phu (丈),6,裕,杖
吏,LẠI,Nhà lãnh đạo,"officer, an official",N1,リ,,6,口,くち,"mouth, opening",Nắm rõ nhất (一) về lịch sử (史) là quan lại (吏),0,杖,冶
冶,DÃ,Thợ rèn,"melting, smelting",N1,ヤ,い.る,7,冫,にすい,ice,Thợ rèn (冶) nấu chảy băng (冫) ở vũ đài (台),0,吏,怠
飴,DI,Kẹo,"rice jelly, candy",N1,"イ, シ","あめ, やしな.う",13,食,しょく,"eat, food",Kẹo (飴) phải ăn (食) trên vũ đài (台) mới ngon!,0,苔,唄
醒,TỈNH,Thức tỉnh,"awake, be disillusioned, sober up",N1,セイ,"さ.ます, さ.める",16,酉,ひよみのとり,"wine, alcohol",Tới giờ Dậu (酉) những ngôi sao (星) sẽ thức tỉnh (醒) trên bầu trời,0,牲,薩
韻,VẬN,Vần điệu,"rhyme, elegance, tone",N1,イン,,19,音,おと,sound,Âm thanh (音) của nhân viên (員) rất vần điệu (韻),0,唄,牲
薩,TÁT,Bồ tát,"salvation, Buddha",N1,"サツ, サチ",,17,艸,くさかんむり,grass,Tượng Bồ Tát (薩) ngồi dưới tán cây cỏ (艹) Bồ (阝) đề là sản (産) phẩm rất đẹp !,0,醒,隆
侍,THỊ,Người hầu/ samurai,"waiter, samurai, wait upon, serve",N1,"ジ, シ","さむらい, はべ.る",8,人,にんべん,"man, human",Người đứng (亻) bảo vệ (寺) đích thi là samurai (侍),1,蒔,己
蒔,THÌ,"Gieo, rắc",sow (seeds),N1,"シ, ジ","う.える, ま.く",13,艸,くさかんむり,grass,Cỏ (艹) phải chọn thời gian (時) thích hợp để gieo (蒔) trồng,0,隆,侍
紀,KỈ,Thế kỷ,"chronicle, account, narrative, history, annals, geologic period",N1,キ,,9,,いとへん,thread,Sợi tơ (糸) nối liền 2 (己) thế kỷ (紀),2,己,忌
雫,GIỌT,Giọt,"drop, trickle, dripping, (kokuji)",N1,ダ,しずく,11,雨,あめ,rain,Mưa (雨) rơi xuống dưới (下) thành từng giọt (雫),0,鱈,漏
霜,SƯƠNG,Sương muối,frost,N1,ソウ,しも,17,雨,あめ,rain,Mưa (雨) tương tự (相) như sương muối (霜),0,漏,搭
蚊,VĂN,Con muỗi,mosquito,N1,ブン,か,10,虫,むし,insect,Côn trùng (虫) thích học văn (文) nhất là con muỗi (蚊),0,紋,蘇
伎,KĨ,Kỹ nghệ,"deed, skill",N1,"ギ, キ","わざ, わざおぎ",6,人,にんべん,"man, human",Người (亻) ở chi nhánh (支) phải có kỹ nghệ (伎),1,肢,岐
猛,MÃNH,Mãnh liệt,"fierce, rave, rush, become furious, wildness, strength",N1,モウ,,11,犬,けものへん,dog,Chó (犭) con (子) liếm đĩa (皿) thức ăn rất mãnh liệt (猛),2,孟,溢
塔,THÁP,Cái tháp,"pagoda, tower, steeple",N1,トウ,,12,,つちへん,earth,Trộn đất (土) với cỏ theo tỷ lệ thích hợp (合) để xây tháp,0,搭,孟
忌,KỊ,Đố kỵ,"mourning, abhor, detestable, death anniversary",N1,キ,"い.む, い.み, い.まわしい",7,心,おのれ,heart,2 (己) trái tim (心) đố kỵ (忌) với nhau,1,紀,妃
紋,VĂN,Hoa văn,"family crest, figures",N1,モン,,10,糸,いと,silk,Sợi tơ (糸) trong văn học (文) được miêu tả rất hoa văn (紋),0,岐,蚊
伴,BẠN,Bạn đời,"consort, accompany, bring with, companion",N1,"ハン, バン",ともな.う,7,人,にんべん,"man, human",Người (亻) bán (半) bạn (伴),2,串,畔
絆,BÁN,Gắn bó,"bonds, fetters",N1,ハン,"きずな, ほだ.す, つな.ぐ",11,糸,いと,silk,Chỉ (糸) bán (半) cho khách hàng đã gắn bó (絆),0,畔,倹
忠,TRUNG,Trung thực,"loyalty, fidelity, faithfulness",N1,チュウ,,8,⼼,こころ,"heart, mind, spirit",Người sống ở trung (中) tâm (心) rất trung thực (忠),2,薪,串
披,PHI,Vạch ra,"expose, open",N1,ヒ,,8,手,てへん,hand,Tay (扌) bị lột da (皮) nên vạch ra (披) xem,1,婆,志
婆,BÀ,Bà già,"old woman, grandma, wet nurse",N1,バ,"ばば, ばあ",11,女,おんな,"woman, female",Bà già (婆) lướt sóng (波) giỏi như cô gái (女),0,鹸,披
倹,KIỆM,Tiết kiệm,"frugal, economy, thrifty",N1,ケン,"つま.しい, つづまやか",10,人,にんべん,"man, human",Người (亻) mặc áo yếm để tiết kiếm (倹) vải,2,絆,剣
秘,BÍ,Bí mật,"secret, conceal",N1,ヒ,ひ、ひめる,10,⽲,のぎへん,grain,Cây lúa (禾) tốt tất yếu (必) phải có bí mật (秘),3,芯,泌
繁,PHỒN,Phồng thịnh,"luxuriant, thick, overgrown, frequency, complexity, trouble",N1,ハン,"しげ.る, しげ.く",16,糸,いと,silk,Cần mẫn (敏) dệt tơ (糸) sẽ có ngày phồn thịnh (繁),3,敏,芯
芳,PHƯƠNG,Mùi thơm,"perfume, balmy, favorable, fragrant",N1,ホウ,かんば.しい,7,艸,くさかんむり,grass,Cỏ (艹) khắp bốn phương (方) đều có mùi thơm (芳),1,蜜,妨
瘍,DƯƠNG,Viêm loét,"swelling, boil, tumor",N1,ヨウ,かさ,14,疒,やまいだれ,sickness,Bệnh (疒) vật vã (易) nhất là bệnh viêm loét (瘍),0,揚,暢
傲,NGẠO,Kiêu ngạo,be proud,N1,ゴウ,"おご.る, あなど.る",13,人,にんべん,"man, human",Người (亻) có nhiều đất (士) giải phóng (放) thường rất kiêu ngạo (傲),1,謗,腸
倣,PHỎNG,Mô phỏng,"emulate, imitate",N1,ホウ,なら.う,10,人,にんべん,"man, human",Cảnh người đứng (亻) phóng (放) lao được mô phỏng (倣) lại,1,房,傍
幻,ẢO,Ảo tưởng,"phantasm, vision, dream, illusion, apparition",N1,ゲン,まぼろし,4,幺,いとがしら,"short, tiny",Yêu (幺) bao (勹) nhiêu rồi mà vẫn ảo tưởng (幻),0,暢,拗
拗,ẢO,Hờn dỗi,"crooked, twisted, distorted, perverted, cross",N1,"オウ, ヨウ, イク, ユウ","ねじ.れる, こじ.れる, す.ねる, ねじ.ける",8,手,てへん,hand,Tay (扌) đó thời thơ ấu (幼) rất hay hờn dỗi (拗),1,幻,紛
雰,PHÂN,Bầu không khí,"atmosphere, fog",N1,フン,,12,雨,あめ,rain,Mưa (雨) phân chia (分) ra bầu không khí (雰),1,紛,盆
采,THÁI,Hái,"dice, form, appearance, take, gather, coloring",N1,サイ,"と.る, いろどり",8,釆,つめかんむり,"divide, distinguish, choose",Móng tay (ツ) đặt lên cây (木) bắt đầu hái (采),0,寡,免
挽,VÃN,Xay,"saw, turn (lathe), grind",N1,バン,ひ.く,10,手,てへん,hand,Tay (扌) nàng thì miễn (免) khỏi cần xay (挽),0,逸,娩
朗,LÃNG,Sáng,"melodious, clear, bright, serene, cheerful",N1,ロウ,ほが、ほがらかな,10,⽉,つき,"moon, month, period",Ánh sáng (朗) tốt (良) là ánh trăng (月),2,郎,浪
逸,DẬT,Ẩn dật,"deviate, idleness, leisure, miss the mark, evade, elude, parry, diverge",N1,イツ,"そ.れる, そ.らす, はぐ.れる",11,辵,しんにょう,walk,Miễn (免) là đi xa (辶) để được sống ẩn dật (逸),1,免,挽
腿,THỐI,Đùi,"thigh, femur",N1,タイ,もも,13,肉,つき,meat,Ai nhìn vào đùi (腿) em Nguyệt (月) đều xin thoái lui (退),0,恨,爵
櫛,TRẤT,Cái lược,comb,N1,シツ,"くし, くしけず.る",17,木,き,tree,Cây (木) tiết kiệm (節) được để làm lược (櫛),0,郷,祥
恨,HẬN,Hận thù,"regret, bear a grudge, resentment, malice, hatred",N1,コン,"うら.む, うら.めしい",9,心,りっしんべん,heart,Trái tim (忄) không tốt (良) mang nhiều hận thù (恨),1,痕,腿
浪,LÃNG,Lãng phí,"wandering, waves, billows, reckless, unrestrained",N1,ロウ,,10,水,さんずい,water,Nước (氵) tốt (良) nhất đừng lãng phí (浪),0,朗,痕
魂,HỒN,Linh hồn,"soul, spirit",N1,コン,"たましい, たま",14,鬼,おに,"ghost, demon",Đúng 24 giờ (云) quỷ (鬼) sẽ nhập hồn (魂),0,曇,釜
爵,TƯỚC,Hầu tước,"baron, peerage, court rank",N1,シャク,,17,爪,つめかんむり,claw,Hầu tước (爵) đặt móng tay (ツ) lên võng (皿) không tốt (良) nên bị thốn (寸),0,腿,郷
蔭,ẤM,Âm u,"shade, shadow, backing assistance",N1,"イン, オン",かげ,14,艸,くさかんむり,grass,Cỏ (艹) mọc nơi âm u (陰) chỗ bóng râm (蔭),0,陰,曇
陰,ÂM,Âm u,"shade, yin, negative, sex organs, secret, shadow",N1,イン,"かげ, かげ.る",11,阜,こざとへん,"mound, dam (阝 left)",Bồ (阝) ơi! Bây giờ (今) là 24 giờ (云) trời rất âm u (陰),6,云,蔭
云,VÂN,Nói,say,N1,ウン,"い.う, ここに",4,二,に,two,2 (二) 4 (ム) giờ nói (云) yêu em!,0,窯,陰
憂,ƯU,Ưu phiền,"melancholy, grieve, lament, be anxious, sad, unhappy",N1,ユウ,"うれ.える, うれ.い, う.い, う.き",15,心,わかんむり,heart,Còn lại 1 (一) mình (自) bao trùm (冖) trái tim (心) sau (攵) những ưu phiền (憂),2,柏,腺
曇,ĐÀM,Trời mây,"cloudy weather, cloud up",N1,ドン,くも、くもる、くもり,16,⽇,ひ,"sun, day, time",Mặt trời (日) + mây (雲) = Trời mây (曇),2,蔭,魂
斧,PHỦ,Cái rìu,"ax, hatchet",N1,フ,おの,8,斤,ちち,axe,Bố (父) có 2 cái rìu (斤) (斧),0,釜,郊
懸,HUYỀN,Treo,"state of suspension, hang, depend, consult, distant, far apart",N1,"ケン, ケ","か.ける, か.かる",20,心,こころ,heart,Tỉnh (県) nào làm việc có hệ thống (系) và có tâm (心) sẽ được treo (懸) thưởng,2,咬,迫
柏,BÁCH,Cây sồi,"oak, cypress",N1,"ハク, ヒャク, ビャク",かしわ,9,木,き,tree,Cây (木) có gỗ màu trắng (白) là cây sồi (柏),0,粕,憂
揮,HUY,Chỉ huy,"brandish, wave, wag, swing, shake",N1,キ,ふる.う,12,⺘,てへん,hand,Tay (扌) chỉ về phía quân đội (軍) để chỉ huy (揮),1,鯖,輝
縺,LEN,Rối tung,"tangle, knot, fasten, fetter",N1,レン,もつ.れる,17,糸,いと,silk,Sợi tơ (糸) liên tục (連) bị rối tung (縺),0,蓮,斬
鯖,CHINH,Cá thu,mackerel,N1,"セイ, ショウ",さば,19,魚,うお,fish,Cá (魚) có màu xanh (青) là cá thu (鯖),0,錆,揮
暫,TẠM,Tạm thời,"temporarily, a while, moment, long time",N1,ザン,しばら.く,15,日,ひ,"sun, day",Tạm thời (暫) chém (斬) gió cả ngày (日),1,斬,漸
勲,HUÂN,Huân chương,"meritorious deed, merit",N1,クン,いさお,15,力,れっか,"power, force",Chuyển động (動) trên lửa (灬) nhận được huân chương (勲),0,衝,董
萌,MANH,Mọc mầm,"show symptoms of, sprout, bud, malt",N1,ホウ,"も.える, きざ.す, めばえ, きざ.し",11,艸,くさかんむり,grass,Cỏ (艹) buổi sáng (明) mọc mầm (萌),0,薫,宰
陣,TRẬN,Trận địa,"camp, battle array, ranks, position, sudden, brief time",N1,ジン,,10,阜,こざとへん,"mound, dam (阝 left)",Bồ (阝) cưỡi xe (車) ra trận (陣),0,漸,軸
薫,HUÂN,Hương thơm,"send forth fragrance, fragrant, be scented, smoke (tobacco)",N1,クン,かお.る,16,艸,くさかんむり,grass,Cỏ (艹) có trọng (重) lượng mang đốt (灬) tạo ra hương thơm (薫),0,董,萌
軌,QUỸ,Quỹ đạo,"rut, wheel, track, model, way of doing",N1,キ,,9,車,くるま,"cart, car",Xe (車) chạy 9 (九) vòng quanh quỹ đạo (軌),0,軸,腫
蓮,LIÊN,Hoa sen,lotus,N1,レン,"はす, はちす",13,艸,くさかんむり,grass,Cô giáo Thảo (艹) liên tục (連) hái hoa sen (蓮),0,輝,縺
堀,QUẬT,Hào nước,"ditch, moat, canal",N1,クツ,ほり,11,土,つち,earth,Vùng đất (土) bị che khuất (屈) bởi hào nước (堀),0,拙,窟
董,ĐỔNG,Đồ cổ,correct,N1,トウ,ただ.す,12,艸,くさかんむり,grass,Đồ cổ (董) của cô giáo Thảo (艹) có trọng (重) lượng lớn,0,勲,薫
窟,QUẬT,Cái hang,cavern,N1,"クツ, コツ","いわや, いはや, あな",13,穴,あな,cave,Cái lỗ (穴) bị che khuất (屈) hóa ra là cái hang (窟),0,堀,尚
蝋,LẬP,"Sáp, nến",wax,N1,ロウ,"みつろう, ろうそく",14,虫,むし,insect,Côn trùng (虫) 3 (ツ) năm tuổi có thể sử dụng (用) làm sáp (蝋),0,猟,酷
掌,CHƯỞNG,Lòng bàn tay,"palm of hand, rule, administer, conduct",N1,ショウ,"てのひら, たなごころ",12,手,て,hand,Hòa thượng (尚) tay (手) tung chưởng (掌),1,償,嘗
逐,TRỤC,Trục xuất,"pursue, drive away, chase, accomplish, attain, commit",N1,チク,,10,辵,いのこ,walk,Lợn (豕) đi xa (辶) quá sẽ bị trục xuất (逐),0,嫁,遂
遂,TOẠI,Toại nguyện,"consummate, accomplish, attain, commit (suicide)",N1,スイ,"と.げる, つい.に",12,辵,いのこ,walk,2 (' ') lần bị trục xuất (逐) con lợn đều toại nguyện (遂),2,逐,墜
蒙,MÔNG,Mông cổ,"ignorance, darkness, get, receive, be subjected to, sustain, Mongolia",N1,"モウ, ボウ","こうむ.る, おお.う, くら.い",13,艸,くさかんむり,grass,Cô giáo Thảo (艹) trùm khăn (冖) để bắt 1 (一) con lợn (豕) Mông Cổ (蒙),0,壕,鍵
呪,CHÚ,Thần chú,"spell, curse, charm, malediction",N1,"ジュ, シュ, シュウ, ズ","まじな.う, のろ.い, まじな.い, のろ.う",8,口,くち,"mouth, opening",Miệng (ロ) anh trai (兄) niệm thần chú (呪),0,克,卓
卓,TRÁC,Cái bàn,"eminent, table, desk, high",N1,タク,,8,⼗,じゅう,ten,Cái bàn (卓) to (大) cần làm xong sớm (早),1,呪,悼
只,28. CHỈ,Chỉ,"only, free, in addition",N1,シ,ただ,5,口,くち,"mouth, opening",Miệng (ロ) tám (八) chuyện chỉ (只) tốn thời gian,0,舎,克
鯉,LÍ,Cá chép,carp,N1,リ,こい,18,魚,うお,fish,Cá (魚) mà ông Lí (里) thích nhất là cá chép (鯉),0,閲,狸
纏,TRIỀN,Triền miên,"wear, wrap, tie, follow around, collect",N1,"テン, デン","まつ.わる, まと.う, まと.める, まと.まる, まと.い",21,糸,いと,silk,Do bận dệt tơ (糸) cạnh mái hiên (广) nên ông Lí (里) đi chân (儿) đất (土) triền miên (纏),1,憧,墨
鐘,CHUNG,Chuông,"bell, gong, chimes",N1,ショウ,かね,20,金,かね,"metal, gold",Chuông ( 鐘) vàng (金) tặng cho nhi đồng (童),0,瞳,憧
奢,XA,Xa hoa,"extravagance, luxury",N1,シャ,"おご.る, おご.り",12,大,だい,"big, very",Biệt thự lớn (大) của tác giả (者) nhìn thật xa hoa (奢),0,猪,曙
曙,THỰ,Bình minh,"dawn, daybreak",N1,ショ,あけぼの,17,日,ひ,"sun, day",Bình minh (曙) ngày (日) hôm nay đến công ty nhận chức vụ (署) mới,0,奢,煮
憧,SUNG,Mong ước,"yearn after, long for, aspire to, admire, adore",N1,"ショウ, トウ, ドウ",あこが.れる,15,心,りっしんべん,heart,Trái tim (忄) nhi đồng (童) rất nhiều mong ước (憧),0,鐘,纏
玩,NGOẠN,Du ngoạn,"play, take pleasure in, trifle with, make sport of",N1,ガン,"もちあそ.ぶ, もてあそ.ぶ",8,玉,たま,jade (king),Vua (王) Nguyên (元) du ngoạn (玩) đó đây!,1,儲,冠
煮,CHỬ,Đun nấu,"boil, cook",N1,シャ,"に.る, -に, に.える, に.やす",12,火,れっか,fire,Tác giả (者) dùng lửa (灬) để đun nấu (煮),3,曙,躇
厘,LI,Li ti,"rin, 1/10 sen, 1/10 bu",N1,リン,,9,厂,がんだれ,cliff,Dưới sườn núi (厂) ông Lí (里) bé li ti (厘),0,狸,糧
錮,CỐ,Phạt tù,"confinement, to tie",N1,コ,ふさ.ぐ,16,金,かね,"metal, gold",Ăn trộm kho vàng (金) kiên cố (固) nên bị phạt tù (錮),0,箇,胡
糧,LƯƠNG,Lương thực,"provisions, food, bread",N1,"リョウ, ロウ",かて,18,米,こめ,rice,Gạo (米) chiếm số lượng (量) lớn trong lương thực (糧),1,厘,瞳
瑚,HÔ,San hô,"ancestral offering receptacle, coral",N1,"コ, ゴ",,13,玉,たま,jade (king),Vua (王) có cả hồ (胡) san hô (瑚),0,糊,据
粘,NIÊM,Chất dính,"sticky, glutinous, greasy, persevere",N1,ネン,ねば.る,11,米,こめ,rice,Gạo (米) bị chiếm (占) để làm chất dính (粘),1,裾,貼
貼,THIẾP,Dán,"stick, paste, apply",N1,"テン, チョウ","は.る, つ.く",12,貝,かい,shell,Bảo bối (貝) bị chiếm (占) rồi dán (貼) niêm phong,2,粘,帖
阿,A,Kẻ ngốc,"Africa, flatter, fawn upon, corner, nook, recess",N1,"ア, オ","おもね.る, くま",8,阜,こざとへん,"mound, dam (阝 left)",Bồ (阝) em có khả năng (可) là kẻ ngốc (阿),0,苛,扇
鯛,ĐIÊU,Cá tráp,"sea bream, red snapper",N1,チョウ,たい,19,魚,うお,fish,Cá (魚) miệng chu (周) ra là cá tráp (鯛),0,彫,苛
岳,NHẠC,Núi cao,"point, peak, mountain",N1,ガク,たけ,8,山,やま,mountain,Đồi (丘) + núi (山)  = Núi cao (岳),0,詔,功
功,CÔNG,Thành công,"achievement, merits, success, honor, credit",N1,コウ、ク,いさお,5,⼒,ちから,power,Có công (工) lực (カ) sẽ có thành công (功),2,岳,貢
虹,HỒNG,Cầu vồng,rainbow,N1,コウ,にじ,9,虫,むし,insect,Côn trùng (虫) mà công nhân (工) nhìn thấy có màu cầu vồng (虹),0,貢,項
貢,CỐNG,Cống hiến,"tribute, support, finance",N1,"コウ, ク",みつ.ぐ,10,貝,たくみ,shell,Công nhân (工) mang bảo bối (貝) đi cống hiến (貢),2,功,虹
抄,SAO,Sao chép,"extract, selection, summary, copy, spread thin",N1,ショウ,,7,手,てへん,hand,Tay (扌) thiếu (少) thì sao chép (抄) kiểu gì,0,炒,劣
賓,TÂN,Khách quý,"V.I.P., guest",N1,ヒン,"まろうど, したがう",15,貝,うかんむり,shell,Mừng tân gia khách quý (賓) vào nhà (宀) cho 1 (一) ít (少) bảo bối (貝),0,劣,訣
炒,SAO,Xào,"broil, parch, roast, fry",N1,"ソウ, ショウ","い.る, いた.める",8,火,ひ,fire,Lửa (火) bị thiếu (少) thì sao có thể xào (炒),1,沙,抄
訣,QUYẾT,Bí quyết,"separation, part, secret",N1,ケツ,"わかれ, わかれ.る",11,言,げん,speech,Nói chuyện (言) ở trung ương (央) cần biết bí quyết (訣),0,賓,訟
翁,ÔNG,Ông già,venerable old man,N1,オウ,おきな,10,羽,はね,feather,Ở nơi công cộng (公) đang nhặt lông (羽) là ông già (翁),0,聡,恭
糞,PHẨN,Phân,"shit, feces, excrement",N1,フン,くそ,17,米,こめ,rice,Ăn gạo (米) dị dạng (異) đi ngoài ra phân (糞),0,翼,智
嫉,TẬT,Ghen ghét,"jealous, envy",N1,シツ,"そね.む, ねた.む, にく.む",13,女,おんな,"woman, female",Phụ nữ (女) có tật (疾) hay ghen ghét (嫉),2,疾,挨
窃,THIẾT,Trộm cắp,"stealth, steal, secret, private, hushed",N1,セツ,"ぬす.む, ひそ.か",9,穴,あな,cave,Cái lỗ (穴) bị cắt (切) thiết nghĩ chắc là do trộm cắp (窃),0,丙,拐
寛,KHOAN,Khoan dung,"tolerant, leniency, generosity, relax, feel at home, be at ease, broadminded",N1,カン,"くつろ.ぐ, ひろ.い, ゆる.やか",13,宀,うかんむり,roof,Dưới mái nhà (宀) cô giáo Thảo (艹) nhìn (見) mọi người rất khoan dung (寛),2,卸,硯
拐,QUẢI,Bắt cóc,"kidnap, falsify",N1,カイ,,8,手,てへん,hand,Tay (扌) bịt miệng (ロ) kề đao (刀) là bắt cóc (拐),0,窃,祉
卸,TÁ,Bán sĩ,wholesale,N1,シャ,"おろ.す, おろし, おろ.し",9,卩,ふしづくり,kneel,Buổi trưa (午) dừng (止) bán để tiết (卩) kiệm hàng cho bán sỉ (卸),0,祉,寛
窺,KHUY,"Dòm, ngó","lie in wait, spy on, reconnoiter",N1,キ,"うかが.う, のぞく",16,穴,あな,cave,Cái lỗ (穴) có quy tắc (規) không được nhòm ngó (窺),1,硯,系
遜,TỐN,Khiêm tốn,"humble, modest",N1,ソン,"したが.う, へりくだ.る, ゆず.る",13,辵,しんにょう,walk,田,1,系,索
芹,CẦN,Rau cần,parsley,N1,キン,せり,7,艸,くさかんむり,grass,Cô giáo Thảo (艹) cầm rìu (斤) đi cắt rau cần (芹),0,斤,哲
累,"LŨY, LỤY","Tích lũy, hệ lụy","accumulate, involvement, trouble, tie up, continually",N1,ルイ,,11,糸,た,silk,Tích lũy (累) ruộng (田) trồng tơ (糸),0,素,螺
析,TÍCH,Phân tích,"chop, divide, tear, analyze",N1,セキ,,8,木,き,tree,Chặt cây (木) bằng rìu (斤) mang đi phân tích (析),2,匠,斥
訴,TỐ,Tố cáo,"accusation, sue, complain of pain, appeal to",N1,ソ,うった.える,12,言,げん,speech,Tố cáo (訴) lại những lời nói (言) bài xích (斥),1,斥,楼
沫,MẠT,Bọt,"splash, suds",N1,"マツ, バツ","あわ, しぶき, つばき",8,水,さんずい,water,Nước (氵) mạt (末) hạng là nước bọt (沫),0,抹,朱
珠,CHÂU,Châu báu,"pearl, gem, jewel",N1,シュ,たま,10,玉,たま,jade (king),Vua (王) số đỏ (朱) có rất nhiều châu báu (珠),0,殊,徘
誹,PHỈ,Phỉ báng,"ridicule, slander",N1,"ヒ, ハイ",そし.る,15,言,げん,speech,Nói (言) phi (非) phỉ (誹),0,排,扉
排,BÀI,Bài trừ,"repudiate, exclude, expel, reject, line up, arrange",N1,ハイ,,11,手,てへん,hand,Tay (扌) phi thường (非) bị bài trừ (排),0,徘,誹
扉,PHI,Cánh cửa,"front door, title page, front page",N1,ヒ,とびら,12,戶,と,"door, house",Cánh cửa (戸) phi thường (非) vẫn chỉ là cánh cửa (扉),1,誹,斐
嗅,KHỨU,Ngửi,"smell, sniff, scent",N1,キュウ,か.ぐ,13,口,くち,"mouth, opening",Miệng (ロ) tự (自) con chó (犬) ngửi (嗅) thấy hôi,1,臭,鼾
鼾,HÃN,Ngủ ngáy,snoring,N1,カン,いびき,17,鼻,はな,nose,Mũi (鼻) khô (干) là bị ngủ ngáy (鼾),0,嗅,喀
賂,LỘ,Hối lộ,bribe,N1,ロ,"まいな.い, まいな.う",13,貝,かい,shell,Mang bảo bối (貝) của các vị (各) đi hối lộ (賂),1,酪,露
按,ÁN,An bài,"hold, consider, investigate",N1,アン,"おさ.える, しら.べる",9,手,てへん,hand,Tay (扌) an (安) bài (按),0,茹,汝
奴,NÔ,Nô lệ,"guy, slave, manservant, fellow",N1,ド,"やつ, やっこ",5,女,おんな,"woman, female",Người phụ nữ (女) lại (又) là nô lệ (奴),0,汝,肝
芋,DỤ,Củ khoai,potato,N1,ウ,いも,6,艸,くさかんむり,grass,Cỏ (艹) khô (干) dùng nướng khoai (芋),0,竿,迂
坪,BÌNH,Đo đất,"two-mat area, approx. thirty-six sq ft",N1,ヘイ,つぼ,8,土,つち,earth,Đo (坪) đất (土) của Bình (平),0,迂,秤
諾,NẶC,Đồng ý,"consent, assent, agreement",N1,ダク,,15,言,げん,speech,Đồng ý (諾) nói chuyện (言) với người trẻ (若),1,匿,織
秤,XỨNG,Cái cân,"balances, scales, steelyard",N1,"ショウ, ヒン, ビン",はかり,10,禾,のぎへん,grain,Lúa (禾) Bình (平) mang ra cân (秤),0,坪,匿
蹟,TÍCH,Kỳ tích,"remains, traces, footprint",N1,"セキ, シャク",あと,18,足,あし,foot,Chân (足) cầu thủ có trách nhiệm (責) tạo nên kì tích (蹟),0,漬,釘
釘,ĐINH,Cái đinh,"nail, tack, peg",N1,"テイ, チョウ",くぎ,10,金,かね,"metal, gold",Đinh (釘) vàng (金) thì vẫn là đinh (丁),0,蹟,訂
椎,CHUY,Cột sống,"chinquapin, mallet, spine",N1,"ツイ, スイ","つち, う.つ",12,木,き,tree,Từ trên cây (木) chim (隹) bị ngã gãy cả cột sống (椎),0,准,稚
唯,DUY,Duy nhất,"solely, only, merely, simply",N1,"ユイ, イ",ただ,11,口,くち,"mouth, opening",Mỏ (ロ) chim (隹) là duy nhất (唯),1,推,維
稚,TRĨ,Ấu trĩ,"immature, young",N1,"チ, ジ","いとけない, おさない, おくて, おでる",13,禾,のぎへん,grain,Lấy lúa (禾) cho chim (隹) trĩ (稚) ăn,2,椎,推
礁,TIỀU,Đá ngầm,"reef, sunken rock",N1,ショウ,,17,石,いし,stone,Đá (石) cháy (焦) ngầm (礁),0,焦,蕉
蕉,TIÊU,Chuối tiêu,"banana, plantain",N1,ショウ,,15,艸,くさかんむり,grass,Cô giáo Thảo (艹) đốt cháy (焦) cả vườn chuối (蕉),0,礁,躍
維,DUY,Duy trì,"fiber, tie, rope",N1,イ,,14,糸,いと,silk,Duy (維) dùng tơ (糸) buộc chim (隹),2,唯,羅
堆,ĐÔI,Chất đống,piled high,N1,"タイ, ツイ",うずたか.い,11,土,つち,earth,Đắp đống (堆) đất (土) làm tổ chim (隹),0,羅,焦
雀,TƯỚC,Chim sẽ,sparrow,N1,"ジャク, ジャン, サク, シャク",すずめ,11,隹,ふるとり,small bird,Thiếu (少) mất con chim (隹) sẻ (雀),0,顧,隻
奪,ĐOẠT,Định đoạt,"rob, take by force, snatch away, dispossess, plunder, usurp",N1,ダツ,うば.う,14,大,すん,"big, very",Càng lớn (大) chim (隹) càng cảm thấy thốn (寸) vì không được tự định đoạt (奪) số phận,1,奮,顧
雄,HÙNG,Giống đực,"masculine, male, hero, leader, superiority, excellence",N1,ユウ,"お-, おす, おん",12,隹,ふるとり,small bird,BETONAMU (ナ厶) có con chim (隹) giống đực (雄),0,擁,裸
裸,KHOẢ,Khoả thân,"naked, nude, uncovered, partially clothed",N1,ラ,はだか,13,衣,ころもへん,clothes,Thoát y (衤) kết quả (菓) là khỏa thân (裸),2,雄,彙
擁,ỦNG,Ủng hộ,"hug, embrace, possess, protect, lead",N1,ヨウ,,16,手,てへん,hand,Ủng hộ (擁) dùng tay (扌) xoa đầu (亠) yêu (幺) thương con chim (隹),1,雁,雄
禅,THIỀN,Thiền định,"Zen, silent meditation",N1,"ゼン, セン","しずか, ゆず.る",13,示,しめすへん,sign,Thiền định (禅) đích thị (ネ) cần sự đơn giản (単),0,蝉,箪
廷,ĐÌNH,Triều đình,"courts, imperial court, government office",N1,テイ,,7,廴,えんにょう,long stride,Vua (王) dẫn (廴) quân vào triều đình (廷),0,淫,艇
掠,LƯỢC,Xâm lược,"pillage, rob, graze, skim, sweep over, cheat, hint",N1,"リャク, リョウ","かす.める, かす.る, かす.れる",11,手,てへん,hand,Tay (扌) vào kinh đô (京) để xâm lược (掠),0,鯨,憬
撲,PHÁC,Đánh,"slap, strike, hit, beat, tell, speak",N1,ボク,,15,手,てへん,hand,Tay (扌) xếp hàng (业) cho dê (羊) thì bị người (人) đánh (撲),1,憬,叢
枕,CHẨM,Cái gối,pillow,N1,"チン, シン",まくら,8,木,き,tree,Cây (木) không do dự (尢) mang đi làm gối (枕),0,蹴,耽
践,TIỄN,Thực tiễn,"tread, step on, trample, practice, carry through",N1,セン,ふ.む,13,足,あし,foot,Chân (足) qua 2 lần (毛) đi thực tiễn (践),2,銭,肖
挺,ĐĨNH,Tình nguyện,"bravely volunteer, counter for guns, inksticks, palanquins, rickshaws",N1,"チョウ, テイ",ぬ.く,10,手,てへん,hand,Tay (扌) vào triều đình (廷) làm tình nguyện (挺),0,艇,旋
尤,VƯU,Đương nhiên,"reasonable, just, natural, superb, outstanding, plausible",N1,ユウ,"もっと.も, とが.める",4,尢,だいのまげあし,lame,Con chó (犬) bị gãy chân đương nhiên (尤) rất đáng thương,0,叢,蹴
硝,TIÊU,Diêm tiêu,"nitrate, saltpeter",N1,ショウ,,12,石,いし,stone,Đá (石) tiêu (肖) biến thành diêm tiêu (硝),0,宵,屑
肖,TIÊU,Chân dung,resemblance,N1,ショウ,あやか.る,7,肉,しょう,meat,Chân dung (肖) tiểu (小) Nguyệt (月),0,践,宵
屑,TIẾT,Mảnh vụn,"rubbish, junk, trash, waste, scraps",N1,セツ,"くず, いさぎよ.い",10,尸,しかばね,corpse,Xác chết (尸) tiêu (肖) thành mảnh vụn (屑),0,硝,削
貞,TRINH,Trinh tiết,"upright, chastity, constancy, righteousness",N1,"テイ, ジョウ","ただし.い, さだ",9,貝,ぼく,shell,Trinh tiết (貞) là việc to (大) lớn đối với bảo bối (貝),0,鎖,偵
貫,QUÁN,Nhất quán,"pierce, 8 1/3lbs, penetrate, brace",N1,カン,"つらぬ.く, ぬ.く, ぬき",11,貝,なかれ,shell,Vô (母) tình mang bảo bối (貝) vào quán (貫),1,偵,惧
填,ĐIỀN,Lấp đầy,fill in,N1,"テン, チン","は.まる, は.める, うず.める, しず.める, ふさ.ぐ",13,土,つち,earth,Lấp đầy (填) đất (土) ở chân (真),0,鎮,惜
惜,TÍCH,Tiếc,"pity, be sparing of, frugal, stingy, regret",N1,セキ,"お.しい, お.しむ",11,心,りっしんべん,heart,Trái tim (忄) ngày xưa (昔) đầy thương tích (惜),2,填,錯
跳,KHIÊU,Khiêu vũ,"hop, leap up, spring, jerk, prance, buck, splash, sputter, snap",N1,チョウ,"は.ねる, と.ぶ, -と.び",13,足,あし,foot,Chân (足) nghìn tỷ (兆) đang khiêu vũ (跳),3,措,挑
挑,KHIÊU,Khiêu chiến,"challenge, contend for, make love to",N1,チョウ,いど.む,9,手,てへん,hand,Tay (扌) cầm nghìn tỷ (兆) đi khiêu chiến (挑),3,跳,眺
喝,HÁT,Quát mắng,"hoarse, scold",N1,カツ,,11,口,くち,"mouth, opening",Miệng (ロ) ngậm hạt (曷) mà vẫn quát mắng (喝) như hát hay,0,謁,靄
葛,CÁT,Sắn dây,"arrowroot, kudzu",N1,"カツ, カチ","つづら, くず",11,艸,くさかんむり,grass,Cô giáo Thảo (艹) gieo hạt (曷) sắn dây (葛) vào bãi cát,0,褐,鞭
鞭,TIÊN,Cái roi,"whip, rod, counter for whippings",N1,"ベン, ヘン","むち, むちうつ",18,革,つくりがわ,"leather, rawhide",Roi (鞭) da (革) dùng rất tiện (便),0,葛,梗
靄,ÁI,Sương mù,"mist, haze, fog",N1,アイ,もや,24,雨,あめ,rain,Mưa (雨) cũng cần yết kiến (謁) sương mù (靄),0,喝,褐
哺,BỘ,Mớm,"nurse, suckle",N1,ホ,"はぐく.む, ふく.む",10,口,くち,"mouth, opening",Miệng (ロ) quan phủ (甫) đòi mớm (哺),0,鞄,浦
浦,PHỔ/PHỐ,Bến sông,"bay, creek, inlet, gulf, beach, seacoast",N1,ホ,うら,10,水,さんずい,water,Nước (氵) chảy từ phủ (甫) ra bến sông (浦),0,哺,舗
蟻,NGHĨ,Con kiến,ant,N1,ギ,あり,19,虫,むし,insect,Kiến (蟻) là loại côn trùng (虫) có tình nghĩa (蟻),0,犠,也
綺,KHỈ,Đẹp,"figured cloth, beautiful",N1,キ,あや,14,糸,いと,silk,Sợi tơ (糸) kỳ lạ (奇) nhìn thật đẹp (綺),1,騎,椅
儀,NGHI,Lễ nghi,"ceremony, rule, affair, case, a matter",N1,ギ,,15,人,にんべん,"man, human",Người nhân (亻) nghĩa (義) tuân thủ lễ nghi (儀),3,椅,犠
摘,TRÍCH,Hái,"pinch, pick, pluck, trim, clip, summarize",N1,テキ,つ.む,14,手,てへん,hand,Tay (扌) thích (商) hái (摘),3,嫡,釣
嫡,ĐÍCH,Đích tôn,"legitimate wife, direct descent (non-bastard)",N1,"チャク, テキ",,14,女,おんな,"woman, female",Phụ nữ (女) thích (商) đẻ cháu đích tôn (嫡),0,笥,摘
釣,ĐIẾU,Câu cá,"angling, fish, catch, allure, ensnare",N1,チョウ,"つ.る, つ.り, つ.り-",11,金,かね,"metal, gold",Đi câu cá (釣) vàng (金) bắt chước (勺) theo mọi người,3,摘,灼
錬,LUYỆN,Tinh luyện,"tempering, refine, drill, train, polish",N1,レン,ね.る,16,金,かね,"metal, gold",Tinh luyện (錬) vàng (金) ở phía đông (東),0,煉,陳
陳,TRẦN,Trần thuật,"exhibit, state, relate, explain",N1,チン,ひ.ねる,11,阜,こざとへん,"mound, dam (阝 left)",Bồ (阝) ở phía đông (東) đang trần thuật (陳) lại sự việc,0,錬,渉
渉,THIỆP,Giao thiệp,"ford, go cross, transit, ferry, import, involve",N1,ショウ,わた.る,11,⺡,さんずい,water,Thủy (氵) đi bộ (歩) lên đưa thiệp (渉) mời,4,陳,頻
捗,DUỆ,Tiến bộ,make progress,N1,"チョク, ホ",はかど.る,10,手,てへん,hand,Tay (扌) đó đi bộ (歩) tiến bộ (捗) rất nhanh,0,瀕,幹
潮,TRIỀU,Thủy triều,"tide, salt water, opportunity",N1,チョウ,しお,15,⺡,さんずい,water,Nước (氵) buổi sáng (朝) dâng lên thành thủy triều (潮),1,廟,嘲
淡,ĐẠM,Thanh đạm,"thin, faint, pale, fleeting",N1,タン,あわ.い,11,水,さんずい,water,Uống nước (氵) vừa đỡ viêm (炎) họng vừa thanh đạm (淡) cơ thể,3,嘲,痰
邸,ĐỂ,Lâu đài,"residence, mansion",N1,テイ,やしき,8,邑,むら,town (阝 right),Họ (氏) nhất (一) định để Bồ (阝) trong lâu đài (邸),1,抵,曖
罠,MÂN,Bẫy,"trap, snare",N1,"ビン, ミン","わな, あみ",10,网,あみめ,net,Mắc võng (皿) dân chúng (民) nằm bẫy (罠) chim,0,昏,抵
髄,TỦY,Xương tủy,"marrow, pith, essence",N1,ズイ,,19,骨,ほね,bone,Đau xương (骨) có (有) khi đi xa (辶) vào bên trong tủy (髄),0,賄,随
随,TÙY,Tùy tùng,"follow, though, notwithstanding, while, during, both, all, obey, submit to, comply, at the mercy of (the waves)",N1,ズイ,"まにま.に, したが.う",12,阜,しんにょう,"mound, dam (阝 left)",Bồ (阝) có (有) khi đi xa (辶) sẽ dẫn theo tùy tùng (随),1,髄,堕
楕,THOẢ,Hình elip,ellipse,N1,"ダ, タ",,13,木,き,tree,Cây (木) bên trái (左) của Nguyệt (月) có hình elip (楕),0,惰,垂
唾,THÓA,Nước bọt,"saliva, sputum",N1,"ダ, タ","つば, つばき",11,口,くち,"mouth, opening",Miệng (ロ) rủ xuống (垂) chảy nước bọt (唾),0,垂,剰
嘩,HOA,Cãi nhau,noisy,N1,"カ, ケ",かまびす.しい,13,口,くち,"mouth, opening",Cãi nhau (嘩) mà miệng (ロ) toàn nói lời hoa mỹ (華),1,剰,粋
屯,ĐỒN,Đồn điền,"barracks, police station, camp, ton",N1,トン,たむろ,4,屮,の,sprout,San bằng 7 (七) ngọn núi (山) làm đồn điền (屯),0,悠,頓
粋,TÚY,Tinh tuý,"chic, style, purity, essence, pith, cream, elite, choice",N1,スイ,いき,10,米,こめ,rice,Gạo (米) để 90 (卆) năm rất tinh túy (粋),2,嘩,砕
沌,ĐỘN,Hỗn độn,primeval chaos,N1,トン,くら.い,7,水,さんずい,water,Nước (氵) nghe đồn (屯) đang chuyển động hỗn độn (沌),0,頓,巳
肥,PHÌ,Béo,"fertilizer, get fat, fertile, manure, pamper",N1,ヒ,こ、こえ、こえる、こやす、こやし,8,,にくづき,"meat, flesh",Nguyệt (月) vòng ba (巴) bị béo phì (肥),3,巳,把
把,BẢ,Cầm,"grasp, faggot, bunch, counter for bundles",N1,"ハ, ワ",,7,手,てへん,hand,Tay (扌) ba (巴) cầm bả (把),2,肥,芭
塗,ĐỒ,Sơn,"paint, plaster, daub, smear, coating",N1,ト,ぬ、ぬる、ぬり,13,⼟,つち,earth,"Khi sơn (塗) tường, nước (氵) dư thừa (余) bắn xuống đất (土)",1,叙,李
萎,NUY,Héo,"wither, droop, lame",N1,イ,"な, しお.れる, しな.びる, しぼ.む, な.える",11,艸,くさかんむり,grass,Cỏ (艹) của ủy viên (委) bị héo (萎),0,李,痢
李,LÍ,Cây mận,plum,N1,リ,すもも,7,木,き,tree,Trèo lên cây (木) trẻ con (子) hái mận (李),0,塗,萎
萩,THU,Hoa hagi,bush clover,N1,シュウ,はぎ,12,艸,くさかんむり,grass,Cô giáo Thảo (艹) mùa thu (秋) đi hái hoa Hagi (萩),0,愁,嘆
嘆,THÁN,Ca thán,"sigh, lament, moan, grieve, sigh of admiration",N1,タン,"なげ.く, なげ.かわしい",13,口,くち,"mouth, opening",Miệng (口) học chữ Hán (茣) luôn ca thán (嘆),1,萩,謹
霧,VỤ,Sương mù,"fog, mist",N1,"ム, ボウ, ブ",きり,19,雨,あめ,rain,Mưa (雨) tạo ra vụ (務) sương mù (霧),0,矛,是
矛,MÂU,Mẫu thuẫn,"halberd, arms, festival float",N1,"ム, ボウ",ほこ,5,矛,ほこ,spear,Dự báo (予) là sắp có mâu thuẫn (矛),2,僅,霧
藁,CẢO,Rơm,straw,N1,コウ,わら,17,艸,き,grass,Cỏ (艹) cao (高) cây (木) là rơm (藁),0,嵩,膏
蕎,KIỀU,Kiều mạch,buckwheat,N1,キョウ,そば,15,艸,くさかんむり,grass,Kiều mạch (蕎) là loại cỏ (艹) của trời cao (喬),0,矯,仙
膏,CAO,Thuốc mở,"fat, grease, lard, paste, ointment, plaster",N1,コウ,あぶら,14,肉,たかい,meat,Cao (高) Nguyệt (月) mua là cao (膏) xịn,0,藁,矯
巾,CÂN,Cái khăn,"towel, hanging scroll, width, cloth radical (no. 50)",N1,"キン, フク","おお.い, ちきり, きれ",3,巾,はば,"turban, scarf",Giống hình cái khăn,0,辿,吊
逓,ĐỆ,Đệ trình,"relay, in turn, sending",N1,テイ,"かわ.る, たがいに",10,辵,しんにょう,walk,Đến sườn núi (厂) cầm 2 (二) cái khăn (巾) đi xa (辶) để đệ trình (逓) lên lãnh đạo,0,稀,凧
颯,TÁP,Nhanh chóng,"sudden, quick, sound of the wind",N1,"サツ, ソウ",さっ.と,14,風,たつ,wind,Đứng (立) đối đầu với phong (風) ba bão táp (颯),0,凪,此
淀,ĐIẾN,Ứ đọng,"pool, eddy",N1,"テン, デン",よど.む,11,水,さんずい,water,Nước (氵) bị cố định (定) do ứ đọng (淀),0,柴,錠
砦,TRẠI,Thành trì,"fort, stronghold, entrenchments",N1,サイ,とりで,11,石,いし,stone,Đây (此) là đá (石) để xây thành trì (砦),0,雌,柴
礎,SỞ,Cơ sở,"cornerstone, foundation stone",N1,ソ,いしずえ,18,,いしへん,stone,Hang đá (石) trong rừng (林) được hạ (下) nhân (人) dùng làm cơ sở (礎),1,婿,兜
仰,NGƯỠNG,Ngưỡng mộ,"face-up, look up, depend, seek, respect, revere, drink, take",N1,"ギョウ, コウ","あお.ぐ, おお.せ, お.っしゃる, おっしゃ.る",6,人,にんべん,"man, human",Người (亻) ra CD (卯) được ngưỡng mộ (仰),1,兜,抑
婿,TẾ,Chú rể,"bridegroom, son-in-law",N1,セイ,むこ,12,女,おんな,"woman, female",Chú rể (婿) bắt cóc người phụ nữ (女) hạ (下) nhân (人) dưới ánh trăng (月),0,綻,礎
卯,MÃO,Năm mão,"sign of the hare or rabbit, fourth sign of Chinese zodiac, 5-7AM, east",N1,"ボウ, モウ",う,5,卩,の,kneel,Giải (g) phóng (卩) vào năm Mão (卯),0,叩,柳
僧,TĂNG,Tăng lữ,"Buddhist priest, monk",N1,ソウ,,13,人,にんべん,"man, human",Người (亻) cháu (曽) là tăng lữ (憎),0,曽,噌
辰,THẦN,Thìn,"sign of the dragon, 7-9AM, fifth sign of Chinese zodiac, shin dragon radical (no. 161)",N1,"シン, ジン",たつ,7,辰,しんのたつ,morning,Dưới sườn núi (厂) đang uống 2 (二) LY (LY ) rượu là thần (辰),0,捉,賑
賑,CHẨN,Náo nhiệt,"flourish, be bustling, prosperity",N1,シン,"にぎ.わい, にぎ.やか, にぎ.わす, にぎ.わう",14,貝,かい,shell,Các bảo bối (貝) của thần (辰) tạo ra không khí náo nhiệt (娠),2,辰,唇
孔,KHỔNG,Khổng tử,"cavity, hole, slit, very, great, exceedingly",N1,"コウ, ク",あな,4,子,こ,"child, seed",Trẻ con (子) Luôn (L) thích Khổng Tử (孔),0,辱,踪
辱,NHỤC,Nhục nhã,"embarrass, humiliate, shame",N1,ジョク,はずかし、はずかしめ、はずかしめる,10,⾠,しんのたつ,"Fifth zodiac sign, 7–9 A.M.",Thần (辰) thái mà bị thốn (寸) thì đúng là nhục (辱),1,唇,孔
崇,SÙNG,Sùng bái,"adore, respect, revere, worship",N1,スウ,あが.める,11,山,やま,mountain,Dưới núi (山) tôn giáo (宗) được sùng bái (崇),1,綜,捺
斎,TRAI,Ăn chay,"purification, Buddhist food, room, worship, avoid, alike",N1,サイ,"とき, つつし.む, ものいみ, い.む, いわ.う, いつ.く",11,文,せい,"script, literature",Nước Tề (斉) từ nhỏ (小) đã ăn chay (斎),0,捺,尉
慰,ÚY,An ủi,"consolation, amusement, seduce, cheer, make sport of, comfort, console",N1,イ,"なぐさ.める, なぐさ.む",15,心,こころ,heart,Đại úy (尉) trái tim (心) cũng cần an ủi (慰),1,尉,俵
涎,TIÊN,Nước dãi,"saliva, slobber",N1,"セン, エン",よだれ,10,水,さんずい,water,Nước (氵) có thể kéo dài (延) là nước dãi (涎),0,征,吾
陪,BỒI,Bồi thẩm đoàn,"obeisance, follow, accompany, attend on",N1,バイ,,11,阜,こざとへん,"mound, dam (阝 left)",Bồ (阝) làm cùng bộ phận (部) trong bồi thẩm đoàn (陪),0,悟,培
賠,BỒI,Bồi thường,"compensation, indemnify",N1,バイ,,15,貝,かい,shell,Bảo bối (貝) được bộ phận (音) mang đi bồi thường (賠),1,培,剖
菩,BỒ,Bồ tát,"kind of grass, sacred tree",N1,ボ,,11,艸,くさかんむり,grass,Cỏ (艹) dương liễu là 1 bộ phận (音) của bình Tịnh thủy mà Bồ Tát (菩) cầm,0,剖,刈
壮,TRÁNG,Cường tráng,"robust, manhood, prosperity",N1,ソウ,さかん,6,士,しょうへん,"scholar, bachelor",Đứng cạnh tường (丬) binh sĩ (士) có cơ thể rất cường tráng (壮)),1,刈,寸
肘,TRỬU,Khuỷu tay,"elbow, arm",N1,チュウ,ひじ,7,肉,つき,meat,Nguyệt (月) bị thốn (寸) ở khuỷu tay (肘),0,酎,附
附,PHỤ,Phụ lục,"affixed, attach, refer to, append",N1,フ,"つ.ける, つ.く",8,阜,こざとへん,"mound, dam (阝 left)",Bồ (阝) được giao phó (付) làm phụ lục (附),0,肘,腐
献,HIẾN,Hiến dân,"offering, counter for drinks, present, offer",N1,"ケン, コン",たてまつ.る,13,犬,いぬ,dog,Hiến dâng (献) đất phía Nam (南) để nuôi chó (犬),3,狩,彦
諺,NGẠN,Tục ngữ,proverb,N1,ゲン,ことわざ,16,言,げん,speech,Lời nói (言) của Ngưu Lang (彦) đã trở thành tục ngữ (諺),0,彦,袖
笛,ĐỊCH,Cái sáo,"flute, clarinet, pipe, whistle, bagpipe, piccolo",N1,テキ,ふえ,11,⺮,たけかんむり,bamboo,Trúc (竹) tự do (由) làm sáo (笛),0,袖,抽
抽,TRỪU,Trừu tượng,"pluck, pull, extract, excel",N1,チュウ,ひき-,8,手,てへん,hand,Tay (扌) tự do (由) trừu tượng (抽),3,笛,柚
舷,HUYỀN,Mạn thuyền,gunwale,N1,ゲン,"ふなばた, ふなべり",11,舟,ふね,boat,Ngồi tựa mạn (舷) thuyền (舟) cùng em Huyền (玄),0,弦,眩
酵,DIẾU,Lên men,fermentation,N1,コウ,,14,酉,ひよみのとり,"wine, alcohol","Giờ Dậu (酉), con hiếu thảo (孝) mang rượu lên men (酵) cho bố",1,孝,拷
禍,HỌA,Tai họa,"calamity, misfortune, evil, curse",N1,カ,わざわい,13,示,しめすへん,sign,Chỉ thị (ネ) vượt qua (咼) tai họa (禍),0,渦,鍋
嗜,THỊ,Ham thích,"like, taste, modest",N1,シ,"たしな.む, たしな.み, この.む, この.み",13,口,くち,"mouth, opening","Nhân khẩu (口) già (老) hóa, người Nhật (日) chỉ ham thích (嗜) sống 1 mình",0,姥,孝
叶,DIỆP,Đáp ứng,"grant, answer",N1,キョウ,"かな.える, かな.う",5,口,くち,"mouth, opening",Miệng (口) nói 10 (十) lần sẽ được đáp ứng (叶),0,鍋,辻
辻,TỬ,Khớp,"crossing, crossroad, street corners, (kokuji)",N1,,つじ,5,辵,じゅう,walk,10 (十) vị trí đi xa (辶) không còn ăn khớp (辻),0,叶,迅
迅,TẤN,Nhanh chóng,"swift, fast",N1,ジン,,6,辵,しんにょう,walk,Sườn núi ngược (厂) mà 10 (十) người đi xa (辶) một cách nhanh chóng (迅),1,辻,訊
還,HOÀN,Hoàn trả,"send back, return",N1,カン,かえ.る,16,辵,しんにょう,walk,Võng (皿) mượn ở công viên (袁) phải đi xa (辶) để hoàn trả(還),1,猿,亜
唖,Á,Câm,"mute, dumb",N1,"ア, アク",おし,10,口,くち,"mouth, opening",Miệng (口) người châu Á (亜) không hề câm (唖),0,亜,壷
慄,LẬT,Sợ run,fear,N1,リツ,"ふる.える, おそ.れる, おのの.く",13,心,りっしんべん,heart,Trái tim (忄) ăn trộm hạt dẻ (栗) nên sợ run (慄),0,栗,遷
遷,THIÊN,Biến thiên,"transition, move, change",N1,セン,"うつ.る, うつ.す, みやこがえ",15,辵,にし,walk,Thiên (遷) Trúc ở phía tây (西) Đại (大) Đường 2 (己) người phải đi xa (辶) mới tới,1,慄,漂
瓢,BIỀU,Bầu,gourd,N1,ヒョウ,"ひさご, ふくべ",17,瓜,うり,melon,Bỏ phiếu (票) trồng dưa (瓜) hay trồng bầu (瓢),0,剽,凹
凹,AO,Chỗ lõm,"concave, hollow, sunken",N1,オウ,"くぼ.む, へこ.む, ぼこ",5,凵,かんにょう,"container, open mouth",Ao có chỗ lõm (凹) hình chữ U,0,瓢,凸
蛍,HUỲNH,Đom đóm,"lightning-bug, firefly",N1,ケイ,ほたる,11,虫,しょう,insect,3 (''') người trùm khăn (冖) bắt côn trùng (虫) là đom đóm (蛍),0,凸,蚕
繭,KIỂN,Kén tằm,cocoon,N1,ケン,"まゆ, きぬ",18,糸,くさかんむり,silk,Cô giáo Thảo (艹) ở biên giới (冂) dùng 1 (l) sợi tơ (糸) của côn trùng (虫) để kén tằm (繭),0,蚕,濁
柵,SÁCH,Hàng rào,"stockade, fence, weir, entwine around",N1,"サク, サン","しがら.む, しがらみ, とりで, やらい",9,木,き,tree,Ngồi dưới gốc cây (木) đọc sách (冊) cạnh hàng rào (柵),0,囚,珊
倫,LUÂN,Luân lý,"ethics, companion",N1,リン,,10,人,にんべん,"man, human",Người đứng (亻) trên núi Côn Lôn (侖) bàn về luân lý (倫),0,珊,扁
遍,BIẾN,Phổ biến,"everywhere, times, widely, generally",N1,ヘン,あまね.く,12,辵,しんにょう,walk,Muốn làm biển (扁) hiệu cần đi xa (辶) là phổ biến (遍),0,扁,偏
偏,THIÊN,Thiên vị,"partial, side, left-side radical, inclining, biased",N1,ヘン,かたよ、かたよる、かたより,11,⺅,にんべん,person ,Người đứng (亻) cạnh biển (扁) hiệu được thiên vị (偏),3,遍,煎
煎,TIÊN,Rang,"broil, parch, roast, boil",N1,セン,"せん.じる, い.る, に.る",13,火,れっか,fire,Trước (煎) tiên đốt lửa (灬) để rang (煎),0,偏,揃
霊,LINH,Linh hồn,"spirits, soul",N1,"レイ, リョウ",たま,15,雨,あめ,rain,Dưới mưa (雨) đang xếp hàng (並) là các linh hồn (霊),0,癒,譜
茎,HÀNH,Cuống,"stalk, stem",N1,"ケイ, キョウ",くき,8,艸,くさかんむり,grass,Cô giáo Thảo (艹) và Thánh (圣) đều thích ăn Cuống hành (茎),0,怪,典
譜,PHỔ/PHẢ,Gia phả,"musical score, music, note, staff, table, genealogy",N1,フ,,19,言,げん,speech,Lời nói (言) phổ thông (普) đưa vào gia phả (譜),0,霊,顕
典,ĐIỂN,Từ điển,"code, ceremony, law, rule",N1,テン,"ふみ, のり",8,⼋,はち,eight,Ca khúc (曲) số 8 (八) có tên trong từ điển (典),4,茎,膿
網,VÕNG,Cái võng,"netting, network",N1,モウ,あみ,14,糸,いと,silk,Dùng tơ (糸) lụa ở biên giới (冂) tạo bởi cỏ (䒑) vong (亡) hồn làm võng (網),2,盲,径
秀,TÚ,Ưu tú,"excel, excellence, beauty, surpass",N1,シュウ,ひい.でる,7,禾,のぎへん,grain,Cây lúa (禾) số 13 (乃) ưu tú (秀) nhất,1,乃,透
乃,NÃI,Của,"from, possessive particle, whereupon, accordingly",N1,"ナイ, ダイ, ノ, アイ","の, すなわ.ち, なんじ",2,丿,の,slash,Ý nghĩa của (乃) số 13,0,艶,秀
模,MÔ,Mô hình,"imitation, copy, mock",N1,モ、ボ,,14,,きへん,"tree, wood",Dùng cây (木) ở sa mạc (莫) làm mô hình (模),6,莫,膜
膜,MẠC/MÔ,Màng,membrane,N1,マク,,14,肉,つき,meat,Nguyệt (月) ở sa mạc (莫) đang mơ màng (膜),0,模,漠
墓,MỘ,Ngôi mộ,"grave, tomb",N1,ボ,はか,13,⼟,つち,earth,Ở sa mạc (莫) lấy đất (土) xây mộ (墓),1,摸,慕
莫,MẠC,Khổng lồ,"must not, do not, be not",N1,"バク, ボ, マク, モ, ナイ","くれ, なか.れ, なし",10,艸,くさかんむり,grass,Cây cỏ (艹) không thể chịu được cả ngày (日) nắng to (大) trên sa mạc (莫),1,透,模
旗,KÌ,Lá cờ,"national flag, banner, standard",N1,キ,はた,14,,ほうへん,"direction, flag",Cờ (旗) treo theo phương (方) nằm ngang (冖) nhìn hơi kì (其),1,欺,塞
甚,THẬM,"Rất, lắm","tremendously, very, great, exceedingly",N1,ジン,"はなは.だ, はなは.だしい",9,甘,あまい,sweet,Mùa này người trồng cam (甘) thất (匹) bát rất (甚) nhiều,1,塞,堪
勘,KHÁM,Trực giác,"intuition, perception, check, compare, sixth sense",N1,カン,,11,力,ちから,"power, force",Rất (甚) có năng lực (力) về trực giác (勘),5,堪,炊
堪,KHAM,Chịu đựng,"withstand, endure, support, resist",N1,"カン, タン","た.える, たま.る, こら.える, こた.える",12,土,つち,earth,Đất (土) đai nhiều quá rất (甚) khó kham (堪) nổi,1,甚,勘
羨,TIỆN,Ghen tị,"envious, be jealous, covet",N1,"セン, エン","うらや.む, あまり",13,羊,ひつじ,sheep,Dê (羊) uống nước (氵) thấy thiếu (欠) nên vẫn ghen tị (羨),1,恣,款
款,KHOẢN,Điều khoản,"goodwill, article, section, friendship, collusion",N1,カン,,12,欠,さむらい,"lack, yawn",Binh sĩ (士) ra chỉ thị (示) bị thiếu (欠) điều khoản (款),0,羨,逢
蜂,PHONG,Con ong,"bee, wasp, hornet",N1,ホウ,はち,13,虫,むし,insect,Các loại côn trùng (虫) trùng phùng (夆) với con ong (蜂),0,峰,且
租,TÔ,Tô thuế,"tariff, crop tax, borrowing",N1,ソ,,10,禾,のぎへん,grain,Được trồng lúa (禾) thả (且) ga nhưng vẫn phải nộp tô thuế (租),0,粗,狙
粗,THÔ,Thô bạo,"coarse, rough, rugged",N1,ソ,"あら.い, あら-",11,米,こめ,rice,Bao gạo (米) bị thả (且) một cách thô bạo (粗),2,且,租
誼,NGHỊ,Hữu nghị,"friendship, intimacy",N1,ギ,"よしみ, よい",15,言,げん,speech,Nói chuyện (言) không nghi (宜) ngời mới là tình hữu nghị (誼),0,宜,拘
駒,CÂU,Ngựa con,"pony, horse, colt",N1,ク,こま,15,馬,うま,horse,Ngựa (馬) to cay cú (句) vì bị ngựa con (駒) đá,0,拘,驚
拘,CÂU,Bắt giữ,"arrest, seize, concerned, adhere to, despite",N1,コウ,かか.わる,8,手,てへん,hand,Tay (扌) đó rất cay cú (句) khi bị bắt giữ (拘),0,誼,駒
罫,QUẢI,Trở ngại,ruled line,N1,"ケイ, カイ, ケ",,13,网,あみめ,net,Võng (皿) của Ngọc Khuê (圭) to (卜) làm trở ngại (罫) cả đường đi,0,佳,鮭
駆,KHU,Chạy nhanh,"drive, run, gallop, advance, inspire, impel",N1,ク,"か.ける, か.る",14,馬,うま,horse,Ngựa (馬) ở khu vực (区) này chạy nhanh (駆) nhất,5,桐,枢
萬,VẠN,"10,000","ten thousand, 10,000",N1,"マン, バン",よろず,12,艸,くさかんむり,grass,Cô giáo Thảo (艹) ngu dốt (禺) gấp vạn (萬) lần,0,遇,寓
遇,NGỘ,Hội ngộ,"meet, encounter, interview, treat, entertain, receive, deal with",N1,グウ,あ.う,12,辵,しんにょう,walk,Hội người ngu dốt (禺) đi xa (辶) để hội ngộ (遇),2,愚,萬
桂,QUẾ,Cây quế,"Japanese Judas-tree, cinnamon tree",N1,ケイ,かつら,10,木,き,tree,Cây (木) Ngọc Khuê (圭) đang trồng là cây quế (桂),0,窪,橘
桐,ĐỒNG,Ngô đồng,paulownia,N1,"トウ, ドウ",きり,10,木,き,tree,Ngô đồng (桐) cây (木) nào cũng giống nhau (同),0,胴,駆
愚,NGU,Ngu dốt,"foolish, folly, absurdity, stupid",N1,グ,おろ.か,13,心,こころ,heart,Ngu (禺) từ tâm (心) là ngu dốt (愚) nhất,2,鴎,遇
簾,LIÊM,Mành tre,"bamboo screen, rattan blind",N1,レン,"すだれ, す",19,竹,たけ,bamboo,Trúc (竹) liêm khiết (廉) dùng làm mành tre (簾),0,廉,鎌
謙,KHIÊM,Khiêm tốn,"self-effacing, humble oneself, condescend, be modest",N1,ケン,へりくだ.る,17,言,げん,speech,Lời nói (言) của người kiêm (兼) nhiều chức vụ thường khiêm tốn (謙),3,鎌,亥
咳,KHÁI,Ho,"cough, clear throat",N1,"カイ, ガイ","せ.く, しわぶ.く, せき, しわぶき",9,口,くち,"mouth, opening",Miệng (口) con lợn (亥) đang ho (咳),0,亥,該
趣,THÚ,Hứng thú,"purport, gist, elegance, interest, proceed to, tend, become",N1,シュ,おもむき,15,,そうにょう,to run,Chạy (走) đi lấy (取) hứng thú (趣),3,履,娶
劾,HẶC,Luận tội,"censure, criminal investigation",N1,ガイ,,8,力,ちから,"power, force",Con lợn (亥) dùng sức lực (力) thì phải luận tội (劾),0,骸,覆
偲,TI,Tưởng nhớ,"recollect, remember",N1,"サイ, シ",しの.ぶ,11,人,にんべん,"man, human",Người đứng (亻) suy nghĩ (思) là tưởng nhớ (偲),0,撮,穂
碑,BI,Bia,"tombstone, monument",N1,ヒ,いしぶみ,14,石,いし,stone,Bia (碑) đá (石) không dành cho kẻ ti tiện (卑),0,卑,苗
穂,TUỆ,Bông lúa,"ear, ear (grain), head, crest (wave)",N1,スイ,ほ,15,禾,のぎへん,grain,Hòa (禾) đền đáp ân huệ (恵) bằng bông lúa (穂),0,偲,塁
塁,LŨY,Thành lũy,"bases, fort, rampart, walls, base(ball)",N1,"ルイ, ライ, スイ",とりで,12,土,た,earth,Ruộng (田) phun nước (> <) thuộc đất (土) của thành lũy (塁),0,穂,卑
隙,KHÍCH,Lỗ hổng,"crevice, fissure, discord, opportunity, leisure",N1,"ゲキ, キャク, ケキ","すき, す.く, す.かす, ひま",13,阜,こざとへん,"mound, dam (阝 left)",Lỗ hổng (隙) kiến thức của em Bồ (阝) nhỏ (小) ngày (日) càng nhỏ (小) đi,0,瞭,竜
竜,LONG,Con rồng,"dragon, imperial",N1,"リュウ, リョウ, ロウ","たつ, いせ",10,立,りゅう,"stand, erect",Đứng (立) cả ngày (日) vẫy đuôi Là (L) con rồng (竜),1,隙,篭
鬼,QUỶ,Con quỷ,"ghost, devil",N1,キ,"おに, おに-",10,鬼,おに,"ghost, demon",1 mảnh ruộng (由) có dấu chân (儿) của 4 (厶) con quỷ (鬼),0,俺,醜
篭,LỒNG,Cái giỏ,"seclude oneself, cage, coop, implied",N1,"ロウ, ル","かご, こ.める, こも.る, こ.む",16,竹,たけ,bamboo,Giỏ (篭) trúc (竹) có hình con rồng (竜),0,竜,俺
醜,XÚ,Xấu xí,"ugly, unclean, shame, bad looking",N1,シュウ,"みにく.い, しこ",17,酉,ひよみのとり,"wine, alcohol",Giờ Dậu (酉) quỷ (鬼) xấu xỉ (醜) nhất,0,鬼,塊
奉,PHỤNG,Phụng mệnh,"observance, offer, present, dedicate",N1,"ホウ, ブ","たてまつ.る, まつ.る, ほう.ずる",8,大,たてぼう,"big, very",Phụng mệnh (奉) 3 người (夫) đi chặt sừng trâu (キ),0,泰,俸
捧,PHỦNG,Hiến dâng,"lift up, give, offer, consecrate, sacrifice, dedicate",N1,ホウ,ささ.げる,11,手,てへん,hand,Tay (扌) phụng mệnh (奉) hiến dâng (捧),1,俸,擦
擦,SÁT,Ma sát,"grate, rub, scratch, scrape, chafe, scour",N1,サツ,"す.る, す.れる, -ず.れ, こす.る, こす.れる",17,手,てへん,hand,Tay (扌) của Cảnh sát (察) có ma sát (擦),2,捧,柑
嵌,KHẢM,Mắc kẹt,"go into, plunge, inlay",N1,カン,"は.める, は.まる, あな",12,山,やま,mountain,Lên núi (山) hái cam (甘) mà thiếu (欠) quan sát nên bị mắc kẹt (嵌) luôn,0,煤,凶
捲,QUYỂN,"Lật, cuốn","roll, wind, coil, turn pages, roll up sleeves, strip off, be turned, be rolled up",N1,ケン,"ま.く, ま.くる, まく.る, めく.る, まく.れる",11,手,てへん,hand,Tay (扌) cầm quyển sách (巻) lật (捲) sang trang,0,倦,拳
拳,QUYỀN,Nắm đấm,fist,N1,"ケン, ゲン",こぶし,10,手,に,hand,2 ngọn lửa (火) từ tay (手) thành nắm đấm (拳) lửa,0,捲,藤
倦,QUYỆN,Mệt mỏi,"lose interest in, tire of",N1,ケン,"あき.る, あぐ.む, あぐ.ねる, う.む, つか.れる",11,人,にんべん,"man, human",Người đứng (亻) lâu đọc quyển sách (巻) cũng mệt mỏi (倦),0,圏,捲
楷,"GIAI, KHẢI",Cây giai,"square character style, correctness",N1,カイ,,13,木,き,tree,Cây (木) mọi người (皆) thích nhất là cây giai (楷),0,扶,諧
謄,ĐẰNG,Sao chép,"mimeograph, copy",N1,トウ,,17,言,げん,speech,Nguyệt (月) đốt 2 ngọn lửa (火) vừa nói chuyện (言) vừa sao chép (謄) bài,0,藤,騰
騰,ĐẰNG,Tăng giá,"leaping up, jumping up, rising, advancing, going",N1,トウ,"あが.る, のぼ.る",20,馬,つき,horse,Nguyệt (月) đốt 2 ngọn lửa (火) ăn mừng khi ngựa (馬) tăng giá (騰),2,謄,渓
帝,ĐẾ,Hoàng đế,"sovereign, the emperor, god, creator",N1,テイ,みかど,9,巾,なべぶた,"turban, scarf",Người đứng (立) trùm (冖) khăn (巾) là Hoàng Đế (帝),0,昆,締
昆,CÔN,Côn trùng,"descendants, elder brother, insect",N1,コン,,8,日,ひ,"sun, day",Ở Nhật (日) có tỉ (比) con côn trùng (昆),0,諧,帝
勃,BỘT,Bột phát,"suddenness, rise",N1,"ボツ, ホツ","おこ.る, にわかに",9,力,ちから,"power, force",Tung 10 (十) khăn trùm (冖) con (子) có sức lực (力) bột phát (勃) phi thường,0,蹄,脅
痘,ĐẬU,Đậu mùa,"pox, smallpox",N1,トウ,,12,疒,やまいだれ,sickness,Bệnh (疒) đậu (豆) mùa (痘),0,脇,厨
闘,ĐẤU,Chiến đấu,"fight, war",N1,トウ,"たたか.う, あらそ.う",18,門,もんがまえ,gate,Chiến đấu (闘) dưới cổng (門) để chiếm lấy bát đậu (豆) thốn (寸),2,厨,澄
橙,CHANH,Cây cam,bitter orange,N1,トウ,だいだい,16,木,き,tree,Cây (木) đăng ký (登) mua là cây cam (橙),0,澄,噎
嬉,HI,Vui mừng,"glad, pleased, rejoice",N1,キ,"うれ.しい, たの.しむ",15,女,おんな,"woman, female",Phụ nữ (女) có chuyện hỉ (喜) nên vui mừng (嬉),1,噎,樹
噎,Ế,Nghẹn,"choke, smother",N1,"イツ, エツ","む.せる, むせ.ぶ",15,口,くち,"mouth, opening",Miệng (口) binh sĩ (士) trùm khăn (冖) ăn hạt đậu (豆) nên bị nghẹn (噎),0,橙,嬉
宮,CUNG,Cung điện,"Shinto shrine, constellations, palace, princess",N1,キュウ、グウ、ク,みや,10,⼧,うかんむり,"roof, house",Dưới mái nhà (宀) có nhiều bồn tắm (呂) là cung điện (宮),0,侶,丑
侶,LỮ,Bạn,"companion, follower",N1,"リョ, ロ",とも,9,人,にんべん,"man, human",Người đứng (亻) trong bồn tắm (呂) cùng bạn (侶),0,呂,宮
幽,U,Âm u,"seclude, confine to a room, deep, profound, secluded, faint, dark, tranquil, calm",N1,ユウ,"ふか.い, かす.か, くら.い, しろ.い",9,幺,やま,"short, tiny",2 con yêu yêu (幺幺) bị nhốt vào núi (山) âm u (幽),0,滋,幾
畿,KÌ,Kinh kì,"capital, suburbs of capital",N1,キ,みやこ,15,田,いとがしら,field,Đưa 2 con yêu yêu (幺幺) qua (戈) ruộng (田) đến kinh kỳ (畿),0,磯,緩
帆,PHÀM,Cánh buồm,sail,N1,ハン,ほ,6,巾,はば,"turban, scarf",Dùng khăn (巾) phi phàm (凡) làm cánh buồm (帆),0,凡,汎
杭,HÀNG,Cái cọc,"stake, post, picket",N1,コウ,くい,8,木,き,tree,Trồng cây (木) đầu (亠) tiên xong ngồi ghế (几) đóng cọc (杭),0,坑,燕
伏,PHỤC,Phục kích,"prostrated, bend down, bow, cover, lay (pipes)",N1,フク,ふ、ふせる、ふす,6,⺅,にんべん,person ,Người (亻) dẫn chó (犬) đi phục kích (伏),1,筑,獄
抗,KHÁNG,Kháng cự,"confront, resist, defy, oppose",N1,コウ,あらが.う,7,⺘,てへん,hand,Tay (扌) ôm đầu (亠) cầm ghế (几) kháng cự (抗),6,拠,坑
紐,NỮU,Sợi dây,"string, cord, braid, lace, tape, strap, ribbon",N1,"チュウ, ジュウ",ひも,10,糸,いと,silk,Sợi tơ (糸) xỏ mũi con bò (丑) chắc như sợi dây (紐),1,丑,慈
獄,NGỤC,Địa ngục,"prison, jail",N1,ゴク,,14,犬,けものへん,dog,Bị 2 con chó (犭+ 犬) nói (言) như sống trong địa ngục (獄),0,伏,獣
忽,HỐT,Sao nhãng,"in a moment, instantly, all of a sudden, neglect, disregard",N1,コツ,"たちま.ち, ゆるが.せ",8,心,こころ,heart,Con vật (勿) trong tâm (心) hay sao nhãng (忽),0,惣,惚
賜,TỨ,Ban cho,"grant, gift, boon, results",N1,シ,"たまわ.る, たま.う, たも.う",15,貝,かい,shell,Ban cho (賜) bảo bối (貝) một cách dễ dàng (易),0,葱,錫
罵,MẠ,Lăng mạ,"abuse, insult",N1,バ,ののし.る,15,网,あみめ,net,Mắc võng (皿) ngựa (馬) nằm nhìn với ánh mắt lăng mạ (罵),1,錫,篤
惣,VẬT,Đồ ăn sẵn,all,N1,ソウ,すべ.て,12,心,こころ,heart,Chuẩn bị đồ ăn sẵn (惣) cho động vật (勿) là người có tâm (心),0,吻,忽
獣,THÚ,Thú vật,"animal, beast",N1,ジュウ,"けもの, けだもの",16,犬,しょう,dog,3 (''') tiếng kêu dưới ruộng (田) từ 1 (一) cái miệng (口) con chó (犬) như thú vật (獣),0,獄,覇
淋,LÂM,Cô đơn,"lonely, deserted",N1,リン,"さび.しい, さみ.しい",11,水,さんずい,water,Ở dưới nước (氵) hay trên rừng (林) nếu cô đơn (淋),0,焚,麻
撚,NIÊN,Bện chéo,"twist, twine, kinky",N1,ネン,"よ.る, よ.れる, より, ひね.る",15,手,てへん,hand,Tay (扌) tự nhiên (然) bị bện chéo (撚) vào nhau,0,覇,吻
焚,PHẦN,Đốt,"burn, kindle, build a fire, boil, cook",N1,"フン, ホン, ハン","た.く, や.く, やきがり",12,火,ひ,fire,Rừng (林) bị lửa (火) đốt (焚) 1 phần,0,駕,淋
魔,MA,Ma quỷ,"witch, demon, evil spirit",N1,マ,,21,鬼,あさ,"ghost, demon",Ma (麻) + quỷ (鬼) = Ma quỷ (魔),2,磨,暦
摩,MA,Ma sát,"chafe, rub, polish, grind, scrape",N1,マ,"ま.する, さす.る, す.る",15,手,あさ,hand,Ma (麻) dùng tay (手) tạo ra ma sát (摩),2,麻,磨
駕,GIÁ,"Kiệu,cáng","vehicle, palanquin, litter, hitch up an animal",N1,"カ, ガ","かご, が.する, しのぐ, のる",15,馬,うま,horse,Gia tăng (加) thêm ngựa (馬) để rước kiệu (駕),0,迦,焚
潜,TIỀM,Tiềm ẩn,"submerge, conceal, hide, lower (voice), hush",N1,セン,"ひそ.む, もぐ.る, かく.れる, くぐ.る, ひそ.める",15,水,さんずい,water,Nước (氵) cần thay thế (替) vì tiềm ẩn (潜) vi khuẩn,3,讃,笹
喋,ĐIỆP,Nói chuyện,"talk, chat, chatter",N1,"チョウ, トウ","しゃべ.る, ついば.む",12,口,くち,"mouth, opening",Nói chuyện (喋) bằng miệng (口) với thế giới (世) cây (木),1,貰,諜
蝶,ĐIỆP,Con bướm,butterfly,N1,チョウ,,15,虫,むし,insect,Côn trùng (虫) trong thế giới (世) cây (木) là con bướm (蝶),0,諜,姻
姻,NHÂN,Hôn nhân,"matrimony, marry",N1,イン,,9,女,おんな,"woman, female",Người phụ nữ (女) là nguyên nhân (因) dẫn đến hôn nhân (姻),0,蝶,咽
咽,YẾT,Cổ họng,"throat, choked, smothered, stuffy",N1,"イン, エン, エツ","むせ.ぶ, むせ.る, のど, の.む",9,口,くち,"mouth, opening",Há miệng (口) để tìm nguyên nhân (因) đau cổ họng (咽),0,姻,恩
姪,ĐIỆT,Cháu gái,niece,N1,"テツ, チツ, ジチ, イツ, イチ","めい, おい",9,女,おんな,"woman, female",Cháu (姪) gái (女) Chí (至) Phèo,0,緻,蛭
窒,TRẤT,Chất đạm,"plug up, obstruct",N1,チツ,,11,穴,あな,cave,Lỗ (穴) trên người Chí (至) Phèo thải ra chất đạm (窒),0,蛭,尋
擬,NGHĨ,Phỏng theo,"mimic, aim (a gun) at, nominate, imitate",N1,ギ,"まが.い, もど.き",17,手,てへん,hand,Tay (扌) vẫn nghi ngờ (疑) nên cần nghĩ (擬) thêm,0,浸,凝
凝,NGƯNG,Ngưng đọng,"congeal, freeze, stiff, be absorbed in",N1,ギョウ,"こ.る, こ.らす, こご.らす, こご.らせる, こご.る",16,冫,にすい,ice,Băng (冫) nghi ngờ (疑) bị ngưng đọng (凝),2,擬,轄
繕,THIỆN,Sửa chữa,"darning, repair, mend, trim, tidy up, adjust",N1,ゼン,つくろ.う,18,糸,いと,silk,Sửa chữa (繕) áo tơ (糸) lụa mang đi từ thiện (善),0,轄,膳
桁,HÀNH,Chữ số,"beam, girder, spar, unit or column (accounting)",N1,コウ,けた,10,木,き,tree,Cây (木) hành (行) có đánh chữ số (桁),1,衡,酬
硫,LƯU,Lưu huỳnh,sulphur,N1,リュウ,,12,石,いし,stone,Đá (石) đầu (亠) tư (厶) vào dòng sông (川) để sản xuất lưu huỳnh (硫),0,馴,荒
馴,TUẦN,Quen,"get used to, experienced, tamed",N1,"ジュン, シュン, クン","な.れる, な.らす, したが.う",13,馬,うま,horse,Ngựa (馬) đi tuần ở sông (川) quen (馴),0,酬,硫
酬,THÙ,Thù lao,"repay, reward, retribution",N1,"シュウ, シュ, トウ",むく.いる,13,酉,ひよみのとり,"wine, alcohol",Giờ Dậu (酉) mang cửu châu (州) đi trả thù lao (酬),1,桁,馴
漱,"SẤU, THẤU",Súc miệng,"gargle, rinse mouth",N1,"ソウ, シュウ, ス","くちすす.ぐ, くちそそ.ぐ, うがい, すす.ぐ",14,水,さんずい,water,Dùng nước (氵) để thúc (束) vào chỗ thiếu (欠) là súc miệng (漱),0,嗽,勅
瓜,QUA,Dưa,melon,N1,"カ, ケ",うり,6,瓜,うり,melon,Dùng móng tay (爪) gõ (一) qua qua vào quả dưa (瓜),0,爪,狐
狐,HỒ,"Hồ ly, cáo",fox,N1,コ,きつね,9,犬,けものへん,dog,Chó (犭) ăn dưa (瓜) biến thành hồ ly (狐),0,瓜,孤
弧,HỒ,Cung tròn,"arc, arch, bow",N1,コ,,9,弓,ゆみ,bow,Bắn cung (弓) qua (瓜) hồ (弧),0,孤,派
亦,DIỆC,Hơn nữa,"also, again",N1,"エキ, ヤク",また,6,亠,なべぶた,lid,Lưu Diệc Phi (亦) đầu (亠) bốc lửa (火),0,嚇,蛮
喪,TANG,Tang lễ,"miss, mourning",N1,ソウ,も,12,口,じゅう,"mouth, opening",10 (十) 2 cái miệng (口) gào khóc y (衣) như tang lễ (喪),1,衰,畏
衷,TRUNG,Trung thực,"inmost, heart, mind, inside",N1,チュウ,,9,衣,ころも,clothes,10 (十) cái miệng (口) nói y (衣) như là trung thực (衷),1,蛮,哀
衰,SUY,Suy nhược,"decline, wane, weaken",N1,スイ,おとろ.える,10,衣,ころも,clothes,1 (一) ai (哀) đó đang bị suy nhược (衰) cơ thể,1,哀,喪
壌,NHƯỠNG,Thổ nhưỡng,"lot, earth, soil",N1,ジョウ,つち,16,土,つち,earth,Đất (土) của cô nương (裏) rất giàu thổ nhưỡng (壌),0,譲,醸
醸,NHƯỠNG,Lên men,"brew, cause",N1,ジョウ,かも.す,20,酉,ひよみのとり,"wine, alcohol",Giờ Dậu (酉) cô nương (裏) lên men (醸) rượu,0,壌,棚
択,TRẠCH,Lựa chọn,"choose, select, elect, prefer",N1,タク,えら.ぶ,7,手,てへん,hand,Tay (扌) bị xích (尺) lại không còn lựa chọn (択),2,釈,尽
冴,NGÀ,Tỉnh táo,"be clear, serene, cold, skilful",N1,"ゴ, コ","さ.える, こお.る, ひ.える",7,冫,にすい,ice,Băng (冫) chạm vào răng nanh (牙) tỉnh táo (冴) cả người,1,芽,雅
雅,NHÃ,Nhã nhặn,"gracious, elegant, graceful, refined",N1,ガ,みや.び,13,隹,きば,small bird,Người nhã nhặn (雅) không nhe răng nanh (牙) dọa chim (隹),1,冴,邪
綱,CƯƠNG,Dây thừng,"hawser, class (genus), rope, cord, cable",N1,コウ,つな,14,糸,いと,silk,Sợi tơ (糸) gắn kim cương (岡) thì đắt hơn dây thừng (綱),0,鋼,礫
邪,TÀ,Tà ma,"wicked, injustice, wrong",N1,ジャ,よこし.ま,8,⻏,おおざと,"village, country, city",Răng nanh (牙) của Bồ (阝) nhìn rất tà ma (邪),3,雅,穿
慨,KHÁI,Khẳng khái,"rue, be sad, sigh, lament",N1,ガイ,なげ.く,13,心,りっしんべん,heart,Trái tim (忄) đã (既) trở nên khẳng khái (慨),0,既,概
礫,LỊCH,Sỏi,small stones,N1,レキ,"つぶて, こいし",20,石,いし,stone,Sỏi (礫) đá (石) màu trắng (白) nhìn yêu (幺) quá đổi bằng cây (木) vàng,0,綱,牙
摂,NHIẾP,Nhiếp chính,"vicarious, surrogate, act in addition to, take in, absorb",N1,"セツ, ショウ","おさ.める, かね.る, と.る",13,手,てへん,hand,Tay (扌) véo tai (耳) nước bắn tung tóe (><) trong buổi nhiếp chính (摂),1,餌,敢
概,KHÁI,Khái niệm,"outline, condition, approximation, generally",N1,ガイ,おおむ.ね,14,,きへん,"tree, wood",Cây (木) đã (既) có khái niệm (概),4,慨,郡
巧,XẢO,Tinh xảo,"adroit, skilled, ingenuity",N1,コウ,"たく.み, たく.む, うま.い",5,工,たくみ,work,Mất công (工) làm 5 (ち) năm ra sản phẩm tinh xảo (巧),3,敢,朽
朽,HỦ,Mục nát/thối rữa,"decay, rot, remain in seclusion",N1,キュウ,く.ちる,6,木,き,tree,Cây (木) để 5 (ち) nămthì mục nát (朽),2,巧,誇
妖,YÊU,Yêu quái,"attractive, bewitching, calamity",N1,ヨウ,"あや.しい, なま.めく, わざわ.い",7,女,おんな,"woman, female",Nữ (女) yêu (天) quái (妖),0,鰐,沃
郡,QUẬN,Quận huyện,"county, district",N1,グン,こおり,10,⻏,おおざと,"village, country, city",Đưa em (君) Bồ (阝) ra quận huyện (郡) chơi,0,概,茸
狂,CUỒNG,Phát cuồng,disorder,N1,キョウ,くる、くるう、くるおしい、くるわす、くるわせる,7,⺨,けものへん,beast,Chó (犭) đẹp khiến vua (王) phát cuồng (狂),1,呑,旺
鰐,NGẠC,Cá sấu,"alligator, crocodile",N1,ガク,わに,20,魚,うお,fish,Cá (魚) có 2 miệng (口) to gấp 15 (一ち) lần là cá sấu (鰐),0,愕,妖
班,BAN,Nhóm,"squad, corps, unit, group",N1,ハン,,10,,おうへん,"jewelry, jeweled king",2 ông vua (王) dùng đao (刂) phân chia ban nhóm (班),0,旺,斑
氾,PHIẾM,Tràn lan,"spread out, wide",N1,ハン,ひろ.がる,5,水,さんずい,water,Nước (氵) C (已) sủi tràn lan (氾),1,範,怨
椀,OẢN,Bát gỗ,wooden or lacquered bowl,N1,ワン,はち,12,木,き,tree,Bát (椀) gỗ (木) của Uyên (宛),0,怨,碗
斑,BAN,Vết đốm,"spot, blemish, speck, patches",N1,ハン,"ふ, まだら",12,文,たま,"script, literature",2 ông vua (王) bị ép làm văn (文) đến mức sốt phát ban (斑),0,班,栓
逮,ĐÃI,Bắt,"apprehend, chase",N1,タイ,,11,辵,れいづくり,walk,Em Thủy (隶) trốn đi xa (辶) vẫn bị bắt (逮),1,誉,隷
隷,LỆ,Nô lệ,"slave, servant, prisoner, criminal, follower",N1,レイ,"したが.う, しもべ",16,隶,さむらい,"slave, capture",Binh sĩ (士) ra chỉ thị (示) cho Em Thủy (隶) thiết đãi nô lệ (隷),0,逮,粛
庸,DUNG,Ung dung,"commonplace, ordinary, employment",N1,ヨウ,,11,广,まだれ,house on cliff,Dưới mái hiên (广) Em (ヨ) sử dụng (用) tay đan len rất ung dung (庸),0,繍,唐
唐,ĐƯỜNG,Nhà đường,"T'ang, China, foreign",N1,トウ,から,10,口,まだれ,"mouth, opening",Dưới mái hiên (广) 1 Em (ヨ) miệng (口) nói vọng ra ngoài đường (唐),0,庸,避
臨,LÂM,Lâm thời,"look to, face, meet, confront, attend, call on",N1,リン,のぞ、のぞむ,18,⾂,しん,"retainer, minister",Thần (臣) nằm (𠂉) ngắm sản phẩm (品) lâm thời (臨),2,癖,謳
癖,PHÍCH,Thói quen,"mannerism, habit, vice, trait, fault, kink",N1,ヘキ,"くせ, くせ.に",18,疒,やまいだれ,sickness,Bệnh (疒) tích (辟) tụ lâu thành thói quen (癖) xấu,1,璧,臨
繰,SÀO,Quấn,"winding, reel, spin, turn (pages), look up, refer to",N1,ソウ,く.る,19,糸,いと,silk,Dùng sợi tơ (糸) quấn sản phẩm (品) vào cây (木) sào (繰),3,操,藻
窮,CÙNG,Tận cùng,"hard up, destitute, suffer, perplexed, cornered",N1,"キュウ, キョウ","きわ.める, きわ.まる, きわ.まり, きわ.み",15,穴,あな,cave,"Lỗ (穴) trên thân (身) là do cung tên (弓) bắn, đúng là tận cùng (窮) nỗi đau",2,弓,弔
弓,CUNG,Cung tên,"bow, bow (archery, violin)",N1,キュウ,ゆみ,3,⼸,ゆみ,bow（in archery）,Hình cung tên,0,醤,窮
弔,ĐIẾU,Tiễn đưa,"condolences, mourning, funeral",N1,チョウ,"とむら.う, とぶら.う",4,弓,ゆみ,bow,Cầm cung (弓) bắn 1 (丨) mũi tên tiễn đưa (弔) hương hồn,0,窮,剃
鰯,MÒI,Cá mòi,"sardine, (kokuji)",N1,,いわし,21,魚,うお,fish,Cá (魚) yếu (弱) nhất là cá mòi (鰯),0,溺,那
沸,PHÍ,Sôi lên,"seethe, boil, ferment, uproar, breed",N1,フツ,わ、わく、わかす,8,⺡,さんずい,water,Nước (氵) trong 2 cung (弗) đang sôi lên (沸),4,梯,溺
剃,THẾ,Cao (râu),shave,N1,テイ,"まい, そ.る, す.る",9,刀,りっとう,"knife, sword",Em trai (弟) dùng đao (刂) cạo râu (剃),0,弔,梯
邦,BANG,Liên bang,"home country, country, Japan",N1,ホウ,くに,7,邑,むら,town (阝 right),Có 31 (手) Bộ (阝) tộc tạo thành 1 bang (邦),0,那,寿
鋳,CHÚ,Đúc,"casting, mint",N1,"チュウ, イ, シュ, シュウ",い.る,15,金,かね,"metal, gold",Vàng (金) muốn giữ tuổi thọ (寿) lâu phải đúc (鋳),0,寿,怯
寿,THỌ,Tuổi thọ,"longevity, congratulations, one's natural life",N1,"ジュ, ス, シュウ","ことぶき, ことぶ.く, ことほ.ぐ",7,寸,の,"thumb, inch",Trải qua 31 (手) lần thốn (寸) thì tuổi thọ (寿) sẽ cao,3,邦,鋳
蓋,CÁI,Cái vung,"cover, lid, flap",N1,"ガイ, カイ, コウ","ふた, けだ.し, おお.う, かさ, かこう",13,艸,くさかんむり,grass,Cô giáo Thảo (艹) trong quá khứ (去) dùng đĩa (皿) làm cái vung (蓋),1,却,弁
弄,LỘNG,Lộng hành,"play with, tamper, trifle with",N1,"ロウ, ル","いじく.る, ろう.する, いじ.る, ひねく.る, たわむ.れる, もてあそ.ぶ",7,廾,たま,"two hands, twenty",Vua (王) chắp tay (廾) lộng hành (弄),1,弁,奔
升,THĂNG,Lên,"measuring box, 1.8 liter",N1,ショウ,ます,4,十,の,"ten, complete",Chắp tay (廾) đưa lên (升),0,奔,尿
眉,MI,Lông mày,eyebrow,N1,"ビ, ミ",まゆ,9,目,あみがしら,eye,Xác chết (尸) bị bịt mắt (目) che luôn cả lông mày (眉),0,啓,翻
炉,LÔ,Cái lò,"hearth, furnace, kiln, reactor",N1,ロ,いろり,8,火,ひ,fire,Lửa (火) cháy ở cửa (戸) lò (炉),0,尼,啓
啓,KHẢI,Sáng tỏ,"disclose, open, say",N1,ケイ,"ひら.く, さと.す",11,口,と,"mouth, opening",Ra cửa (戸) cứ đánh (攵) vào mồm (口) là sáng tỏ (啓) hết mọi việc,0,炉,眉
罷,BÃI,Bãi bỏ,"quit, stop, leave, withdraw, go",N1,ヒ,"まか.り-, や.める",15,网,あみめ,net,Nằm võng (皿) suốt thì có năng lực (能) cũng sẽ bị bãi bỏ (罷),0,瞑,熊
尼,NI,Ni cô,nun,N1,ニ,あま,5,尸,しかばね,corpse,Xác chết (尸) cười hihi (七) khi nhìn thấy ni cô (尼),0,尻,炉
属,THUỘC,Phụ thuộc,"belong, genus, subordinate official, affiliated",N1,ゾク,"さかん, つく, やから",12,⼫,しかばね,"corpse, awning",Xác chết (尸) có 1 (丿) miệng (口) giống hình vết chân (内) thuộc (属) về ai?,3,熊,嘱
潟,TÍCH,Đất mặn,lagoon,N1,セキ,"かた, -がた",15,水,さんずい,water,Tích (潟) nước (氵) trong cái cối (臼) thì bao (勹) nhiêu lửa (灬) đốt cũng không cháy,0,臼,毀
挟,HIỆP,Kẹp,"pinch, between",N1,キョウ,はさ、はさむ、はさまる,9,⺘,てへん,hand,Kẹp (挟) tay (扌) ở chỗ hẹp (来),5,輿,峡
汰,THẢI,Đào thải,"washing, sieving, filtering, weeding out, luxury",N1,"タ, タイ","おご.る, にご.る, よな.げる",7,水,さんずい,water,Thủy (氵) béo (太) bị đào thải (汰),2,虞,駄
呉,NGÔ,Nước ngô,"give, do something for, kingdom of Wu",N1,ゴ,"く.れる, くれ",7,口,くち,"mouth, opening",Miệng (口) ngồi trên ghế ăn 18 (一八) cái ngô (呉),1,嘱,娯
鰹,KIÊN,Cá ngừ vằn,bonito,N1,ケン,かつお,23,魚,うお,fish,Cá (魚) kiên cố (賢) là cá ngừ vằn (鰹),0,駄,腎
曹,TÀO,Tào tháo,"office, official, comrade, fellow",N1,"ソウ, ゾウ",,11,曰,ひ,say,Tào Tháo (曹) có 1 (一) ca khúc (曲) mà hát cả ngày (日),0,偽,槽
遭,TAO,Bắt gặp,"encounter, meet, party, association, interview, join",N1,ソウ,"あ.う, あ.わせる",14,辵,しんにょう,walk,Bắt gặp (遭) Tào Tháo (曹) đi xa (辶),3,槽,漕
垢,CẤU,Cáu bẩn,"dirt, grime, earwax",N1,"コウ, ク","あか, はじ",9,土,つち,earth,Đất (土) dính lên hoàng hậu (后) bị cáu bẩn (垢),0,后,灸
頬,GIÁP,Gò má,"cheeks, jaw",N1,キョウ,"ほお, ほほ",15,頁,おおがい,leaf,Gò má (頬) hẹp (来) như tờ giấy (頁),0,峡,為
灸,CỨU,Châm cứu,"moxa cautery, chastisement",N1,"キュウ, ク",やいと,7,火,ひ,fire,Châm cứu (灸) cho cửu (久) vạn bị lửa (火) đốt,0,垢,畝
唱,XƯỚNG,Ca xướng,"chant, recite, call upon, yell",N1,ショウ,とな、となえる,11,,くちへん,mouth,Miệng (口) ngày (日) qua ngày (日) ca xướng (唱),2,聖,娼
禄,LỘC,Lộc,"fief, allowance, pension, grant, happiness",N1,ロク,"さいわ.い, ふち",12,示,しめすへん,sign,Mang thị (ネ) Em Thủy (隶) đi phát lộc (禄),0,剥,盾
盾,THUẪN,Mâu thuẫn,"shield, escutcheon, pretext",N1,ジュン,たて,9,目,がんだれ,eye,Dưới sườn núi (厂) có 10 (十) mắt (目) nhìn nhau do mâu thuẫn (盾),2,禄,循
丹,ĐAN/ĐƠN,Linh đan/mẫu đơn,"rust-colored, red, red lead, pills, sincerity",N1,タン,に,4,丶,けいがまえ,dot,Ở biên giới (冂) đau đầu (亠) nên uống 1 viên linh lan (丹),1,朕,皇
畝,MẪU,Mẫu ruộng,"furrow, thirty tsubo, ridge, rib",N1,"ボウ, ホ, モ, ム","せ, うね",10,田,なべぶた,field,Từ đầu (亠) bờ ruộng (田) cửu (久) vạn cày cả mẫu ruộng (畝),0,灸,凄
踏,ĐẠP,Đạp đổ,"step, trample, carry through, appraise, evade payment",N1,トウ,"ふ.む, ふ.まえる",15,足,あし,foot,Đạp (踏) chân (足) xuống nước (水) cả ngày (日),5,殖,剥
挫,TỎA,Bẻ cong,"crush, break, sprain, discourage",N1,"ザ, サ","くじ.く, くじ.ける",10,手,てへん,hand,Bẻ cong (挫) tay (扌) 2 người (人) ngồi dưới đất (土),1,巫,囃
羞,TU,Nhút nhát,feel ashamed,N1,シュウ,"はじ.る, すすめ.る, は.ずかしい",11,羊,ひつじ,sheep,Người đẻ năm dê (羊) và năm sửu (丑) thường nhút nhát (羞),0,托,錦
餅,BÍNH,Bánh dày,mochi rice cake,N1,"ヘイ, ヒョウ","もち, もちい",14,食,しょく,"eat, food",Ăn (食) trộm của yêu tinh (并) cái bánh dày (餅),0,瓦,併
併,TINH,Kết hợp,"join, get together, unite, collective",N1,ヘイ,あわ.せる,8,人,にんべん,"man, human",Người (亻) và yêu tinh (并) kết hợp (併) với nhau,0,餅,塀
循,TUẦN,Tuần hoàn,"sequential, follow",N1,ジュン,,12,彳,ぎょうにんべん,step,2 người (彳) cần đè nén những mâu thuẫn (盾) để cuộc sống tuần hoàn (循),1,盾,甲
伐,PHẠT,Chinh phạt,"fell, strike, attack, punish",N1,"バツ, ハツ, カ, ボチ","き.る, そむ.く, う.つ",6,人,にんべん,"man, human",Người (亻) đi qua (戈) thôi cũng bị phạt (伐),0,囃,閥
餓,NGẠ,đói,"starve, hungry, thirst",N1,ガ,う.える,15,食,しょくへん,"eat, food",Đói (餓) ăn (食) là ngã (我),0,箋,鵞
詫,SÁ,Xin lỗi,apologize,N1,タ,"わび, わび.しい, かこつ, わ.びる, わび.る",13,言,げん,speech,Nói (言) với cả nhà (宅) lời xin lỗi (詫),1,託,托
湧,DŨNG,Sôi sục,"boil, ferment, seethe, uproar, breed",N1,"ユウ, ヨウ, ユ",わ.く,12,水,さんずい,water,"Nước (氵) tăng lực làm dũng (勇) khí sôi sục (湧),",3,甥,溜
瘤,LỰU,Cái bướu,"lump, swelling",N1,"リュウ, ル",こぶ,15,疒,やまいだれ,sickness,Cái bướu (瘤) được bệnh (疒) viện lưu lại (留),0,瑠,緯
肺,PHẾ,Phổi,lungs,N1,ハイ,,9,,にくづき,"meat, flesh",Nguyệt (月) ra thành phố (市) chữa bệnh phổi (肺),1,柿,隔
塑,TỐ,Đắp tượng,"model, molding",N1,ソ,でく,13,土,つち,earth,Cỏ non (䒑屮) dưới ánh trăng (月) trộn đất (土) làm nguyên liệu đắp tượng (塑),0,隔,遡
酸,TOAN,Chua,"acid, bitterness, sour, tart",N1,サン,す、すい,14,,とりへん,"sake jar, bird",Giờ Dậu (酉) 4 (厶) chân chạy (儿) phía sau (夂) mua giấm chua (酸),1,唆,駿
竣,THUÂN,Xong việc,"end, finish",N1,"ドウ, シュン","わらわ, わらべ, おわ.る",12,立,たつ,"stand, erect",Đứng (立) đợi 4 (厶) chân chạy (儿) phía sau (夂) đến khi xong việc (竣),0,駿,棺
棺,QUAN,Quan tài,"coffin, casket",N1,カン,,12,木,き,tree,Cây (木) được quan (官) làm thành quan tài (棺),0,竣,遣
歪,OAI,"Méo, cong","warp, bend, strained, distort",N1,"ワイ, エ","いが.む, いびつ, ひず.む, ゆが.む",9,止,いち,stop,Làm việc bất (不) chính (正) mà vẫn oai (歪),1,霞,甥
槌,CHÙY,Búa,"hammer, mallet",N1,ツイ,つち,13,木,き,tree,Cầm búa (槌) gỗ (木) đi truy đuổi (追),0,遣,埠
帥,SOÁI,Nguyên soái,"commander, leading troops, governor",N1,スイ,,9,巾,の,"turban, scarf",Đóng giả quan (B) dùng khăn (巾) che để gặp nguyên soái (帥),0,埠,獅
鍼,CHÂM,Châm cứu,needle,N1,シン,"はり, さ.す",17,金,かね,"metal, gold",Châm cứu (鍼) bằng kim (金) giúp giảm (咸) đau,0,憾,蒸
蒸,CHƯNG,Chưng cất,"steam, heat, sultry, foment, get musty",N1,ジョウ,む、むす、むれる、むらす,13,⺾,くさかんむり,grass,Chưng cất (蒸) tinh dầu cỏ (艹) thơm kết thúc (了) cho qua nước (水) và 1 (一) lần lửa (灬),2,鍼,勾
旬,TUẦN,10 ngày,"decameron, ten-day period, season (for specific products)",N1,"ジュン, シュン",,6,日,つつみがまえ,"sun, day",1 tuần (旬) có bao (勹) nhiêu ngày (日)?,3,匂,殉
勾,CÂU,Móc câu,"be bent, slope, capture",N1,"コウ, ク","かぎ, ま.がる",4,勹,つつみがまえ,"wrap, embrace",Bao (勹) đựng 4 (厶) cái móc câu (勾),0,蒸,匂
忍,NHẪN,Nhẫn nại,"endure, bear, put up with, conceal, secrete, spy, sneak",N1,ニン,"しの.ぶ, しの.ばせる",7,心,こころ,heart,Bị vật sắc nhọn (刃) đâm vào tim (心) nhưng vẫn phải nhẫn nại (忍),0,刃,梁
梁,LƯƠNG,Thanh dầm,"weir, fish trap, beam, girder",N1,リョウ,"はり, うつばり, うちばり, やな, はし",11,木,さんずい,tree,Thủy (氵) dùng đao (刀) chặt 8 (八) cây (木) làm thanh dầm (梁),0,忍,隠
挿,SÁP,Sáp nhập,"insert, put in, graft, wear (sword)",N1,ソウ,"さ.す, はさ.む",10,手,てへん,hand,Sáp nhập (挿) bằng tay (扌) 2 (二) thứ thân (申) thuộc nhất,1,痩,亀
縄,THẰNG,Dây thừng,"straw rope, cord",N1,ジョウ,"なわ, ただ.す",15,糸,いと,silk,Sợi tơ (糸) 2 ngày (日) nối Là (L) thành dây thừng (縄),0,亀,陥
葵,QUỲ,Hoa thục quỳ,hollyhock,N1,キ,あおい,12,艸,くさかんむり,grass,Cô giáo Thảo (艹) cầm bát (癶) ra ngoài trời (天) hái hoa thục quỳ (葵),0,稲,廃
陥,HÃM,Vây hãm,"collapse, fall into, cave in, fall (castle), slide into",N1,カン,"おちい.る, おとしい.れる",10,阜,こざとへん,"mound, dam (阝 left)",Bồ (阝) trách móc (ク) 18 (旧) tuổi rồi nhìn anh hãm (陥) thế!,2,縄,稲
庶,THỨ,Thứ dân,"commoner, all, bastard",N1,ショ,,11,广,まだれ,house on cliff,Dưới mái hiên (广) uống cốc nước (廿) ngồi đốt lửa (灬) cùng thứ dân (庶),1,廃,遮
遮,GIÀ,"Che, chắn","intercept, interrupt, obstruct",N1,シャ,さえぎ.る,14,辵,しんにょう,walk,Thứ dân (庶) đi xa (辶) cần che chắn (遮),1,庶,誠
拭,THỨC,Lau chùi,"wipe, mop, swab",N1,"ショク, シキ","ぬぐ.う, ふ.く",9,手,てへん,hand,Lau chùi (拭) bằng tay (扌) rất hình thức (式),1,賊,或
惑,HOẶC,Mê hoặc,"beguile, delusion, perplexity",N1,ワク,まど.う,12,心,こころ,heart,Hoặc (或) là dùng trái tim (心) mê hoặc (惑),8,或,栽
或,HOẶC,Hoặc,"some, one, or, possibly, a certain",N1,"ワク, コク, イキ","あ.る, あるい, あるいは",8,戈,ほこ,"spear, halberd",Nói qua (戈) miệng (口) nhất (一) định vẫn còn nghi hoặc (或),0,拭,惑
栽,TÀI,Trồng trọt,"plantation, planting",N1,サイ,,10,木,き,tree,10 (十) cây (木) lớn lên qua (戈) tài trồng trọt (栽),3,惑,載
戴,ĐÁI,Nhận,"be crowned with, live under (a ruler), receive",N1,タイ,いただ.く,17,戈,じゅう,"spear, halberd",10 (十) lần li dị (異) qua (戈) đó nhận (戴) ra tình yêu đích thực,1,載,繊
威,UY,Uy quyền,"intimidate, dignity, majesty, menace, threaten",N1,イ,"おど.す, おど.し, おど.かす",9,女,おんな,"woman, female",Vào giờ Tuất (戌) người phụ nữ (女) thể hiện uy quyền (威) của mình,2,戌,滅
滅,DIỆT,Diệt vong,"destroy, ruin, overthrow, perish",N1,メツ,"ほろ.びる, ほろ.ぶ, ほろ.ぼす",13,水,さんずい,water,Nước (氵) vào giờ Tuất (戌) gặp lửa (火) sẽ bị diệt vong (滅),2,威,蔑
茂,MẬU,Um tùm,"overgrown, grow thick, be luxuriant",N1,モ,しげ.る,8,艸,くさかんむり,grass,Cỏ (艹) tết Mậu Thân (戊) mọc um tùm (茂),1,蔑,虚
虚,HƯ,Hư không,"void, emptiness, unpreparedness, crack, fissure, untruth",N1,"キョ, コ","むな.しい, うつ.ろ",11,虍,とらがしら,tiger stripes,Hổ (虍) không chịu xếp hàng (业) là hư (虚),1,茂,嘘
虎,HỔ,Con hổ,"tiger, drunkard",N1,コ,とら,8,虍,とらがしら,tiger stripes,Hổ (虍) con chân chạy (儿) theo hổ (虍) mẹ,0,慮,虜
虜,LỖ,Tù binh,"captive, barbarian, low epithet for the enemy",N1,"リョ, ロ","とりこ, とりく",13,虍,とらがしら,tiger stripes,Hổ (虍) bị đàn ông (男) bắt làm tù binh (虜),0,虎,虐
糾,CỦ,Xoắn,"twist, ask, investigate, verify",N1,キュウ,ただ.す,9,糸,いと,silk,Sợi tơ (糸) 4 (丩) củ (糾),0,虐,猶
鱒,TỖN,Cá hồi,salmon trout,N1,"ソン, セン, ザン",ます,23,魚,うお,fish,Cá (魚) được tôn kính (尊) là cá hồi (鱒),0,噂,旦
但,ĐÃN,Tuy nhiên,"however, but",N1,タン,ただ.し,7,人,にんべん,"man, human",Người (亻) vào dịp Tết Nguyên Đán (旦) tuy nhiên (但) không làm gì,0,旦,胆
壇,ĐÀN,"Bệ, bục","podium, stage, rostrum, terrace",N1,"ダン, タン",,16,土,つち,earth,Lập đàn (壇) ở đất (土) đầu (亠) hồi (回) vào dịp Tết Nguyên Đán (旦),0,胆,宣
恒,HẰNG,Vĩnh hằng,"constancy, always",N1,コウ,"つね, つねに",9,心,りっしんべん,heart,Trái tim (忄) 2 ngày (亘) đã đi vào cõi vĩnh hằng (恒),1,喧,垣
陵,LĂNG,Lăng mộ,"mausoleum, imperial tomb, mound, hill",N1,リョウ,みささぎ,11,阜,こざとへん,"mound, dam (阝 left)",Bồ (阝) của tiên sinh (先) sau (夂) khi chết được xây mộ (陵),0,睦,凌
睦,MỤC,Thân thiện,"intimate, friendly, harmonious",N1,"ボク, モク","むつ.まじい, むつ.む, むつ.ぶ",13,目,あみがしら,eye,Mắt (目) của tiên sinh (先) chân đất (土) nhìn rất thân thiện (睦),0,褻,陵
艦,HẠM,Chiến hạm,warship,N1,カン,,21,舟,ふね,boat,Thuyền (舟) của giám đốc (監) là chiếm hạm (艦),0,鑑,藍
鑑,GIÁM,Giám định,"specimen, take warning from, learn from",N1,カン,"かんが.みる, かがみ",23,金,かね,"metal, gold",Muốn giám định (鑑) thì cần đút tiền (金) cho giám đốc (監),2,監,艦
聴,THÍNH,Thính giác,"listen, headstrong, naughty, careful inquiry",N1,"チョウ, テイ","き.く, ゆる.す",17,耳,みみ,ear,"Tai (耳) nghe 10 (十) tiếng võng (皿), tâm (心) rất thính (聴)",1,徳,憲
徳,ĐỨC,Đạo đức,"benevolence, virtue, goodness, commanding respect",N1,トク,,14,⼻,ぎょうにんべん,"step, stride, street, to go",2 người đứng (彳) bán 10 (十) cái võng (皿) rất tận tâm (心) đạo đức (徳),0,濫,聴
懐,HOÀI,Hoài niệm,"feelings, heart, yearn, miss someone, become attached to, bosom, breast, pocket",N1,"カイ, エ","ふところ, なつ.かしい, なつ.かしむ, なつ.く, なつ.ける, なず.ける, いだ.く, おも.う",16,心,りっしんべん,heart,Hoài niệm (懐) trong tim (忄) về 10 (十) cái võng (皿) treo y phục (衣),5,憲,之
乏,PHẠP,Nghèo,"destitution, scarce, limited",N1,ボウ,とぼ、とぼしい、とぼしさ,4,,のかんむり,diagonal sweeping stroke,Tài phiệt (丿) chi (之) tiền giúp người nghèo (乏),3,之,芝
蔓,MẠN,Dây leo,"vine, tendril, influence, connections, good offices, spread, sprawl, thrive, rampant, powerful",N1,"マン, バン","はびこ.る, つる",14,艸,くさかんむり,grass,Cỏ (艹) dài miên man (曼) là dây leo (蔓),0,漫,鰻
漫,MẠN,Lãng mạn,"cartoon, involuntarily, unrestrained, in spite of oneself, corrupt",N1,マン,"みだり.に, そぞ.ろ",14,水,さんずい,water,Thủy (氵) suy nghĩ miên man (曼) về chuyện tình lãng mạn (漫),1,慢,蔓
遺,DI,Di chúc,"bequeath, leave behind, reserve",N1,イ、ユイ,のこ.す,15,⻌,しんにょう,"road, walk, to advance",Quý tộc (貴) sắp đi xa (辶) để lại di chúc (遺),5,貴,潰
憤,PHẪN,Phẫn nộ,"aroused, resent, be indignant, anger",N1,フン,いきどお.る,15,心,りっしんべん,heart,Trái tim (忄) bị tranh mất phần (賁) nên phẫn nộ (憤),1,潰,墳
墳,PHẦN,Phần mộ,"tomb, mound",N1,フン,,15,土,つち,earth,Đất (土) phần (賁) mộ (墳),0,憤,脹
脹,TRƯỚNG,Trương phình,"dilate, distend, bulge, fill out, swell",N1,チョウ,"は.れる, ふく.らむ, ふく.れる",12,肉,つき,meat,Nguyệt (月) dài (長) ngày bị trướng (脹) bụng,0,墳,髭
滑,HOẠT,Linh hoạt,"slippery, slide, slip, fail exam",N1,"カツ, コツ","すべ.る, なめ.らか",13,水,さんずい,water,Nước (氵) làm xương cốt (骨) trơn tru linh hoạt (滑),4,脊,享
醇,THUẦN,Rượu ngon,"pure sake, purity, affection",N1,"ジュン, シュン","もっぱら, こい, あつい",15,酉,ひよみのとり,"wine, alcohol",Giờ Dậu (酉) hưởng thụ (享) rượu ngon (醇),0,熟,倉
倉,THƯƠNG,Nhà kho,"godown, warehouse, storehouse, cellar, treasury",N1,ソウ,くら,10,𠆢,ひとやね,person ,Người (人) hay đến cửa (戸) khẩu (口) là thương (倉) gia,1,醇,創
没,MỘT,Chết chìm,"drown, sink, hide, fall into, disappear, die",N1,"ボツ, モツ","おぼ.れる, しず.む, ない",7,水,さんずい,water,Nước (氵) làm kẻ thù (殳) chết chìm (没),2,蒼,股
搬,"BAN, BÀN",Vận chuyển,"conveyor, carry, transport",N1,ハン,,13,手,てへん,hand,Vận chuyển (搬) bằng tay (扌) là bình thường (般),1,疫,盤
疫,DỊCH,Dịch bệnh,epidemic,N1,"エキ, ヤク",,9,疒,やまいだれ,sickness,Dịch (疫) bệnh (疒) là kẻ thù (殳) của con người,0,股,搬
穀,CỐC,Ngũ cốc,"cereals, grain",N1,コク,,14,⽲,のぎへん,grain,Binh sĩ (士) trùm khăn (冖) lên lúa (禾) để tránh kẻ thù (殳) trộm ngũ cốc (穀),1,殻,毅
毅,NGHỊ,Nghị lực,strong,N1,"キ, ギ",つよ.い,15,殳,たつ,"weapon, lance","Nghị lực (毅) dám đứng (立) lên, con lợn (豕) đuổi theo kẻ thù (殳)",0,穀,鍛
鍛,ĐOÁN,Rèn luyện,"forge, discipline, train",N1,タン,きた.える,17,金,かね,"metal, gold",Vàng (金) phải qua nhiều giai đoạn (段) rèn luyện (鍛),2,毅,刹
刹,SÁT,Chốc lạt,temple,N1,"セチ, セツ, サツ",,8,刀,き,"knife, sword",Mê (メ) cây (木) cầm đao (刂) sát phạt trong chốc lát (刹),0,鍛,壱
蛇,XÀ,Con rắn,"snake, serpent, hard drinker",N1,"ジャ, ダ, イ, ヤ",へび,11,虫,むし,insect,Con rắn (蛇) to ăn côn trùng (虫) là mãng xà (它),1,陛,舵
儒,NHO,Nho giáo,Confucian,N1,ジュ,,16,人,にんべん,"man, human",Người (亻) có nhu cầu (需) học chữ Nho (儒),0,而,濡
謡,DAO,Ca dao,"song, sing, ballad, noh chanting",N1,ヨウ,"うた.い, うた.う",16,言,げん,speech,Vừa nói (言) móng tay (爪) vừa gõ vào lon (缶) để sáng tác ca dao (謡),0,須,揺
煩,PHIỀN,Phiền não,"anxiety, trouble, worry, pain, ill, annoy, nuisance, irksome",N1,"ハン, ボン","わずら.う, わずら.わす, うるさ.がる, うるさ.い",13,火,ひ,fire,Lửa (火) cháy giấy tờ (頁) thật phiền não (煩),1,頃,須
迭,ĐIỆT,Thay đổi,"transfer, alternation",N1,テツ,,8,辵,しんにょう,walk,Khi thất bại (失) cần đi xa (辶) để thay đổi (迭),0,淘,侯
侯,HẦU,Tước hầu,"marquis, lord, daimyo",N1,コウ,,9,人,にんべん,"man, human",Người đứng (亻) bắn 1 (ユ) mũi tên (矢) là tước hầu (侯),0,迭,喉
慶,KHÁNH,"Mừng, quốc khánh","jubilation, congratulate, rejoice, be happy",N1,ケイ,よろこ.び,15,心,まだれ,heart,Từ mái hiên (广) ra hàng rào (井) lấy khăn trùm (冖) có hình trái tim (心) để sau (夂) đó ăn mừng quốc khánh (慶),0,薦,撤
喉,HẦU,Cổ họng,"throat, voice",N1,コウ,のど,12,口,くち,"mouth, opening",Miệng (口) tước hầu (侯) bị đau cổ họng (喉),2,侯,蟹
遥,"DIÊU, DAO",Xa xưa,"far off, distant, long ago",N1,ヨウ,はる.か,12,辵,しんにょう,walk,Xa xưa (遥) mọi người đã biết dùng móng tay (爪) bật nắp lon (缶) đi xa (辶),0,揺,陶
揺,DAO,Dao động,"swing, shake, sway, rock, tremble, vibrate",N1,ヨウ,"ゆ.れる, ゆ.る, ゆ.らぐ, ゆ.るぐ, ゆ.する, ゆ.さぶる, ゆ.すぶる, うご.く",12,手,てへん,hand,Tay (扌) dùng móng (爪) bật lon (缶) tạo ra dao động,7,謡,遥
淘,ĐÀO,Đào thải,select,N1,トウ,よな.げる,11,水,さんずい,water,Nước (氵) bao (勹) quanh cái lon (缶) bị đào thải (淘),0,陶,迭
督,ĐỐC,Đốc thúc,"coach, command, urge, lead, supervise",N1,トク,,13,目,あみがしら,eye,Thúc (叔) liếc mắt (目) nhìn để đốc thúc (督),2,寂,戚
豹,BÁO,Con báo,"leopard, panther",N1,"ヒョウ, ホウ",,10,豸,むじなへん,"cat, badger",Con sâu (豸) chui vào 1 cái bao (勺) khi nhìn thấy con báo (豹),0,訃,貌
訃,PHÓ,Cáo phó,obituary,N1,フ,しらせ,9,言,げん,speech,Nói (言) to (卜) trong lễ cáo phó (訃),0,赴,豹
麓,LỘC,Chân núi,foot of a mountain,N1,ロク,ふもと,19,鹿,しか,deer,Từ trên rừng (林) con hươu (鹿) đi xuống chân núi (麓),0,麗,薦
龍,LONG,Con rồng,"dragon, imperial",N1,"リュウ, リョウ, ロウ",たつ,16,龍,りゅう,dragon,Rồng (龍) bay thẳng đứng (立) lên mặt trăng (月) vào ngày 5 (5) tháng 3 (三),0,懇,籠
懇,KHẨN,Khẩn khoản,"sociable, kind, courteous, hospitable, cordial",N1,コン,ねんご.ろ,17,心,むじなへん,heart,Sâu (豸) mọt không tốt (良) làm trái tim (心) khẩn khoản (懇),0,墾,龍
襲,TẬP,Tập kích,"attack, advance on, succeed to, pile, heap",N1,シュウ,"おそ.う, かさ.ね",22,衣,りゅう,clothes,Tập kích (襲) lúc con rồng (龍) đang mặc y phục (衣),1,籠,寵
聾,LUNG,Điếc,"deafness, deaf person, deafen",N1,ロウ,"ろう.する, つんぼ, みみしい",22,耳,りゅう,ear,Con rồng (龍) tai (耳) bị điếc (聾),0,寵,微
微,VI,Nhỏ bé,"delicate, minuteness, insignificance",N1,ビ,かす.か,13,彳,ぎょうにんべん,step,Lúc bé (微) 2 người (彳) lên núi (山) 1 (一) chân (儿) bị đánh (攵) què,2,聾,徴
烏,Ô,Con quạ,"crow, raven",N1,"ウ, オ","からす, いずくんぞ, なんぞ",10,火,とり,fire,Con quạ (烏) đậu ở cánh cửa (戸) 5 (ち) con bị lửa (灬) đốt đen thui,0,懲,鳩
鵜,ĐÊ,Chim cốc,cormorant,N1,"テイ, ダイ",う,18,鳥,とり,bird,Chim cốc (鵜) là đệ (弟) của các loài chim (鳥),0,鴨,鶴
鷲,THỨU,Đại bàng,eagle,N1,"シュウ, ジュ",わし,23,鳥,とり,bird,Thành tựu (就) săn mồi của chim (鳥) đại bàng (鷲) là giỏi nhất,0,鷹,耕
彗,TUỆ,Sao chổi,"comet, broom",N1,"スイ, エ, ケイ, セイ",ほうき,11,彐,けいがしら,pig snout,Nếu một tháng có hai ngày 3 (三) 1 (丨) thì Em (ヨ) sẽ nhìn thấy sao chổi (彗),0,耗,乙
乙,ẤT,Can ất,"the latter, duplicate, strange, witty, fishhook radical (no. 5)",N1,"オツ, イツ","おと-, きのと",1,乛,おつ,second,Giống hình số 2 ngược,0,彗,乞
乞,KHẤT,Ăn xin,"beg, invite, ask",N1,"コツ, キツ, キ, キケ, コチ",こ.う,3,乛,おつ,second,Người nằm (𠂉) ất (乙) ơ là đang ăn xin (乞),0,乙,迄
鱗,LÂN,Vẩy cá,scales (fish),N1,リン,"うろこ, こけ, こけら",24,魚,うお,fish,Vẩy (鱗) cá (魚) nấu với gạo (米) ăn vào sẽ bị hen suyễn (舛),0,綴,傑
幣,TỆ,Tiền tệ,"cash, bad habit, humble prefix, gift, Shinto offerings of cloth, rope, cut paper",N1,ヘイ,ぬさ,15,巾,はば,"turban, scarf",Tệ (敝) nhất là bán khăn (巾) lấy tiền tệ (幣),0,瞬,弊
桑,TANG,Cây dâu,mulberry,N1,ソウ,くわ,10,木,また,tree,Trồng đi trồng lại 3 lần (又) mới được cây (木) dâu (桑),0,又,綴
蔽,TẾ,Che giấu,"cover, shade, mantle, capsize, be ruined",N1,"ヘイ, ヘツ, フツ","おお.う, おお.い",15,艸,くさかんむり,grass,Cô giáo Thảo (艹) có chuyện tệ (敝) nhất vẫn đang che giấu (蔽),0,弊,瞥
拶,TẠT,Chào hỏi,"be imminent, draw close",N1,サツ,せま.る,9,手,てへん,hand,Tay (扌) tạt qua sông (巛) ta (夕) vẫy chào hỏi (拶),1,巡,璃
禽,CẦM,Gia cầm,"bird, captive, capture",N1,キン,"とり, とりこ",13,禸,ひと,track,Người (人) dùng chiếc li (高) cho gia cầm (禽) uống nước,0,璃,檎
檎,CẤM,Quả táo,apple,N1,"キン, ゴン, ゴ",,17,木,き,tree,Cây (木) gia cầm (禽) thích ăn là táo (檎),0,禽,雛
爽,SẢNG,Sảng khoái,"refreshing, bracing, resonant, sweet, clear",N1,ソウ,"あき.らか, さわ.やか, たがう",11,爻,だい,"mix, twine, cross",Sảng khoái (爽) to (大) lớn khi lương tăng X4 (乂) lần,1,皺,璽
璽,TỈ,Ngọc tỷ,emperor's seal,N1,ジ,,19,玉,たま,jade (king),Dùng 18 (一八) cái khăn (巾) đánh dấu X (乂) gói ngọc (玉) tỷ (璽),0,爽,鬱
姦,GIAN,Gian xảo,"wicked, mischief, seduce, rape, noisy",N1,"カン, ケン","かん.する, かしま.しい, みだら",9,女,おんな,"woman, female",3 người phụ nữ (女) gian xảo (姦),0,黎,晶
膝,TẤT,Đầu gối,"knee, lap",N1,シツ,ひざ,15,肉,つき,meat,Nguyệt (月) leo lên cây (木) người (人) vẫn bị ngập nước (水) đến đầu gối (膝),0,漆,黎
囁,CHIẾP,Thì thầm,"whisper, murmur",N1,ショウ,ささや.く,21,口,くち,"mouth, opening",Miệng (口) ghé vào 3 cái tai (耳) thì thầm (囁),0,晶,琴
琵,TÌ,Đàn tỳ bà,"glissando on strings, lute",N1,"ビ, ヒ",,12,玉,たま,jade (king),2 ông vua (王王) tỉ (比) thí kỹ năng đánh đàn tỳ bà (琵),0,琴,琶
馳,TRÌ,$undefined,Chiêu đãi,N1,"チ, ジ",は.せる,13,馬,,horse,$undefined,0,琶,唸
吠,PHỆ,$undefined,"Sủa, tru, hú",$undefined,"ハイ, ベイ","ほえ.る, ほ.える",7,口,,"mouth, opening",$undefined,0,唸,贅
掻,TÀO,$undefined,"Gãi, cào, chải",$undefined,ソウ,か.く,11,手,,hand,$undefined,0,痒,
圧,ÁP,Áp lực,"pressure, push, overwhelm, oppress, dominate",N2,アツ,"お.す, へ.す, おさ.える, お.さえる",5,⼟,つち,earth,Sườn núi (厂) đè xuống đất (土) tạo ra áp lực (圧),9,吐,粧
血,HUYẾT,Máu,blood,N3,ケツ,ち,6,⾎,ち,blood,Bị cứa (ノ) bởi cái đĩa (皿) nên chảy máu (血),5,給,塩
約,ƯỚC,Giao ước,"promise, approximately, shrink",N3,ヤク,"つづ.まる, つづ.める, つづま.やか",9,,いとへん,thread,Giao ước (約) dệt tơ (糸) không bắt chước (勺),13,的,均
鏡,KÍNH,"Kính, gương","mirror, speculum, barrel-head, round rice-cake offering",N2,キョウ,かがみ,19,,かねへん,"metal, gold, mineral",Tên trộm vàng (金) âm (音) thầm chân chạy (儿) qua cửa kính (鏡),4,境,看
銃,SÚNG,Khẩu súng,"gun, arms",N2,ジュウ,つつ,14,金,かね,"metal, gold",Nhiều tiền (金) sung (充) quá mang đi mua súng (銃),2,充,統
違,VI,Sai lầm,"difference, differ",N2,イ,ちが、ちがう、ちがえる,13,⻌,しんにょう,"road, walk, to advance",Vi (韋) hành đi xa (辶) quá là vi phạm (違),17,両,偉
粧,TRANG,Trang điểm,"cosmetics, adorn (one's person)",N2,ショウ,,12,米,こめ,rice,"Dùng bột gạo (米) chỗ mái hiên (广), ngồi xuống đất (土) để trang điểm (粧)",3,圧,咲
看,KHÁN,Khán giả,"watch over, see",N2,カン,み.る,9,⽬,め,eye,Khán giả (看) vỗ tay (手) mắt (目) xem chăm chú,4,鏡,刑
統,THỐNG,Truyền thống,"overall, relationship, ruling, governing",N2,トウ,す、すべる、すべて,12,,いとへん,thread,Bán tơ (糸) lụa rất sung (充) là truyền thống (統) nhà em rồi,7,銃,融
勇,DŨNG,Dũng cảm,"courage, cheer up, be in high spirits, bravery, heroism",N2,ユウ,いさ、いさむ、いさましい,9,⼒,ちから,power,Không sợ ma (マ) là đàn ông (男) dũng cảm (勇),5,瓶,両
潔,KHIẾT,Thanh khiết,"undefiled, pure, clean, righteous, gallant",N2,ケツ,いさぎよ、いさぎよい,15,⺡,さんずい,water,Dưới nước (氵) ông vua lòi đầu (主) cầm đao (刀) cắt sợi tơ (糸) thanh khiết (潔),7,喫,阜
阜,PHỤ,Tỉnh gifu,"hill, mound, left village radical (no. 170)",N2,"フ, フウ",,8,阜,こざと,"mound, dam (阝 left)",Đóng giả quan (B) lấy 10 (十) miếng đất ở tỉnh Gifu (阜),1,潔,飾
承,THỪA,Thừa nhận,"acquiesce, hear, listen to, be informed, receive",N2,ショウ,うけたまわ、うけたまわる,8,⼿,て,hand,Kết thúc (了) 3 (三) nước (水) thừa nhận (承) lỗi lầm,6,了,捜
了,LIỄU,Kết thúc,"complete, finish",N2,リョウ,,2,⼅,はねぼう,vertical stroke with a hook,Miệng kêu A (ア) là đời kết thúc (了),10,減,承
減,GIẢM,Giảm xuống,"dwindle, decrease, reduce, decline, curtail, get hungry",N2,ゲン,へ、へる、へらす,12,⺡,さんずい,water,Lượng nước (氵) giảm (咸) xuống (減),15,脂,了
渡,ĐỘ,Vượt qua,"transit, ford, ferry, cross, import, deliver, diameter, migrate",N2,ト,わた、わたる、わたす,12,⺡,さんずい,water,Nước (氵) lần (度) này dâng cao phải cố gắng vượt qua (渡),6,捜,盛
盛,THỊNH,Hưng thịnh,"boom, prosper, copulate",N2,セイ、ジョウ,も、さか、もる、さかん、さかんな,11,⽫,さら,"plate, bowl",Thành công (成) chơi xóc đĩa (皿) chỉ có hưng thịnh (盛) trong tù,10,渡,城
城,THÀNH,Thành lũy,castle,N2,ジョウ,しろ,9,,つちへん,earth,Dùng đất (土) xây thành công (成) thành lũy (城),6,盛,剤
武,VÕ,Vũ khí/võ sĩ,"warrior, military, chivalry, arms",N2,ブ、ム,"たけ, たけ.し",8,⽌,とめる,to stop,1 (一) tên giặc (弋) dừng lại (止) giơ vũ khí (武),4,剤,域
域,VỰC,Khuvực,"range, region, limits, stage, level",N2,イキ,,11,,つちへん,earth,Chọn đất (土) khu vực này hoặc (或) khu vực (域) khác,3,武,裁
裁,TÀI,Phánxét,"tailor, judge, decision, cut out (pattern)",N2,サイ,た、さば、たつ、さばく,12,⾐,ころも,clothing,10 (十) y phục (衣) là chứng cứ qua (戈) tài phán xét (裁),7,域,歳
歳,TUẾ,Tuổi,"year-end, age, occasion, opportunity",N2,サイ、セイ,"とし, とせ, よわい",13,⽌,とめる,to stop,Dừng lại (止) đúng giờ Tuất (戌) hỏi chú tiểu (小) bao nhiêu tuổi (歳),6,裁,越
越,VIỆT,Vượtqua,"surpass, cross over, move to, exceed, Vietnam",N2,エツ,こ、こす、こえる,12,,そうにょう,to run,Chạy (走) thi tết Mậu Thân (戊) vượt qua (越) chướng ngại vật,11,歳,劇
叫,KHIẾU,"Kêu, hét","shout, exclaim, yell",N2,キョウ,さけ、さけぶ,6,,くちへん,mouth,Miệng (口) kêu 4 (丩) tiếng như con khiếu (叫),5,劇,尊
臓,TẠNG,Nội tạng,"entrails, viscera, bowels",N2,ゾウ,はらわた,19,,にくづき,"meat, flesh",Nguyệt (月) tàng trữ (蔵) nội tạng (臓) trái phép,2,蔵,壊
飾,SỨC,Trang trí,"decorate, ornament, adorn, embellish",N2,ショク,"かざ.る, かざ.り",13,食,しょくへん,"eat, food",Ăn (食) còn nằm (𠂉) quàng khăn (巾) để trang trí (飾) nữa!,8,阜,脂
偉,VĨ,Vĩ nhân,"admirable, greatness, remarkable, conceited, famous, excellent",N2,イ,えら、えらい,12,⺅,にんべん,person ,Người (亻) đi vi (韋) hành là vĩ nhân (偉),6,違,衛
脂,CHI,Mỡ,"fat, grease, tallow, lard, rosin, gum, tar",N2,シ,あぶら,10,,にくづき,"meat, flesh",Cơ thể (月) chỉ (旨) toàn mỡ (脂),5,飾,減
帳,TRƯỚNG,Sổ tay,"notebook, account book, album, curtain, veil, net, tent",N2,チョウ,とばり,11,,はばへん,cloth,Khăn (巾) dài (長) để bọc sổ tay (帳),7,張,髪
尊,TÔN,Tôn kính,"revered, valuable, precious, noble, exalted",N2,ソン,たっとい、たっとぶ、とうとい、とうとぶ、たっと、とうと,12,⼨,すん,"inch, (2.25 cm)",Uống hết 2 bình rượu (酋) thốn (寸) đánh mất sự tôn kính (尊),6,叫,得
勢,THẾ,Thế lực,"forces, energy, military strength",N2,セイ,いきお、いきおい,13,⼒,ちから,power,Tiên sinh (先) chân đất (土) đi trong vòng tròn (丸) cần lực (力) là thế lực (勢),5,得,換
噴,PHÚN,Phun ra,"erupt, spout, emit, flush out",N2,フン,ふ.く,15,口,くち,"mouth, opening",Từ miệng (口) phần (賁) thức ăn bị phun ra (噴),5,壊,張
壊,HOẠI,Phá hoại,"demolition, break, destroy",N2,カイ,こわ、こわす、こわれる,16,,つちへん,earth,Trên đất (土) 10 (十) cái võng (皿) treo y phục (衣) bị phá hoại (壊),6,臓,噴
塾,THỤC,Tư thục,"cram school, private school",N2,ジュク,,14,土,つち,earth,Hưởng (享) tròn (丸) vẹn đất (土) trường tư thục (塾),3,骨,般
髪,PHÁT,Tóc,hair of the head,N2,ハツ,かみ,14,⾽,かみかんむり,long hair,Tóc (髪) dài (長) là tóc (彡) bạn (友),8,帳,骨
撃,KÍCH,Công kích,"beat, attack, defeat, conquer",N2,ゲキ,う.つ,15,手,くるま,hand,Công kích (撃) xe (車) kẻ thù (殳) bằng tay (手) không,6,殿,殺
批,PHÊ,Phê bình,"criticism, strike",N2,ヒ,,7,⺘,てへん,hand,Tay (扌) tỉ (匕) phê bình (批),5,比,需
比,TỈ,So sánh,"compare, race, ratio, Philippines",N2,ヒ,くらべる、くら,4,⽐,くらべる,to compare,Tỉ (比) càm 2 chiếc thìa (匕) để so sánh,7,殺,批
拒,CỰ,Chống cự,"repel, refuse, reject, decline",N2,"キョ, ゴ",こば.む,8,手,てへん,hand,Tay (扌) to (巨) chống cự (拒) tốt,5,換,距
剤,TỄ,Dịch tễ,"dose, medicine, drug",N2,"ザイ, スイ, セイ","かる, けず.る",10,刀,せい,"knife, sword",Nước Tề (斉) dùng đao (刂) ngăn ngừa dịch tễ (剤),5,城,武
触,XÚC,"Tiếp xúc, sờ","contact, touch, feel, hit, proclaim, announce, conflict",N2,ショク,ふ、さわ、ふれる、さわる,13,,つのへん,"horn, corner",Trong góc (角) có côn trùng (虫) cần tránh tiếp xúc (触),4,秩,鹿
傾,KHUYNH,Khuynh hướng,"lean, incline, tilt, trend, wane, sink, ruin, bias",N2,ケイ,かたむ、かし、かたむける、かたむく、かしげる,13,⺅,にんべん,person ,Người (亻) trong khoảnh khắc (頃) đã tạo ra khuynh hướng (傾),6,端,秩
殺,SÁT,Sáthại,"kill, murder, butcher, slice off, split, diminish, reduce, spoil",N2,サツ、サイ、セツ,ころ、ころす、ころし,10,⽎,るまた,"lance shaft, action",Mê (メ) cây (木) của kẻ thù (殳) nên bị sát hại (殺),5,撃,比
徹,TRIỆT,Triệt để,"penetrate, clear, pierce, strike home, sit up (all night)",N2,テツ,,15,彳,ぎょうにんべん,step,2 người (彳) giáo dục (育) bằng cách đánh (攵) đập không phải là cách triệt để (徹),8,鹿,拝
拝,BÁI,Khấn bái,"worship, adore, pray to",N2,ハイ,おが、おがむ,8,⺘,てへん,hand,Tay (扌) 4 (亖) lạy 1 (丨) lần khấn bái (拝),7,徹,双
鹿,LỘC,Con hươu,deer,N2,ロク,しか,11,⿅,しか,deer,Từ mái hiên (广) ra hàng rào (井) gặp tỉ (比) con hươu (鹿),2,触,徹
双,SONG,Song sinh,"pair, set, comparison, counter for pairs",N2,ソウ,ふた,4,⼜,また,"again, right hand",Lại (又) giống nhau là cặp song sinh (双),5,拝,隣
峠,ĐÈO,Con đèo,"mountain peak, mountain pass, climax, crest, (kokuji)",N1,,とうげ,9,山,やま,mountain,ngọn núi (山)  chỗ cao (上) chỗ thấp (下) uốn éo thành đèo (下),0,曰,洒
酉,DẬU,Giờ dậu,"west, bird, sign of the bird, 5-7PM, tenth sign of Chinese zodiac, sake radical (no. 164)",N1,ユウ,とり,7,酉,ひよみのとり,"wine, alcohol",Cảnh phía tây (西) đẹp nhất (一) vào giờ Dậu (酉),0,洒,叱
幌,HOẢNG,Màn che,"canopy, awning, hood, curtain",N1,コウ,"ほろ, とばり",13,巾,はば,"turban, scarf",Lấy khăn (巾) che mặt trời (日) không cho ánh sáng (光) lọt vào màn che (幌),0,叱,汽
佐,TÁ,Phụ tá,"assistant, help",N1,サ,,7,人,にんべん,"man, human",Người đứng ( 亻) bên trái (左) là người phụ tá (佐),0,汽,拓
災,TAI,Tai hoạ,"disaster, calamity, woe, curse, evil",N2,サイ,わざわ、わざわい,7,⽕,ひ,fire,Dòng sông (巛) rực lửa (火) là tai họa (災),7,隣,離
充,SUNG,Sung túc,"allot, fill",N2,ジュウ,あ、あてる,6,⼉,ひとあし,human legs,Dân đầu (亠) tư (厶) chân chạy (儿) rất sung (充),8,衛,銃
妬,ĐỐ,Đố kỵ,"jealous, envy",N1,"ト, ツ","ねた.む, そね.む, つも.る, ふさ.ぐ",8,女,おんな,"woman, female",Phụ nữ (女) ném đá (石) nhau do đố kỵ (妬),3,拓,麺
般,BÀN,Bàn bạc,"carrier, carry, all, general, sort, kind",N2,ハン,,10,,ふねへん,"ship, boat",Thuyền (舟) của kẻ thù (殳) nhìn rất bình thường (般),4,塾,殿
秩,TRẬT,Trật tự,"regularity, salary, order",N2,チツ,,10,禾,のぎへん,grain,Hòa (禾) thất bại (失) thì phải trật tự (秩),2,傾,触
端,ĐOAN,Cực đoan,"edge, origin, end, point, border, verge, cape",N2,タン,はし、は、はた,14,,たつへん,to stand,Đứng (立) trên núi (山) thiếu nhi (而) dễ làm điều cực đoan (端),9,需,傾
犀,TÊ,Tê giác,rhinoceros,N1,"サイ, セイ",,12,牛,しかばね,cow,Xác chết (尸) số 1 (丨) và số 2 (二) là bò (牛) và tê giác (犀),0,牢,牡
骨,CỐT,Xương,"skeleton, bone, remains, frame",N2,コツ,ほね,10,⾻,ほね,bone,2 miệng (口) bị trùm khăn (冖) Nguyệt (月) bị đẩy ngã gãy xương (骨),7,髪,塾
隣,LÂN,Lân cận,neighboring,N2,リン,とな、となり,16,⻖,こざとへん,"hill, mound",Ở vùng lân cận (隣) Bồ (阝) ăn gạo (米) về bị hen suyễn (舛),5,双,災
捻,NIỆM,Vặn xoán,"twirl, twist, play with",N1,"ネン, ジョウ","ね.じる, ねじ.る, ひね.くる, ひね.る",11,手,てへん,hand,Bị vặn (捻) tay (扌) là một kỉ niệm (念) đau thương,4,貪,鯰
頷,HẠM,Gật đầu,nod approval,N1,"ガン, カン","うなず.く, あご",16,頁,おおがい,leaf,Đoán đúng hàm (含) ý viết trong giấy ( 頁) thì hãy gật đầu (頷),0,吟,貪
襖,ÁO,Tấm cửa kéo,opaque sliding door,N1,オウ,"ふすま, あお",17,衣,ころもへん,clothes,Quần áo (衤) cất ở góc trong cùng (奥) sau tấm cửa kéo (襖),0,謎,継
鯰,NIÊM,Cá trê,"fresh-water catfish, (kokuji)",N1,ネン,なまず,19,魚,うお,fish,Loài cá (魚) gắn với kỉ niệm (念) tuổi thơ của tôi là cá trê (鯰),0,捻,嶺
榊,THẦN,Cây sakaki,"sacred Shinto tree, (kokuji)",N1,,さかき,13,木,き,tree,Cây Sakaki (榊) là loại cây (木) thần thánh (神) trong đạo Shinto,0,粥,紳
杏,HẠNH,Quả mơ,apricot,N1,"キョウ, アン, コウ",あんず,7,木,き,tree,Quả mơ (杏) từ trên cây (木) rơi thẳng vào miệng (口),0,鉢,呆
呆,NGỐC,Kẻ ngốc,"be amazed, disgusted, shocked",N1,ホウ,"ほけ.る, ぼ.ける, あき.れる, おろか",7,口,くち,"mouth, opening",Kẻ ngốc (呆) miệng (口) cây (木) vàng,0,杏,褒
闇,ÁM,U ám,"get dark, gloom, disorder",N1,"アン, オン","やみ, くら.い",17,門,もんがまえ,gate,Cổng (門) vào cõi âm (音) thật u ám (闇),1,斗,臆
矢,THỈ,Mũi tên,"dart, arrow",N1,シ,や,5,⽮,や,arrow,Mũi tên (矢) bắn ( 丿) lên trời (天),2,麺,撒
撒,TẢN,"Vẩy, rắc","scatter, sprinkle, give them the slip",N1,"サン, サツ",ま.く,15,手,てへん,hand,Tay (扌) đi tản bộ (散) bị vẩy (撒) nước,0,矢,絹
謂,VỊ,Gọi là,"reason, origin, history, oral tradition",N1,イ,"い.う, いい, おも.う, いわゆる",16,言,げん,speech,Bác sĩ nói (言) về bệnh dạ dày (胃) gọi là chẩn đoán (謂),0,絹,這
臆,ỨC,Rụt rè,"timidity, heart, mind, fear, cowardly",N1,"オク, ヨク","むね, おくする",17,肉,つき,meat,Nguyệt (月) có ý kiến (意) nhưng còn rụt rè (臆),1,闇,障
絹,QUYÊN,Lụa,silk,N1,ケン,きぬ,13,,いとへん,thread,Sợi tơ (糸) từ miệng (口) Nguyệt (月) hóa thành dải lụa (絹),0,撒,謂
彰,CHƯƠNG,Rực rỡ,"patent, clear",N1,ショウ,,14,彡,さんづくり,"bristle, beard",Trong văn chương (章) tóc (彡) được miêu tả rất rực rỡ (彰),0,障,詠
闊,KHOÁT,Bất cẩn,wide,N1,カツ,ひろ.い,17,門,もんがまえ,gate,Bố mẹ bất cẩn (闊) để con ra cổng (門) hoạt động (活) quá sức,0,笠,括
搾,TRÁ,Ép,squeeze,N1,サク,しぼ.る,13,手,てへん,hand,Dùng tay (扌) ấn vào lỗ (穴) của máy Ép (乍) để ép (搾) hoa quả,1,筈,詐
括,QUÁT,Bao quát,"fasten, tie up, arrest, constrict",N1,カツ,くく.る,9,手,てへん,hand,Khua tay (扌) múa lưỡi (舌) bao quát (括) vấn đề,2,闊,筈
扱,TRÁP,Đối xử,"handle, entertain, thresh, strip",N1,"ソウ, キュウ","あつか.い, あつか.う, あつか.る, こ.く",6,手,てへん,hand,Tay (扌) phổ cập (及) dùng để đối xử (扱),2,及,汲
潤,NHUẬN,Lợi nhuận,"wet, be watered, profit by, receive benefits, favor, charm, steep",N1,ジュン,"うるお.う, うるお.す, うる.む",15,水,さんずい,water,Bán nước (氵) dưới cổng (門) nên vua (王) kiếm được rất nhiều lợi nhuận (潤),4,閃,欄
爛,LẠN,Rực rỡ,"be sore, inflamed, bleary, fester",N1,ラン,ただ.れる,21,火,ひ,fire,Lửa (火) ở cổng (門) phía đông (束) cháy sáng rực rỡ (爛),0,蘭,及
杖,TRƯỢNG,Cây gậy,"staff, cane",N1,ジョウ,つえ,7,木,き,tree,Cây (木) cao một trượng (丈) là cây gậy (杖),0,丈,吏
胎,THAI,Bào thai,"womb, uterus",N1,タイ,,9,肉,つき,meat,Nguyệt (月) không lên vũ đài (台) vì đang có thai (胎),0,怠,殆
怠,ĐÃI,Lười biếng,"neglect, laziness",N1,タイ,"おこた.る, なま.ける",9,心,こころ,heart,Xây dựng vũ đài (台) thì tâm (心) không được lười biếng (怠),3,冶,胎
牲,SINH,Hy sinh,"animal sacrifice, offering",N1,セイ,,9,牛,うし,cow,Con bò (牛) vừa sinh (生) ra đã hy sinh (牲),1,韻,醒
隆,LONG,Hưng thịnh,"hump, high, noble, prosperity",N1,リュウ,,11,阜,こざとへん,"mound, dam (阝 left)",Bồ (阝) sau (夊) sinh (生) đời sống rất hưng thịnh (隆),0,薩,蒔
己,KỈ,Bản thân,self,N1,コ、キ,おのれ,3,⼰,おのれ,self,Giống số 2,3,侍,紀
蘇,TÔ,Tía tô,"be resuscitated, revived, perilla, shiso",N1,"ソ, ス",よみがえ.る,19,艸,くさかんむり,grass,Cô giáo Thảo (艹) bắt cá (魚) ở ruộng lúa (禾) về nấu cháo tía tô (蘇),0,蚊,蕾
蕾,LÔI,Nụ hoa,"bud (plants, mushrooms not yet opened)",N1,ライ,つぼみ,16,艸,くさかんむり,grass,Nụ hoa (蕾) cỏ (艹) sẽ nở mỗi khi có sấm sét (雷),0,蘇,鱈
孟,MẠNH,Tháng đầu mùa,"chief, beginning",N1,"モウ, ボウ, ミョウ",かしら,8,子,こ,"child, seed",Tháng đầu mùa (孟) thưởng ngay cho con (子) đĩa (皿) CD để chơi game,0,塔,猛
漏,LẬU,Rò rỉ,"leak, escape, time",N1,ロウ,"も.る, も.れる, も.らす",14,水,さんずい,water,Nước (氵) từ xác chết (尸) theo mưa (雨) rò rỉ (漏) ra,2,雫,霜
薪,TÂN,Củi,"fuel, firewood, kindling",N1,シン,"たきぎ, まき",16,艸,くさかんむり,grass,Cô giáo Thảo (艹) mới (新) đi lấy củi (薪) về,0,溢,忠
串,XUYẾN,Xiên,"spit, skewer",N1,"カン, ケン, セン","くし, つらぬ.く",7,丨,くち,line,Miệng (口) cắn vào trung tâm (中) miếng thịt xiên (串),0,忠,伴
剣,KIẾM,Kiếm đạo,"sabre, sword, blade, clock hand",N1,ケン,つるぎ,10,刀,りっとう,"knife, sword",Mặc áo yếm cầm đao (刂) múa kiếm (剣),2,倹,鹸
苺,MÔI,Dâu tây,strawberry,N1,"バイ, マイ",いちご,8,艸,くさかんむり,grass,Cô giáo Thảo (艹) biết mẹ (母) thích ăn dâu tây (苺),0,志,悔
悔,HỐI,Hối hận,"repent, regret",N1,カイ,"く.いる, く.やむ, くや.しい",9,心,りっしんべん,heart,Trái tim (忄) mỗi ngày (毎) đều cảm thấy hối hận (悔),5,苺,侮
侮,VŨ,Coi thường,"scorn, despise, make light of, contempt",N1,ブ,あなど、あなどる,8,⺅,にんべん,person ,Người đứng (亻) mỗi ngày (毎) ở vũ trường bị coi thường (侮),1,悔,敏
苔,ĐÀI,Rêu,"moss, lichen",N1,タイ,"こけ, こけら",8,艸,くさかんむり,grass,Cỏ (艹) trên vũ đài (台) là rêu (苔),0,殆,飴
殆,ĐÃI,Hầu như,"almost, quite, really",N1,"タイ, サイ","ほとほと, ほとん.ど, あやうい",9,歹,がつ,"death, decay",Bị ngạt (歹) ở vũ đài (台) hầu như (殆) là không thể!,0,胎,苔
俗,TỤC,Phong tục,"vulgar, customs, manners, worldliness, mundane things",N1,ゾク,,9,人,にんべん,"man, human",Người (亻) trong cốc (谷) có phong tục (俗) riêng,0,汲,裕
敏,MẪN,Mẫn cảm,"cleverness, agile, alert",N1,ビン,さとい,10,攴,ぼくづくり,rap,Mỗi ngày (毎) đều đánh (攵) phấn khiến da bị mẫn cảm (敏),2,侮,繁
泌,BÍ,Tiết ra,"ooze, flow, soak in, penetrate, secrete",N1,"ヒツ, ヒ",,8,水,さんずい,water,Nước (氵) tất yếu (必) phải tiết ra (泌),0,秘,密
蜜,MẬT,Mật ong,"honey, nectar, molasses",N1,"ミツ, ビツ",,14,虫,むし,insect,Nhà (宀) tất yếu (必) nuôi côn trùng (虫) để lấy mật (蜜),0,密,芳
鱈,TUYẾT,Cá tuyết,"codfish, (kokuji)",N1,セツ,たら,22,魚,うお,fish,Cá (魚) + tuyết (雪) = ca tuyết (鱈),0,蕾,雫
岐,KÌ,Phân nhánh,"branch off, fork in road, scene, arena, theater",N1,"キ, ギ",,7,山,やま,mountain,Phân nhánh (岐) núi (山) thành các chi nhánh (支) nhỏ,0,伎,紋
唄,BÁI,Hát,"song, ballad",N1,バイ,"うた, うた.う",10,口,くち,"mouth, opening",Miệng (口) bảo bối (貝) biết hát (唄),0,飴,韻
溢,DẬT,Tràn đầy,Tràn đầy,N1,イツ,"こぼ.れる, あふ.れる, み.ちる",13,水,さんずい,water,Nước (氵) có ích (益) mà tràn ra (溢) ngoài thì rất phí,0,猛,薪
紡,PHƯỞNG,Dệt vải,spinning,N1,ボウ,つむ.ぐ,10,糸,いと,silk,Sợi tơ (糸) khắp bốn phương (方) đều dùng để dệt vải (紡),0,妨,房
腸,TRÀNG,Đại tràng,"intestines, guts, bowels, viscera",N1,チョウ,"はらわた, わた",13,,にくづき,"meat, flesh",Nguyệt (月) vật vã (易) vì đau đại tràng (腸),0,傲,揚
暢,SƯỚNG,Sướng,stretch,N1,チョウ,のび.る,14,日,ひ,"sun, day",Toàn thân (申) vật vã (易) vì sướng (暢),0,瘍,幻
揚,DƯƠNG,Tuyên dương,"raise, elevate, hoist, praise, extol, fry in deep fat",N1,ヨウ,"あ.げる, -あ.げ, あ.がる",12,手,てへん,hand,Tay (扌) làm việc vật vã (易) nên được tuyên dương (揚),3,腸,瘍
寡,QUẢ,Quả phụ,"widow, minority, few",N1,カ,,14,宀,うかんむり,roof,Quả phụ (寡) vào nhà (宀) lấy tiền giấy (頁) đi mua đao (刀) để phòng thân,0,頒,采
傍,BÀNG,Bên cạnh,"bystander, side, besides, while, nearby, third person",N1,ボウ,"かたわ.ら, わき, おか-, はた, そば",12,人,にんべん,"man, human",Người (亻) đứng (立) trùm khăn (冖) gọi bạn bè khắp bốn phương (方) trở về bên cạnh (傍),0,倣,謗
免,MIỄN,Miễn tội,"excuse, dismissal",N1,メン,まぬか、まぬかれる,8,⼉,ひとあし,human legs,Miễn tội (免) là không bị móc (ク) cả ngày (日) chân chạy (儿) tung tăng,5,采,逸
娩,VÃN,Sinh đẻ,bear (children),N1,ベン,,11,女,おんな,"woman, female",Giá như phụ nữ (女) được miễn (免) khỏi cần sinh đẻ (娩),0,挽,喰
喰,SAN,Ăn,"eat, drink, receive (a blow), (kokuji)",N1,,"く.う, く.らう",12,口,くち,"mouth, opening",Miệng (口) mày chỉ biết ăn (食) ăn (喰) thôi!,0,娩,狼
狼,LANG,Chó sói,wolf,N1,ロウ,おおかみ,10,犬,けものへん,dog,Chó (犭) tốt (良) nhất là chó sói (狼),0,喰,郎
痕,NGÂN,Vết sẹo,"mark, foot print",N1,コン,あと,11,疒,やまいだれ,sickness,Chữa bệnh (疒) không tốt (良) để lại sẹo (痕),0,浪,恨
郷,HƯƠNG,Quê hương,"home town, village, native place, district",N1,キョウ、ゴウ,さと,11,⻏,おおざと,"village, country, city",Yêu (幺) mà không tốt (良) với Bồ (阝)) thì nó sẽ bỏ về quê hương (郷),3,爵,櫛
郊,GIAO,Ngoại ô,"outskirts, suburbs, rural area",N1,コウ,,9,⻏,おおざと,"village, country, city",Giao lưu (交) với Bồ (阝) ở ngoại ô (郊),2,斧,絞
咬,GIẢO,Cắn,"bite, gnaw, chew, gear with, dash against",N1,"コウ, ヨウ",か.む,9,口,くち,"mouth, opening",Miệng (口) đi giao lưu (交) mà răng cứ cắn (咬) chặt,0,鮫,懸
絞,GIẢO,"Vắt, thắt","strangle, constrict, wring",N1,コウ,"しぼ.る, し.める, し.まる",12,糸,いと,silk,Các sợi tơ (糸) giao lưu (交) vắt thắt (絞) vào nhau,1,郊,鮫
迫,BÁCH,Cấp bách,"urge, force, imminent, spur on",N1,ハク,せま.る,8,辵,しろ,walk,Bác sĩ mặc áo trắng (白) chạy đi xa (辶) hẳn là có việc cấp bách (迫),5,懸,伯
紛,PHÂN,Phân tâm,"distract, be mistaken for, go astray, divert",N1,フン,"まぎ.れる, -まぎ.れ, まぎ.らす, まぎ.らわす, まぎ.らわしい",10,糸,いと,silk,Sợi tơ (糸) muốn phân chia (分) thì không được phân tâm (紛),4,拗,雰
舶,BẠC,Thuyền lớn,"liner, ship",N1,ハク,,11,舟,ふね,boat,Thuyền (舟) trắng (白) là thuyền lớn (舶),0,箔,粕
祥,TƯỜNG,Cát tường,"auspicious, happiness, blessedness, good omen, good fortune",N1,ショウ,"さいわ.い, きざ.し, よ.い, つまび.らか",10,示,しめすへん,sign,Cát tường (祥) lấy thị (ネ) cho dê (羊) ăn,0,櫛,翔
窯,DIÊU,Cái lò,"kiln, oven, furnace",N1,ヨウ,かま,15,穴,あな,cave,Cái lò (窯) có lỗ (穴) để cho thịt dê (羊) vào lửa (灬) nướng,0,姜,云
箔,BẠC,Dát mỏng,"foil, gilt",N1,ハク,すだれ,14,竹,たけ,bamboo,Trúc (竹) trọ lại (泊) để mua bạc đã dát mỏng (箔),0,伯,舶
伯,BÁ,Bá tước,"chief, count, earl, uncle, Brazil",N1,ハク,,7,人,にんべん,"man, human",Người (亻) da trắng (白) là bá tước (伯),0,迫,箔
靖,TĨNH,Yên tĩnh,peaceful,N1,"セイ, ジョウ",やす.んじる,13,青,たつ,blue,Đứng (立) dưới trời xanh (青) thật là yên tĩnh (靖),0,請,錆
輝,HUY,Huy hoàng,"radiance, shine, sparkle, gleam, twinkle",N1,キ,かがや.く,15,車,しょう,"cart, car",Ánh hào quang (光) trong quân đội (軍) tỏa sáng huy hoàng (輝),1,揮,蓮
粕,PHÁCH,"Cặn,bã","scrap, waste",N1,ハク,かす,11,米,こめ,rice,Gạo (米) trắng (白) nấu bã (粕) rượu,0,舶,柏
斬,TRẢM,Chém,"beheading, kill, murder",N1,"ザン, サン, セン, ゼン",き.る,11,斤,くるま,axe,Xe (車) bị rìu (斤) chém (斬) rất nhiều vết,0,縺,暫
漸,TIỆM,Tiệm cận,"steadily, gradually advancing, finally, barely",N1,ゼン,"ようや.く, やや, ようよ.う, すす.む",14,水,さんずい,water,Tiệm (漸) nước (氵) này chém (斬) giá rất cao,0,暫,陣
盆,BỒN,Cái khay,"basin, lantern festival, tray",N1,ボン,,9,皿,さら,dish,Phân chia (分) thức ăn từ đĩa (皿) ra khay (盆),2,雰,頒
姜,KHƯƠNG,Củ gừng,"Chinese surname, ginger",N1,"キョウ, ガ",こう,9,女,ひつじ,"woman, female","Thịt dê (羊) được nữ (女) đầu bếp cho vào hấp sả, gừng (姜)",0,翔,窯
軸,TRỤC,Trục xe,"axis, pivot, stem, stalk, counter for book scrolls",N1,ジク,,12,車,くるま,"cart, car",Xe (車) chạy tự do (由) quanh trục (軸),0,陣,軌
拙,CHUYẾT,Vụng về,"bungling, clumsy, unskillful",N1,セツ,つたな.い,8,手,てへん,hand,Tay (扌) xuất (出) chiêu trông thật vụng vệ (拙),0,摯,堀
衝,XUNG,Xung đột,"collide, brunt, highway, opposition (astronomy), thrust, pierce, stab, prick",N1,ショウ,つ.く,15,行,ぎょうがまえ,"go, do",Hành (行) động thận trọng (重) tránh gây xung đột (衝),4,腫,勲
嘗,THƯỜNG,Coi thường,"once, before, formerly, ever, never, ex-, lick, lap up, burn up, taste, undergo, underrate, despise",N1,"ショウ, ジョウ","かつ.て, こころ.みる, な.める",14,口,しょう,"mouth, opening",Hòa thượng (尚) chỉ (旨) coi thường (嘗) kẻ xấu,0,掌,樋
償,THƯỜNG,Bồi thường,"reparation, make up for, recompense, redeem",N1,ショウ,つぐな.う,17,人,にんべん,"man, human",Người (亻) mang tiền thưởng (賞) đi bồi thường (償),5,尚,掌
腫,THŨNG,Sưng; phù,"tumor, swelling",N1,"シュ, ショウ","は.れる, は.れ, は.らす, はれもの",13,肉,つき,meat,Nguyệt (月) bị Trọng (重) đánh cho sưng phù thũng (腫),0,軌,衝
執,CHẤP,Chấp hành,"tenacious, take hold, grasp, take to heart",N1,"シツ, シュウ",と.る,11,土,つち,earth,Nếu chấp hành (執) thì hạnh phúc (辛) sẽ trọn vẹn (丸),3,宰,摯
猟,LIỆP,Săn bắn,"game-hunting, shooting, game, bag",N1,リョウ,"かり, か.る",11,犬,けものへん,dog,Chó (犭) 3 (ツ) năm tuổi có thể sử dụng (用) đi săn bắn (猟),0,桶,蝋
桶,DŨNG,Thùng gỗ,"tub, bucket",N1,"ヨウ, トウ",おけ,11,木,き,tree,Cây (木) được ma (々) sử dụng (用) làm thùng gỗ (桶),0,樋,猟
嫁,GIÁ,Lấy chồng,"marry into, bride",N1,カ,"よめ, とつ.ぐ, い.く, ゆ.く",13,女,おんな,"woman, female",Phụ nữ (女) có gia đình (家) là đã xuất giá lấy chồng (嫁),1,縁,逐
縁,DUYÊN,Duyên số,"affinity, relation, connection, edge, border, verge, brink",N1,"エン, -ネン","ふち, ふち.どる, ゆかり, よすが, へり, えにし",15,糸,いと,silk,Sợi tơ (糸) hồng giúp Em (ヨ) lợn (豕) nên duyên (縁),3,酷,嫁
黙,MẶC,Im lặng,"silence, become silent, stop speaking, leave as is",N1,"モク, ボク","だま.る, もだ.す",15,黑,くろ,black,Im lặng (黙) đi! Đang đen (黒) như chó (犬) đây!,4,墨,猪
悼,ĐIỆU,Truy điệu,"lament, grieve over",N1,トウ,いた.む,11,心,りっしんべん,heart,Trái tim (忄) để lên bàn (卓) mang đi truy điệu (悼),0,卓,悦
壕,HÀO,Chiến hào,"trench, dugout, air raid shelter",N1,"コウ, ゴウ",ほり,17,土,つち,earth,Hiến đất (土) nhà phú hào (豪) để làm chiến hào (壕),0,豪,蒙
酷,KHỐC,Khốc liệt,"cruel, severe, atrocious, unjust",N1,コク,ひど.い,14,酉,ひよみのとり,"wine, alcohol",Giờ Dậu (酉) quảng cáo (告) rượu rất khốc liệt (酷),3,蝋,縁
狸,LI,"Hồ ly, cáo","tanuki, raccoon",N1,"リ, ライ",たぬき,10,犬,けものへん,dog,Chó (犭) của ông Lí (里) biến thành hồ ly (狸),0,鯉,厘
豪,HÀO,Phù hào,"overpowering, great, powerful, excelling, Australia",N1,ゴウ,えら.い,14,豕,なべぶた,pig,Đầu (亠) miệng (ロ) đều trùm khăn (冖) lụa đúng là lợn (豕) nhà phú hào (豪),4,墜,壕
閲,DUYỆT,Kiểm duyệt,"review, inspection, revision",N1,エツ,けみ.する,15,門,もんがまえ,gate,Muốn đi qua cổng (門) thì tivi (兌) cần kiểm duyệt (閲),0,悦,鯉
猪,TRƯ,Lợn rừng,boar,N1,チョ,"い, いのしし",11,犬,けものへん,dog,Chó (犭) của tác giả (者) đánh nhau với lợn rừng (猪),0,黙,奢
吉,CÁT,Tốt lành,"good luck, joy, congratulations",N1,"キチ, キツ",よし,6,口,さむらい,"mouth, opening",Binh sĩ (士) miệng (ロ) luôn nói điều tốt lành (吉),0,鍵,舎
墨,MẶC,Mực,"black ink, India ink, ink stick, Mexico",N1,ボク,すみ,14,土,くろ,earth,Bãi màu đen (黒) dưới đất (土) là mực (墨),0,纏,黙
躇,TRỪ,Chần chừ,hesitate,N1,"チョ, チャク",ためら.う,19,足,あし,foot,Siêu mẫu vẫn hơi chần chừ (躇) khi khoe đôi chân (足) trứ danh (著),0,煮,箸
賭,ĐỔ,Đánh bạc,"gamble, wager, bet",N1,ト,"か.ける, かけ",15,貝,かい,shell,Bảo bối (貝) bị tác giả (者) mang đi đánh bạc (賭),1,箸,諸
諸,CHƯ,Chư hầu,"various, many, several, together",N1,ショ,もろ,15,,ごんべん,"words, to speak, say",Đang nói chuyện (言) với tác giả (者) chính là chư hầu (諸),0,賭,儲
箇,CÁ,Số đếm,counter for articles,N1,"カ, コ",,14,竹,たけ,bamboo,Trúc (竹) cố (固) đếm (箇),1,故,錮
胡,HỒ,Hồ tiêu,"barbarian, foreign",N1,"ウ, コ, ゴ",なんぞ,9,肉,つき,meat,Thời cổ (古) Nguyệt (月) rất thích ăn hồ tiêu (胡),0,錮,湖
鮎,NIÊM,Cá hương,"freshwater trout, smelt",N1,"デン, ネン","あゆ, なまず",16,魚,うお,fish,Cá (魚) đang xâm chiếm (占) Trái đất là cá Hương (鮎),0,帖,彫
彫,ĐIÊU,Điêu khắc,"carve, engrave, chisel",N1,チョウ,"ほ.る, -ぼ.り",11,彡,さんづくり,"bristle, beard",Điêu khắc (彫) lại hình miệng chu (周) ra tóc (彡) bay xa,2,鮎,鯛
姑,CÔ,Mẹ chồng,mother-in-law,N1,コ,"しゅうとめ, しゅうと, おば, しばらく",8,女,おんな,"woman, female",Người phụ nữ (女) hơi cổ (古) hủ là mẹ chồng (姑),0,冠,故
据,CƯ,Lập đặt,"set, lay a foundation, install, equip, squat down, sit down",N1,キョ,"す.える, す.わる",11,手,てへん,hand,Tay (扌) sửa sang nơi cư trú (居) để lắp đặt (据) đồ mới,2,瑚,裾
帖,THIẾP,Sổ tay,"quire (of paper), bundle of seaweed, counter for screens, notebook",N1,"チョウ, ジョウ",かきもの,8,巾,はば,"turban, scarf",Sổ tay (帖) được bọc khăn (巾) lụa chiếm (占) tỷ lệ lớn,0,貼,鮎
故,CỐ,Sự cố,"happenstance, especially, intentionally, reason, cause, circumstances, the late, therefore, consequently",N1,コ,ゆえ,9,⺙,ぼくづくり,"activity, to strike, hit",Cổ (古) bị đánh (攵) là sự cố (故) lớn,10,姑,箇
苛,HÀ,Bắt nạt,"torment, scold, chastise",N1,カ,"いじ.める, さいな.む, いらだ.つ, からい, こまかい",8,艸,くさかんむり,grass,Cô giáo Thảo (艹) có khả năng (可) bắt nạt (苛) người khác,0,鯛,阿
扇,PHIẾN,Quạt,"fan, folding fan",N1,セン,おうぎ,10,戶,と,"door, house",Đứng dưới cánh cửa (戸) cầm cái lông (羽) quạt quạt (扇),1,阿,詔
詔,CHIẾU,Chiếu chỉ,imperial edict,N1,ショウ,みことのり,12,言,げん,speech,Lời nói (言) triệu tập (召) là chiếu chỉ (詔),0,扇,岳
腔,KHANG,Khoang,body cavity,N1,コウ,,12,肉,つき,meat,Nguyệt (月) không (空) có khoang (腔) ngực,0,控,銘
銘,MINH,Khắc tên,"inscription, signature (of artisan)",N1,メイ,,14,金,かね,"metal, gold",Khắc tên (銘) bảng vàng (金) lưu danh (名) muôn thuở,0,腔,妙
項,HẠNG,Xếp hạng,"paragraph, nape of neck, clause, item, term (expression)",N1,コウ,うなじ,12,頁,たくみ,leaf,Xếp hạng (項) công nhân (工) lên giấy (頁),1,虹,控
痴,SI,Ngu si,"stupid, foolish",N1,チ,"し.れる, おろか",13,疒,やまいだれ,sickness,Ngu si (痴) là tên của bệnh (疒) thiếu hiểu biết (知),1,智,疾
妙,DIỆU,Kỳ diệu,"exquisite, strange, queer, mystery, miracle, excellent, delicate, charming",N1,"ミョウ, ビョウ",たえ,7,女,おんな,"woman, female",Phụ nữ (女) có thể sống thiếu (少) tiền thì thật kỳ diệu (妙),4,銘,沙
恭,CUNG,Cung kính,"respect, reverent",N1,キョウ,うやうや.しい,10,心,こころ,heart,Ở nơi công cộng (共) trái tim (心) phải biết cung kính (恭),0,翁,翼
沙,SA,Sa thải,sand,N1,"サ, シャ","すな, よなげる",7,水,さんずい,water,Nước (氵) thiếu (少) sẽ bị sa thải (沙),2,妙,炒
疾,TẬT,Bệnh tật,rapidly,N1,シツ,はや.い,10,疒,やまいだれ,sickness,Bị bệnh (疒) do trúng tên (矢) chữa khỏi cũng thành tật (疾),0,痴,嫉
挨,AI,Chào hỏi,"approach, draw near, push open",N1,アイ,ひら.く,10,手,てへん,hand,Tay (扌) cầm 4 (厶) mũi tên (矢) gặp ai cũng chào hỏi (挨),1,嫉,丙
訟,TỤNG,Kiện tụng,"sue, accuse",N1,ショウ,,11,言,げん,speech,Nói (言) bừa bãi nơi công cộng (公) dễ bị kiện tụng (訟),0,訣,聡
丙,BÍNH,Vị trí thứ 3; can bính,"third class, 3rd, 3rd calendar sign",N1,ヘイ,ひのえ,5,一,いち,one,Bính là can thứ 3 (丙) một (一) trong (内) 10 Thiên Can,0,挨,窃
硯,NGHIỄN,Nghiên mực,inkstone,N1,"ケン, ゲン",すずり,12,石,いし,stone,Nghiên mực (硯) đá (石) nhìn (見) rất đẹp,0,寛,窺
索,TÁC,Tìm kiếm,"cord, rope, searching, inquiring",N1,サク,,10,糸,じゅう,silk,Tìm kiếm (索) 10 (十) khăn trùm (冖) bằng tơ (糸),4,遜,素
系,HỆ,Hệ thống,"lineage, system",N1,ケイ,,7,⽷,いと,thread,1 (丿) sợi tơ (糸) cũng tạo nên hệ thống (系),6,窺,遜
哲,TRIẾT,Triết học,"philosophy, clear",N1,テツ,"さとい, あきらか",10,⼝,くち,mouth,Chiết (折) ra lý lẽ từ miệng (ロ) là triết học (哲,0,芹,逝
匠,TƯỢNG,Thợ,"artisan, workman, carpenter",N1,ショウ,たくみ,6,匚,はこがまえ,box,Tủ đựng (匚) rìu (斤) là của anh thợ (匠) tạc tượng,1,誓,析
斤,CÂN,Cái rìu,"axe, 1.32 lb, catty, counter for loaves of bread, axe radical (no. 69)",N1,キン,,4,斤,おのづくり,axe,Vác rìu (斤) lên sườn núi (厂) Tê (Ｔ) hết cả tay,0,繋,芹
祉,CHỈ,Phúc lợi,"welfare, happiness",N1,シ,,8,示,しめすへん,sign,Chỉ thị (ネ) dừng (止) trả lương chỉ còn phúc lợi (祉),1,拐,卸
昧,MUỘI,Ngu muội,"dark, foolish",N1,"マイ, バイ","くら.い, むさぼ.る",9,日,ひ,"sun, day",Ngày (日) tuổi vị thành niên (未) vẫn còn ngu muội (昧),1,楼,魅
朱,CHU,Đỏ tươi,"vermilion, cinnabar, scarlet, red, bloody",N1,シュ,あけ,6,木,の,tree,Vị thành niên (未) hay chu môi đỏ (朱) tự sướng,1,沫,殊
殊,THÙ,Đặc thù,"particularly, especially, exceptionally",N1,シュ,こと,10,歹,がつ,"death, decay",Đặc thù (殊) của chết ngạt (歹) là máu không còn màu đỏ tươi (朱),1,朱,珠
斐,PHỈ,Văn vẻ,"beautiful, patterned",N1,"ヒ, イ",,12,文,あらず,"script, literature",Sự phi thường (非) của văn học (文) là sự văn vẻ (斐),0,扉,憩
徘,BỒI,Lang thang,wander,N1,ハイ,さまよ.う,11,彳,ぎょうにんべん,step,Đang đi lang thang (徘) thì 2 người (彳) ở đâu phi (非) ra,0,珠,排
如,NHƯ,Như nhau,"likeness, like, such as, as if, better, best, equal",N1,"ジョ, ニョ",ごと.し,6,女,おんな,"woman, female",Phụ nữ (女) lắm mồm (ロ) như nhau (如),2,妥,茹
汝,NHỮ,Mày,"you, thou",N1,ジョ,"なんじ, なれ, い, うぬ, いまし, し, しゃ, な, なむち, まし, みまし",6,水,さんずい,water,Đây là nước (氵) hoa của phụ nữ (女) hả mày (汝)?,0,按,奴
憩,KHẾ,Nghỉ ngơi,"recess, rest, relax, repose",N1,ケイ,"いこ.い, いこ.う",16,心,した,heart,Lè lưỡi (舌) thở (息) hổn hển mỗi khi nghỉ ngơi (憩),3,斐,臭
肝,CAN,Gan,"liver, pluck, nerve, chutzpah",N1,カン,きも,7,肉,つき,meat,Nguyệt (月) bị khô (干) gan (肝),1,奴,竿
喀,KHÁCH,Nôn ọe,vomit,N1,カク,は.く,12,口,くち,"mouth, opening",Miệng (ロ) khách (客) đang nôn ọe (喀),0,鼾,酪
酪,LẠC,Bơ lạc,"dairy products, whey, broth, fruit juice",N1,ラク,,13,酉,ひよみのとり,"wine, alcohol",Giờ Dậu (酉) các vị (各)) uống rượu với bơ lạc (酪),0,喀,賂
竿,CAN,Cần câu,"pole, rod, scale beam, violin neck",N1,カン,さお,9,竹,たけ,bamboo,Cây trúc (竹) khô (干) dùng làm cần câu (竿),0,肝,芋
迂,VU,Vi vu,roundabout way,N1,ウ,,6,辵,しんにょう,walk,Đường khô (于) ráo đi xa (辶) vi vu (迂) thoải mái,0,芋,坪
葬,TÁNG,Mai táng,"interment, bury, shelve",N1,ソウ,ほうむ.る,12,艸,くさかんむり,grass,Cô giáo Thảo (艹) chết (死) chắp tay (廾) mai táng (葬),3,裂,漬
匿,NẶC,Nặc danh,"hide, shelter, shield",N1,トク,かくま.う,10,匸,かくしがまえ,hiding enclosure,Thư nặc danh (匿) giấu trong tủ (匚) của người trẻ (若),1,秤,諾
漬,TÍ,Ngâm,"pickling, soak, moisten, steep",N1,シ,"つ.ける, つ.かる, -づ.け, -づけ",14,水,さんずい,water,Nước (氵) có trách nhiệm (責) quan trọng trong việc ngâm (漬) dưa muối,1,葬,蹟
准,CHUẨN,Phê chuẩn,"quasi-, semi-, associate",N1,ジュン,,10,冫,にすい,ice,Phê chuẩn (准) đóng băng (冫) con chim (隹),0,亭,椎
推,SUY,Suy tính,"conjecture, infer, guess, suppose, support, push (for)",N1,スイ,お、おす,11,⺘,てへん,hand,Tay (扌) vừa cầm chim (隹) vừa suy tính (推),7,稚,唯
焦,TIÊU,Cháy,"char, hurry, impatient, irritate, burn, scorch, singe",N1,ショウ,こ、こげる、こがす、こがれる、あせ、あせる、あせり,12,⺣,れっか,fire,Chim (隹) bị lửa (灬) đốt cháy (焦),3,堆,礁
寧,NINH,Cẩn thận,"rather, preferably, peaceful, quiet, tranquility",N1,ネイ,むし.ろ,14,宀,うかんむり,roof,Dưới mái nhà (宀) yên tâm (心) nằm trên võng (皿) đã đóng đinh (丁) cẩn thận (寧),0,訂,亭
奮,PHẤN,Hưng phấn,"stirred up, be invigorated, flourish",N1,フン,ふる、ふるう,16,⼤,だい,"large, big",Càng lớn (大) mỗi lần chim (隹) được ra ruộng (田) đều thấy rất hưng phấn (奮),2,擢,奪
躍,DƯỢC,Nhảy múa,"leap, dance, skip",N1,ヤク,おど.る,21,足,あし,foot,Chân (足) 2 Em (ヨ) chim (隹) đang nhảy múa (躍),6,蕉,擢
顧,CỐ,Hồi tưởng,"look back, review, examine oneself, turn around",N1,コ,かえり.みる,21,頁,おおがい,leaf,Hồi tưởng (顧) lại việc cố thuê mướn (雇) bằng tiền giấy (頁),1,奪,雀
獲,HOẠCH,Săn bắt,"seize, get, find, earn, acquire, can, may, able to",N1,カク,え.る,16,犬,けものへん,dog,Chó (犭) của cô giáo Thảo (艹) nhìn thấy con chim chích (隻) liền chạy theo săn bắt (獲),2,穫,歓
彙,VỊ,Từ vựng,"same kind, collect, classify, category, hedgehog",N1,イ,はりねずみ,13,彐,けいがしら,pig snout,"Kệ (彑) mọi người, mình trùm khăn (冖) học nên kết quả (果) đã thuộc từ vựng (彙)",0,裸,弾
雁,NHẠN,Chim nhạn,wild goose,N1,ガン,"かり, かりがね",12,隹,まだれ,small bird,Dưới sườn núi (厂) có người (亻) bắt được con chim (隹) nhạn (雁),0,歓,擁
弾,ĐÀN,Viên đạn/đánh đàn,"bullet, twang, flip, snap",N1,ダン,ひ、ひく、ひき、はず、はずむ、たま,12,,ゆみへん,bow（in archery）,Cung (弓) đơn giản (単) hơn viên đạn (弾),3,彙,蝉
淫,DÂM,Dâm đảng,"lewdness, licentiousness",N1,イン,"ひた.す, ほしいまま, みだ.ら, みだ.れる, みだり",11,水,さんずい,water,Nước (氵) dính ở móng tay (爪) ông vua (王) dâm đãng (淫),0,箪,廷
艇,ĐĨNH,Thuyền nhỏ,"rowboat, small boat",N1,テイ,,13,舟,ふね,boat,Thuyền (舟) đi trong triều đình (廷) là thuyền nhỏ (艇),0,廷,挺
旋,TOÀN,Trở lại,"rotation, go around",N1,セン,"め.ぐる, いばり",11,方,ほう,square,Khi trở lại (旋) Phương (方) nằm (𠂉) với hạ (下) nhân (人),0,挺,鯨
羅,LA,La bàn,"gauze, thin silk, Rome, arrange, spread out",N1,ラ,うすもの,19,网,あみめ,net,Võng (皿) của Duy (維) có đặt la bàn (羅),2,維,堆
訂,ĐÍNH,Đính chính,"revise, correct, decide",N1,テイ,ただ.す,9,言,げん,speech,Nói (言) chắc như đinh (丁) không cần đính chính (訂),2,釘,寧
憬,CẢNH,Cảnh tỉnh,"yearn for, aspire to, admire",N1,ケイ,あこが.れる,15,心,りっしんべん,heart,Tâm (忄) cảnh (景) tỉnh (憬),0,掠,撲
鯨,KÌNH,Cá voi,whale,N1,ゲイ,くじら,19,魚,うお,fish,Cá (魚) ở kinh đô (京) là cá voi (鯨),0,旋,掠
叢,TÙNG,Bụi cây,"plexus, clump of bushes, thicket",N1,"ソウ, ス","くさむら, むら.がる, むら",18,又,てん,right hand,Xếp hàng (业) cho dê (羊) vào lấy (取) bụi cây (叢),0,撲,尤
箪,ĐAN,Tủ,bamboo rice basket,N1,タン,はこ,15,竹,たけ,bamboo,Tủ (箪) trúc (竹) làm cũng đơn giản (単),0,禅,淫
蹴,XÚC,Đá,kick,N1,"シュク, シュウ",け.る,19,足,あし,foot,Đá (蹴) bóng bằng chân (足) đạt thành tựu (就) lớn,1,尤,枕
慎,THẬN,Cẩn thận,"humility, be careful, discreet, prudent",N1,シン,"つつし.む, つつ.ましい, つつし, つつし.み",13,心,りっしんべん,heart,Trái tim (忄) chân thật (真) thì rất cẩn thận (慎),2,惧,鎮
宵,TIÊU,Buổi tối,"wee hours, evening, early night",N1,ショウ,よい,10,宀,うかんむり,roof,Nhà (宀) tiêu (肖) buổi tối (宵) có ma,0,肖,硝
削,TƯỚC,Gọt,"plane, sharpen, whittle, pare, shave",N1,サク,"けず.る, はつ.る, そ.ぐ",9,刀,りっとう,"knife, sword",Tước gọt (削) mà làm mất tiêu (肖) con đao (刂),4,屑,鎖
鎖,TỎA,Cái xích,"chain, irons, connection",N1,サ,"くさり, とざ.す",18,金,かね,"metal, gold",Đeo xích (鎖) vàng (金)cho tiểu (小) bảo bối (貝),1,削,貞
偵,TRINH,Trinh thám,spy,N1,テイ,,11,人,にんべん,"man, human",Người (亻) trinh tiết (貞) làm nghề trinh thám (偵),0,貞,貫
錯,THÁC,Thác loạn,"confused, mix, be in disorder",N1,"サク, シャク",,16,金,かね,"metal, gold",Tiền (金) ngày xưa (昔) để ăn chơi thác loạn (錯),1,惜,措
惧,CỤ,Sợ hãi,"fear, be afraid of, dread",N1,"ク, グ",おそ.れる,11,心,りっしんべん,heart,Trái tim (忄) cụ (具) rất sợ hãi (惧),0,貫,慎
掲,YẾT,Đăng lên,"put up (a notice), put up, hoist, display, hang out, publish, describe",N1,ケイ,かか.げる,11,手,てへん,hand,"Tay (扌) mang loại hạt (曷) mới đăng lên (掲) báo,",3,桃,謁
謁,YẾT,Yết kiến,"audience, audience (with king)",N1,エツ,,15,言,げん,speech,Xin yết kiến (謁) để nói (言) về loại hạt (曷) mới,0,掲,喝
措,THỐ,Biện pháp,"set aside, give up, suspend, discontinue, lay aside, except",N1,ソ,お.く,11,手,てへん,hand,Tay (扌) ngày xưa (昔) có nhiều biện pháp (措) thi thố,1,錯,跳
褐,HẠT,Màu nâu,"brown, woollen kimono",N1,カツ,,13,衣,ころもへん,clothes,Y phục (衤) có gắn hạt (曷) màu nâu (褐),0,靄,葛
胞,BÀO,Tế bào,"placenta, sac, sheath",N1,ホウ,,9,肉,つき,meat,Nguyệt (月) có bao (包) nhiêu tế bào (胞),0,梗,飽
舗,PHỐ,Phố xá,"shop, store, pave",N1,ホ,,15,人,ひと,"man, human",Phố (舗) xá (舎) do quan phủ (甫) quản lý,0,浦,奇
飽,BÃO,"No,chán/bão hoà","sated, tired of, bored, satiate",N1,ホウ,あ、あきる、あかす,13,⻟,しょくへん,"food, to eat",Ăn (食) bao (包) nhiêu mới no (飽)?,1,胞,鞄
覗,TƯ,Nhìn lén,"peep, peek, come in sight",N1,シ,"のぞ.く, うかが.う",12,見,みる,see,Quản lý (司) nhìn (見) lén (覗),0,嗣,笥
梗,NGẠNH,Tắc nghẽn,"for the most part, close up, flower stem",N1,"コウ, キョウ","ふさぐ, やまにれ, おおむね",11,木,き,tree,Cây (木) mới (更) trồng dễ bị tắc nghẽn (梗),0,鞭,胞
笥,TỨ,Từ ngắn kéo,"lunch box, clothes chest",N1,"ス, シ","け, はこ",11,竹,たけ,bamboo,Trúc (竹) quản lý (司) tủ ngăn kéo (笥),0,覗,嫡
施,THI,Thực thi,"give, bestow, perform, alms",N1,"シ, セ",ほどこ.す,9,方,ほう,square,Phương (方) nằm (𠂉) thả C (也) là thực thi (施),5,也,弛
騎,KỊ,Kị mã,"equestrian, riding on horses, counter for equestrians",N1,キ,,18,馬,うま,horse,Ngựa (馬) kỳ lạ (奇) là kị mã (騎),0,奇,綺
棟,ĐỐNG,Nóc nhà,"ridgepole, ridge",N1,トウ,"むね, むな-",12,木,き,tree,Cây (木) ở phía đông (東) chất đống trên nóc nhà (棟),0,灼,煉
灼,CHƯỚC,Đốt nóng,miraculous,N1,シャク,"あらた, やく",7,火,ひ,fire,Dùng lửa (火) bắt chước (勺) mọi người để đốt nóng (灼),0,釣,棟
嗣,TỰ,Con cháu,"heir, succeed",N1,シ,,13,口,くち,"mouth, opening",Miệng (ロ) đọc sách (冊) về cách quản lý (司) con cháu (嗣),0,弛,覗
煉,LUYỆN,Luyện gạch,"refine metals, kneading over fire",N1,レン,ね.る,12,火,ひ,fire,Luyện gạch (煉) ở lò lửa (火) phía đông (東),0,棟,錬
瀕,TÂN,Sắp,"shore, brink, verge",N1,ヒン,ほとり,20,水,さんずい,water,Nước (氵) Tần (頻) sắp (瀕) diệt vong,0,頻,捗
廟,MIẾU,Lăng miếu,"mausoleum, shrine, palace",N1,"ビョウ, ミョウ","たまや, みたまや, やしろ",15,广,まだれ,house on cliff,Ra mái hiên (广) từ sáng (朝) để đi lăng miếu (廟),0,韓,潮
斡,OÁT,Môi giới,"go around, rule, administer",N1,"アツ, カン, ワツ","めぐ.る, めぐ.らす",14,斗,ますづくり,dipper,20 ngày (車) người (人) dân đấu (斗) tranh với môi giới (斡),0,幹,韓
痰,ĐÀM,Đờm,"sputum, phlegm",N1,タン,,13,疒,やまいだれ,sickness,Bệnh (疒) viêm (炎) họng thường có đờm (痰),0,淡,溝
賄,HỐI,Hối lộ,"bribe, board, supply, finance",N1,ワイ,まかな.う,13,貝,かい,shell,Bảo bối (貝) có (有) nhiều mang đi hối lộ (賄),1,曖,髄
抵,ĐỂ,Chống lại,"resist, reach, touch",N1,テイ,,8,⺘,てへん,hand,Tay (扌) họ (氏) nhất (一) định chống lại (抵),2,罠,邸
曖,ÁI,Mộ,"dark, not clear",N1,アイ,くら.い,17,日,ひ,"sun, day",Ở Nhật (日) tình yêu (愛) rất mập mờ (曖),0,邸,賄
垂,THUỲ,Rủ xuống,"droop, suspend, hang, slouch",N1,スイ,た、たれる、たらす、たれ,8,⼟,つち,earth,Nặng (重) thì rủ xuống (垂),1,楕,唾
惨,THẢM,Bi thảm,"wretched, disaster, cruelty, harsh",N1,"サン, ザン","みじ.め, いた.む, むご.い",11,心,りっしんべん,heart,Tâm (忄) tham (参) sẽ gặp bi thảm (惨),2,砕,疹
疹,CHẨN,Bệnh sởi,"measles, sickness",N1,"シン, チン",はしか,10,疒,やまいだれ,sickness,Bệnh (疒) làm người (人) tóc (彡) tai rũ rợi là bệnh sởi (疹),0,惨,悠
頓,ĐỐN,Chỉnh đốn,"suddenly, immediately, in a hurry, arrange, stay in place, bow, kowtow",N1,"トン, トツ","にわか.に, とん.と, つまず.く, とみ.に, ぬかずく",13,頁,おおがい,leaf,Nghe đồn (屯) giấy (頁) tờ cần chỉnh đốn (頓) lại,0,屯,沌
惰,NOẠ,Lười biếng,"lazy, laziness",N1,ダ,,12,心,りっしんべん,heart,Trái tim (忄) bên trái (左) của Nguyệt (月) rất lười biếng (惰),0,堕,楕
剰,THẶNG,Thặng dư,"surplus, besides",N1,ジョウ,"あまつさえ, あま.り, あま.る",11,刀,りっとう,"knife, sword",Thừa (乗) đao (刂) là thặng dư (剰),2,唾,嘩
巳,TỊ,Năm rắn,"sign of the snake or serpent, 9-11AM, sixth sign of Chinese zodiac",N1,シ,み,3,己,おのれ,oneself,Bản thân (己) sinh năm rắn (巳),0,沌,肥
芭,BA,Chuối,banana,N1,"バ, ハ",,7,艸,くさかんむり,grass,Cô giáo Thảo (艹) ăn ba (巴) quả chuối (芭),0,把,徐
徐,TỪ,Từ từ,"gradually, slowly, deliberately, gently",N1,ジョ,おもむ.ろに,10,彳,ぎょうにんべん,step,Từ từ (徐)! 2 người (彳) đang làm việc dư thừa (余),2,芭,叙
叙,TỰ,Tự chuyện,"confer, relate, narrate, describe",N1,ジョ,"つい.ず, ついで",9,又,また,right hand,Mấy chuyện dư thừa (余) lại (又) được xuất hiện trong tự truyện (叙),0,徐,塗
痢,LỊ,Bệnh lỵ,diarrhea,N1,リ,,12,疒,やまいだれ,sickness,Bệnh (疒) không có lợi (利) là bệnh lỵ (痢),0,萎,愁
謹,CẨN,Cẩn thận,"discreet, reverently, humbly",N1,キン,つつし.む,17,言,げん,speech,Nói (言) với người bị cận (菫) hãy nhìn cẩn thận (謹),0,嘆,僅
僅,CẬN,Ít,a wee bit,N1,"キン, ゴン",わず.か,12,人,にんべん,"man, human",Người (亻) bị cận (菫) không ít (僅),1,謹,矛
愁,SẦU,U sầu,"distress, grieve, lament, be anxious",N1,シュウ,"うれ.える, うれ.い",13,心,こころ,heart,Mùa thu (秋) trái tim (心) rất u sầu (愁),0,痢,萩
堤,ĐÊ,Con đê,"dike, bank, embankment",N1,テイ,つつみ,12,土,つち,earth,Vùng đất (土) thị phi (是) nhất là con đê (堤),0,是,提
稿,CẢO,Bản thảo,"draft, copy, manuscript, straw",N1,コウ,"わら, したがき",15,禾,のぎへん,grain,Hòa (禾) rất cao (高) tay làm trong bản thảo (稿),2,匙,縞
嵩,TUNG,Tăng lên,"be aggravated, grow worse, grow bulky, swell",N1,"スウ, シュウ","かさ, かさ.む, たか.い",13,山,やま,mountain,Núi (山) cao (高) tăng lên (嵩),0,縞,藁
矯,KIỂU,Nắn thẳng,"rectify, straighten, correct, reform, cure, control, pretend, falsify",N1,キョウ,た.める,17,矢,や,arrow,Nắn thẳng (矯) mũi tên (矢) bắn lên trời cao (喬),1,膏,蕎
吊,ĐIẾU,Treo lên,"suspend, hang, wear (sword)",N1,チョウ,"つ.る, つる.す",6,口,くち,"mouth, opening",Miệng (口) ngậm khăn (巾) để treo lên (吊),1,巾,稀
稀,HI,Hiếm có,"rare, phenomenal, dilute (acid)",N1,"キ, ケ","まれ, まばら",12,禾,のぎへん,grain,Hiếm có (稀) loại lúa (禾) nào được đặt nhiều hy vọng (希) như vậy,0,吊,逓
凪,LẠNG,Yên lặng,"lull, calm, (kokuji)",N1,,"なぎ, な.ぐ",6,几,きにょう,table,Người ngồi trên ghế (几) chỉ (止) yên lặng (凪),0,凧,颯
錠,ĐĨNH,Cái khóa,"lock, fetters, shackles",N1,ジョウ,,16,金,かね,"metal, gold",Cất vàng (金) vào nơi cố định (定) rồi khóa (錠) lại,0,淀,綻
兜,ĐÂU,Mũ giáp,"helmet, head piece",N1,"トウ, ト",かぶと,11,儿,しろ,legs,Samurai đội mũ giáp (兜) trắng (白) 2 tai (［ ]) chân chạy (儿) rất nhanh,0,礎,仰
綻,TRÁN,Đường khâu,"be rent, ripped, unravel, run, begin to open, smile",N1,タン,ほころ.びる,14,糸,いと,silk,Sợi tơ (糸) cố định (定) trên trán là đường khâu (綻),0,錠,婿
此,THỬ,"Đây, này","this, current, next, coming, last, past",N1,シ,"これ, この, ここ",6,止,とめる,stop,Chỉ (止) có cái thìa (ヒ) đây này (此),0,颯,雌
叩,KHẤU,Gõ,"strike, beat, kow tow, hit, thrash, criticize",N1,コウ,"たた.く, はた.く, すぎ",5,口,くち,"mouth, opening",Gõ (叩) vào mồm (口) là phọt tiết (卩) ra,1,抑,卯
柳,LIỄU,Cây liễu,willow,N1,リュウ,やなぎ,9,木,き,tree,Cây (木) giải phóng (卯) ra nhiều oxy là cây liễu (柳),0,卯,曽
曽,TẰNG,Cháu chắt,"formerly, once, before, ever, never, ex-",N1,"ソウ, ソ, ゾウ","かつ, かつて, すなわち",11,曰,た,say,Cháu (曽) chơi đùa trên 2 (' ') mảnh ruộng (田) cả ngày (日),0,柳,僧
柴,"SÀI, TÍ",Chó nhật,"brush, firewood",N1,"サイ, シ",しば,10,木,き,tree,Đây (此) là cây (木) chó Nhật (柴) thích ăn,0,砦,淀
唇,THẦN,Cái môi,lips,N1,シン,くちびる,10,口,しんのたつ,"mouth, opening",Thần (辰) thái của miệng (口) thể hiện rõ trên môi (唇),0,賑,辱
踪,TUNG,Biến đi,"remains, clue, footprint",N1,"ソウ, ショウ",あと,15,足,あし,foot,Chân (足) đi tông (宗) rất tung (踪) tăng,0,孔,綜
促,XÚC,Xúc tiến,"stimulate, urge, press, demand, incite",N1,ソク,うなが.す,9,人,にんべん,"man, human",Người đứng (亻) chân (足) bước nhanh để xúc tiến (促) công việc,4,噌,捉
捺,NẠI,Đóng dấu,"press, print, affix a seal, stamp",N1,"ナツ, ダツ","さ.す, お.す",11,手,てへん,hand,Đóng dấu (捺) lăn tay (扌) để khiếu nại (奈),0,崇,斎
征,CHINH,Chinh phục,"subjugate, attack the rebellious, collect taxes",N1,セイ,,8,⼻,ぎょうにんべん,"step, stride, street, to go",2 người (彳) chính xác (正) đã chinh phục (征) được nhau,0,俵,涎
悟,NGỘ,Giác ngộ,"enlightenment, perceive, discern, realize, understand",N1,ゴ,さと、さとる、さとり,10,⺖,りっしんべん,"heart, mind, spirit",Trái tim (忄) ta (吾) đã giác ngộ (悟),1,吾,陪
剖,PHẪU,Phẫu thuật,divide,N1,ボウ,,10,刀,りっとう,"knife, sword",Phẫu thuật (剖) bộ phận (音) bằng đao (刂),0,賠,菩
俵,BIỂU,Bao,"bag, bale, sack, counter for bags",N1,ヒョウ,たわら,10,⺅,にんべん,person ,Tặng bao (俵) gạo cho người đứng (亻) phát biểu (表),0,慰,征
刈,NGẢI,Cắt cỏ,"reap, cut, clip, trim, prune",N1,"ガイ, カイ",か.る,4,刀,りっとう,"knife, sword",Mê (乂) đao (刂) là cắt (刈),0,菩,壮
寸,THỐN,Tấc,"measurement, tenth of a shaku, a little, small",N1,スン,,3,⼨,すん,"inch, (2.25 cm)",Đơn vị đo của Nhật Bản,0,壮,酎
酎,TRỮU,Rượu nặng,sake,N1,"チュウ, チュ",かも.す,10,酉,ひよみのとり,"wine, alcohol",Giờ Dậu (酉) vẫn thốn (寸) do uống rượu nặng (酎),0,寸,肘
尉,ÚY,Đại úy,"military officer, jailer, old man, rank",N1,"イ, ジョウ",,11,寸,しかばね,"thumb, inch",Xác chết (尸) ra chỉ thị (示) thốn (寸) là đại úy (尉),0,斎,慰
培,BỒI,Bồi dưỡng,"cultivate, foster",N1,バイ,つちか.う,11,土,つち,earth,Đất (土) là bộ phận (音) cần bồi dưỡng (培),2,陪,賠
袖,TỤ,Ống tay áo,"sleeve, wing (building), extension, give cold shoulder",N1,シュウ,そで,10,衣,ころもへん,clothes,Y phục (衤) mặc tư do (由) không cần ống tay áo (袖),0,諺,笛
腐,HỦ,Thối nát,"rot, decay, sour",N1,フ,"くさ.る, -くさ.る, くさ.れる, くさ.れ, くさ.らす, くさ.す",14,肉,にく,meat,Trong phủ huyện (府) có thịt (肉) thối (腐),1,附,狩
狩,THÚ,Săn bắt,"hunt, raid, gather",N1,シュ,"か.る, か.り, -が.り",9,犬,けものへん,dog,Chó (犭) phòng thủ (守) khi bị săn bắt (狩),0,腐,献
柚,DỮU,Cây quất,citron,N1,"ユ, ユウ, ジク",ゆず,9,木,き,tree,Cây (木) mọc tự do (由) là cây quất (柚),0,抽,寅
弦,HUYỀN,Dây cung,"bowstring, chord, hypotenuse",N1,ゲン,つる,8,弓,ゆみ,bow,Dây (弦) cung (弓) của Huyền (玄) rất căng,0,絃,舷
姥,"MỖ, MỤ",Bà lão,old woman,N1,"ボ, モ",うば,9,女,おんな,"woman, female",Phụ nữ (女) già (老) là bà lão (姥),0,牽,嗜
孝,HIẾU,Hiếu thảo,"filial piety, child's respect",N1,コウ,,7,⼦,こ,"child, son",Đứng trên đất chống gậy (者) ở với người con (子) có hiếu (孝),0,嗜,酵
拷,KHẢO,Tra khảo,"torture, beat",N1,ゴウ,,9,手,てへん,hand,Chống tay (扌) suy nghĩ (考) cách tra khảo (拷),0,酵,渦
渦,QUA,Dòng xoáy,"whirlpool, eddy, vortex",N1,カ,うず,12,水,さんずい,water,Nước (氵) chảy qua (咼) tạo ra dòng xoáy (渦),1,拷,禍
訊,TẤN,Hỏi,"request, question, investigate",N1,"ジン, シュン, シン","き.く, と.う, たず.ねる",10,言,げん,speech,Nói (言) nhìn thấy sườn núi ngược (厂) mà 10 (十) người vẫn cứ hỏi (訊),0,迅,猿
鍋,OA,Cái nồi,"pot, pan, kettle",N1,カ,なべ,17,金,かね,"metal, gold",Kim loại (金) qua (咼) tinh luyện thành cái nồi (鍋),1,禍,叶
猿,VIÊN,Con khỉ,monkey,N1,エン,さる,13,犬,けものへん,dog,Chó (犭) ở công viên (袁) nhìn giống con khỉ (猿),3,訊,還
壷,HỒ,"Bình, chum","jar, pot, hinge knuckle, one's aim",N1,コ,つぼ,11,士,さむらい,"scholar, bachelor",Bình (壷) rượu chon dưới đất (士) trùm khăn (冖) là của người châu Á (亜),0,唖,栗
栗,LẬT,Hạt dẻ,chestnut,N1,"リツ, リ","くり, おののく",10,木,にし,tree,Phía tây (西) trồng cây (木) hạt dẻ (栗),0,壷,慄
漂,PHIÊU,"Trôi, nổi","drift, float (on liquid)",N1,ヒョウ,ただよ.う,14,水,さんずい,water,Trên mặt nước (氵) lá phiếu (票) đang trôi nổi (漂,1,遷,剽
凸,ĐỘT,Chỗ lồi,"convex, beetle brow, uneven",N1,トツ,でこ,5,凵,いち,"container, open mouth",Đột ngột lồi (凸) lên,0,凹,蛍
蚕,TÀM,Con tầm,silkworm,N1,サン,かいこ,10,⾍,むし,"worm, insect, bug",Trời (天) sinh ra côn trùng (虫) là con tằm (蚕),0,蛍,繭
燭,CHÚC,Nến,"light, candlepower",N1,"ソク, ショク",ともしび,17,火,ひ,fire,"Nến (燭) lửa (火) đốt cháy võng (皿), bao (勹) nhiêu côn trùng (虫) chết",0,濁,囚
囚,TÙ,Tù nhân,"captured, criminal, arrest, catch",N1,シュウ,とら.われる,5,囗,くにがまえ,enclosure,4 bức tường vây quanh (囗) người (人) tù nhân (囚),0,燭,柵
珊,SAN,San hô,"coral, centimeter",N1,サン,"センチ, さんち",9,玉,たま,jade (king),Vua (王) đọc sách (冊) về san hô (珊),0,柵,倫
愉,DU,Vui vẻ,"pleasure, happy, rejoice",N1,ユ,"たの.しい, たの.しむ",12,心,りっしんべん,heart,Trái tim (忄) được đi du (兪) lịch nên rất vui (愉),0,揃,諭
喩,DỤ,Ẩn dụ,"metaphor, compare",N1,ユ,"たと.える, さと.す",12,口,くち,"mouth, opening",Miệng (口) hướng dẫn viên du (兪) lịch nói ẩn dụ (喩),0,諭,癒
顕,HIỂN,Hiển nhiên,"appear, existing",N1,ケン,"あきらか, あらわ.れる",18,頁,おおがい,leaf,Ở Nhật (日) xếp hàng (並) nhặt được tiền giấy (頁) là hiển nhiên (顕),1,譜,妄
諭,DỤ,Dạy bảo,"rebuke, admonish, charge, warn, persuade",N1,ユ,さと.す,16,言,げん,speech,Lời nói (言) của hướng dẫn viên du (兪) lịch như dạy bảo (諭),0,愉,喩
径,KÍNH,Bán kính,"diameter, path, method",N1,ケイ,"みち, こみち, さしわたし, ただちに",8,⼻,ぎょうにんべん,"step, stride, street, to go",2 người đứng (彳) với Thánh (圣) để đo bán kính (径),0,網,怪
怪,QUÁI,Yêu quái,"suspicious, mystery, apparition",N1,カイ、ケ,あや、あやしい、あやしむ,8,⺖,りっしんべん,"heart, mind, spirit",Trái tim (忄) Thánh (圣) ghét nhất yêu quái (怪),2,径,茎
剽,PHIẾU,Cướp bóc,threat,N1,ヒョウ,"おびや.かす, さす",13,刀,りっとう,"knife, sword",Cướp bóc (剽) phiếu (票) bằng đao (刂),0,漂,瓢
艶,DIỄM,Diễm lệ,"glossy, luster, glaze, polish, charm, colorful, captivating",N1,エン,"つや, なま.めかしい, あで.やか, つや.めく, なま.めく",19,色,いろ,"colour, prettiness",Cảnh vật phong phú (豊) màu sắc (色) diễm lệ (艶),1,膿,乃
揃,TIỄN,Giống nhau,"be complete, uniform, all present",N1,セン,"そろ.える, そろ.う, そろ.い, き.る",12,手,てへん,hand,Tay (扌) trước (前) cũng giống (揃) tay sau,3,煎,愉
透,THẤU,Thấu suốt,"transparent, permeate, filter, penetrate",N1,トウ,"す.く, す.かす, す.ける, とう.る, とう.す",10,辵,しんにょう,walk,Người ưu tú (秀) đi xa (辶) càng thấu suốt (透),2,秀,莫
漠,MẠC,Sa mạc,"vague, obscure, desert, wide",N1,バク,,13,水,さんずい,water,Tay (扌) ở sa mạc (莫) sờ (摸) toàn thấy cát,3,膜,摸
盲,MANH,Mù,"blind, blind man, ignoramus",N1,モウ,めくら,8,目,あみがしら,eye,Bị mù (盲) chết (亡) không nhắm mắt (目),0,妄,網
幕,MẠC,"Màn, rèm","curtain, bunting, act of play",N1,マク、バク,とばり,13,⼱,はば,cloth,Ở sa mạc (莫) dùng khăn (巾) để làm rèm (幕),1,慕,其
摸,MẠC,Sờ,"search, imitate, copy",N1,"モ, モウ, バク, ボ, マク",,13,手,てへん,hand,Nước (氵) + mạc (莫) = Sa mạc nước (漠),0,漠,墓
膿,NỒNG,Mủ,"pus, fester, discharge",N1,"ノウ, ドウ","う.む, うみ",17,肉,つき,meat,Nguyệt (月) làm nông nghiệp (農) nên chân bị mưng mủ (膿),0,典,艶
塞,TẮC,Tắc nghẽn,"close, shut, cover, block, obstruct",N1,"ソク, サイ","ふさ.ぐ, とりで, み.ちる",13,土,うかんむり,earth,Dưới mái nhà (宀) chỗ cái giếng (井) có 18 (ー儿) đống đất (土) gây tắc nghẽn (塞),0,旗,甚
棋,KÌ,Cờ tướng,"chess piece, Japanese chess, shogi",N1,キ,ご,12,木,き,tree,Dùng cây (木) kì (其) lạ là cờ tướng (棋),1,其,碁
恣,TỨ,Ích kỷ,"selfish, arbitrary",N1,シ,ほしいまま,10,心,こころ,heart,Lần yêu tiếp theo (次) trái tim (心) sẽ trở nên ích kỷ (恣),0,諮,羨
諮,TƯ,Tư vấn,consult with,N1,シ,はか.る,16,言,げん,speech,Lời nói (言) tiếp theo (次) từ miệng (口) người tư vấn (諮),0,炊,恣
縫,PHÙNG,Khâu vá,"sew, stitch, embroider",N1,ホウ,ぬ.う,16,糸,いと,silk,Khâu vá (縫) quần áo tơ (糸) lụa cho ngày trùng phùng (縫),1,逢,峰
峰,PHONG,Đỉnh núi,"summit, peak",N1,ホウ,"みね, ね",10,山,やま,mountain,Lên đỉnh (峰) núi (山) để trùng phùng (夆),0,縫,蜂
宜,NGHI,Tiện nghi,"best regards, good",N1,ギ,"よろ.しい, よろ.しく",8,宀,うかんむり,roof,Vào nhà (宀) cơ thể được thả (且) lỏng vì có đầy đủ tiện nghi (宜),1,阻,誼
驚,KINH,Kinh ngạc,"wonder, be surprised, frightened, amazed",N1,キョウ,おどろ、おどろく、おどろかす,22,⾺,うま,horse,Kinh ngạc (驚) trước sự kính trọng (敬) của con ngựa (馬),4,駒,崖
逢,PHÙNG,Trùng phùng,"meeting, tryst, date, rendezvous",N1,ホウ,"あ.う, むか.える",10,辵,しんにょう,walk,Phùng (夆) đi xa (辶) để trùng phùng (逢),0,款,縫
鮭,KHUÊ,Cá hồi,salmon,N1,"カイ, ケイ","さけ, しゃけ, ふぐ",17,魚,うお,fish,Cá (魚) Ngọc Khuê (圭) thích ăn nhất là cá hồi (鮭),0,罫,窪
佳,GIAI,Giai nhân,"excellent, beautiful, good, pleasing, skilled",N1,カ,,8,人,にんべん,"man, human",Người (亻) tên Ngọc Khuê (圭) là giai nhân (佳),0,涯,罫
炊,XÚY,Đun nấu,"cook, boil",N1,スイ,"た.く, -だ.き",8,火,ひ,fire,Lửa (火) thiếu (欠) thì không thể đun nấu (炊),5,勘,諮
橘,QUẤT,Quả quất,mandarin orange,N1,キツ,たちばな,16,木,き,tree,"Cướp quả quất (橘) trên cây (木) gây mâu thuẫn (矛) ở biên giới (冂), chân chạy (儿) miệng (口) gào thét",0,桂,胴
涯,NHAI,Cuộc đời,"horizon, shore, limit, bound",N1,ガイ,はて,11,水,さんずい,water,Nước (氵) chảy ở sườn núi (厂) Ngọc Khuê (圭) cả cuộc đời (涯) chưa từng thấy,0,崖,佳
窪,OA,Chỗ trũng,"depression, cave in, sink, become hollow",N1,"ワ, ア","くぼ.む, くぼ.み, くぼ.まる, くぼ",14,穴,あな,cave,Lỗ (穴) thoát nước (氵) nhà Ngọc Khuê (圭) đúng ở chỗ trũng (窪),0,鮭,桂
胴,ĐỖNG,Cơ thể,"trunk, torso, hull (ship), hub of wheel",N1,ドウ,,10,肉,つき,meat,Cơ thể (胴) Nguyệt (月) 3 vòng đều giống nhau (同),0,橘,桐
廉,LIÊM,Liêm khiết,"bargain, reason, charge, suspicion, point, account, purity, honest, low price, cheap, rested, contented, peaceful",N1,レン,,13,广,まだれ,house on cliff,Dưới mái hiên (广) người kiêm (兼) nhiều việc nhưng vẫn sống liêm khiết (廉),0,寓,簾
崖,NHAI,Ven núi,"cliff, bluff, precipice",N1,"ガイ, ゲ, ギ","がけ, きし, はて",11,山,やま,mountain,Từ trên núi (山) xuống sườn núi (厂) Ngọc Khuê (圭) nghỉ chân ở ven núi (崖),0,驚,涯
亥,HỢI,Con lợn/chihợi,"sign of the hog, 9-11PM, twelfth sign of the Chinese zodiac",N1,"ガイ, カイ",い,6,亠,なべぶた,lid,Lần đầu (亠) 4 (ム) người (人) ăn thịt lợn (亥),0,謙,咳
該,CAI,Cai quản,"above-stated, the said, that specific",N1,ガイ,,13,言,げん,speech,Nói (言) với con lợn (亥) để cai quản (該),1,咳,骸
骸,HÀI,Hài cốt,"bone, body, corpse",N1,"ガイ, カイ",むくろ,16,骨,ほね,bone,Bộ xương (骨) con lợn (亥) là hài cốt (骸),0,該,劾
履,LÍ,"Đi, mặc","perform, complete, footgear, shoes, boots, put on (the feet)",N1,リ,は.く,15,尸,しかばね,corpse,Xác chết (尸) phục hồi (復) dậy mặc (履) quần áo,3,覆,趣
娶,THÚ,Lấy vợ,"marry, arrange a marriage",N1,シュ,"めと.る, めあわ.せる",11,女,おんな,"woman, female",Lấy (取) phụ nữ (女) là lấy vợ (娶),0,趣,撮
描,MIÊU,Miêu tả,"sketch, compose, write, draw, paint",N1,ビョウ,えが、えがく,11,⺘,てへん,hand,Tay (扌) vẽ cây non (苗) để miêu tả (描),3,苗,錨
瞭,LIỆU,Rõ ràng,clear,N1,リョウ,あきらか,17,目,あみがしら,eye,Mắt (目) nhìn trong kí túc xá (寮) liệu có rõ ràng (瞭),0,縛,隙
縛,PHƯỢC,Buộc,"truss, arrest, bind, tie, restrain",N1,バク,しば.る,16,糸,いと,silk,Sợi tơ (糸) có 1 (ヽ) chuyên môn (専) dùng để buộc (縛),3,錨,瞭
塊,KHỐI,"Cục, tảng","clod, lump, chunk, clot, mass",N1,"カイ, ケ","かたまり, つちくれ",13,土,つち,earth,Khối (塊) đất (士) đá sinh ra quỷ (鬼),1,醜,椿
俺,YÊM,"Tôi, tao","I, myself",N1,エン,"おれ, われ",10,人,にんべん,"man, human",Người (亻) lớn (大) lên ở Nhật (日) Là (L) tôi (俺),0,篭,鬼
椿,XUÂN,Cây hoa trà,camellia,N1,"チン, チュン",つばき,13,木,き,tree,Hoa trà (椿) là cây (木) chuyên nở vào mùa xuân (春),0,塊,奏
泰,THÁI,Thái bình,"peaceful, calm, peace, easy, Thailand, extreme, excessive, great",N1,タイ,,10,水,したみず,water,3 người (夫) lãnh đạo nên đất nước (水) thái bình (泰),0,奏,奉
俸,BỔNG,Lương bổng,"stipend, salary",N1,ホウ,,10,人,にんべん,"man, human",Người (亻) phụng mệnh (奉) sẽ được nhận lương bổng (俸),0,奉,捧
柑,CAM,Cây quýt,"citrus, orange",N1,"コン, カン",,9,木,き,tree,Cây (木) + cam (甘) = Cây quýt (柑),0,擦,某
媒,MÔI,Môi giới,"mediator, go-between",N1,バイ,なこうど,12,女,おんな,"woman, female",Người phụ nữ (女) được người nào đó (某) môi giới (媒) lấy chồng nước ngoài,0,謀,煤
凶,HUNG,Hung ác,"villain, evil, bad luck, disaster",N1,キョウ,,4,凵,かんにょう,"container, open mouth",Ngủ mê (メ) sợ há mồm (凵) khi gặp điều hung ác (凶),0,嵌,圏
扶,PHÙ,Phù hộ,"aid, help, assist",N1,フ,たす.ける,7,手,てへん,hand,Tay (扌) chồng (夫) phù hộ (扶) cho gia đình,0,渓,楷
藤,ĐẰNG,Hoa tử đằng,wisteria,N1,"トウ, ドウ",ふじ,18,艸,くさかんむり,grass,Cỏ (艹) được Nguyệt (月) đốt dưới 2 ngọn lửa (火) rồi tưới nước (氵) mọc lên cây hoa tử đằng (藤),0,拳,謄
某,MỖ,Nào đó,"so-and-so, one, a certain, that person",N1,ボウ,"それがし, なにがし",9,木,あまい,tree,Cam (甘) là cây (木) nào đó (某),0,柑,謀
諧,HÀI,Hài hòa,harmony,N1,カイ,"かな.う, やわ.らぐ",16,言,げん,speech,Nói chuyện (言) với mọi người (皆) phải hài hòa (諧),0,楷,昆
蹄,ĐỀ,Móng chân,hoof,N1,テイ,ひづめ,16,足,あし,foot,Chân (足) Hoàng Đế (帝) cũng có móng (蹄),0,諦,勃
枢,XU,Khu trung tâm,"hinge, pivot, door, center of things",N1,"スウ, シュ","とぼそ, からくり",8,木,き,tree,Cây (木) được trồng ở khu vực (区) trung tâm (枢),0,駆,鴎
脅,HIẾP,Ăn hiếp,"threaten, coerce",N1,キョウ,"おびや.かす, おど.す, おど.かす",10,肉,つき,meat,3 anh lực (力力力) cứ gặp chị Nguyệt (月) là ăn hiếp (脅),2,勃,脇
苗,MIÊU,Cây non,"seedling, sapling, shoot",N1,"ビョウ, ミョウ","なえ, なわ-",8,艸,くさかんむり,grass,Cỏ (艹) trên ruộng (田) mọc thành cây non (苗),0,碑,描
寓,NGỤ,Ngụ ngôn,"temporary abode, imply, suggest",N1,"グウ, グ, ドウ","ぐう.する, かこつ.ける, よ.せる, よ.る, かりずまい",12,宀,うかんむり,roof,Dưới mái nhà (宀) người ngu dốt (禺) nghe truyện ngụ ngôn (寓),0,萬,廉
鴎,ÂU,Chim hải âu,seagull,N1,オウ,かもめ,15,鳥,とり,bird,Khu vực (区) này có nhiều chim (鳥) hải âu (鴎),0,枢,愚
卑,TI,Ti tiện,"lowly, base, vile, vulgar, despise",N1,ヒ,"いや.しい, いや.しむ, いや.しめる",9,十,の,"ten, complete",1 mảnh ruộng (由) 4 (4v) người tranh nhau là đồ ti tiện (卑),2,塁,碑
諦,ĐẾ,Từ bỏ,"truth, clarity, abandon, give up",N1,"テイ, タイ","あきら.める, つまびらか, まこと",16,言,げん,speech,Nói (言) Hoàng Đế (帝) từ bỏ (諦) ngai vàng,1,締,蹄
脇,HIẾP,Cái nách,"armpit, the other way, another place, flank, supporting role",N1,キョウ,"わき, わけ",10,肉,つき,meat,Chị Nguyệt (月) ăn hiếp 3 anh lực (力力力) bằng nách (脇),1,脅,痘
厨,TRÙ,Nhà bếp,kitchen,N1,"シュウ, ズ, チュ, チュウ",くりや,12,厂,がんだれ,cliff,Nhà bếp (厨) dưới sườn núi (厂) có trồng cây đậu (豆) thốn (寸),0,痘,闘
澄,TRỪNG,Làm sạch,"lucidity, be clear, clear, clarify, settle, strain, look grave",N1,チョウ,"す.む, す.ます, -す.ます",15,水,さんずい,water,Nước (氵) được đăng ký (登) làm sạch (澄),3,闘,橙
樹,THỤ,Cổ thụ,"timber, trees, wood, establish, set up",N1,ジュ,き,16,,きへん,"tree, wood",Giữa làng (村) có 10 (十) cây đậu (豆) cổ thụ (樹),1,嬉,鼓
慈,TỪ,Nhân từ,mercy,N1,ジ,いつく.しむ,13,心,こころ,heart,Dưới đám cỏ (䒑) 2 con yêu yêu (幺幺) có trái tim (心) nhân từ (慈) đang đùa vui,0,紐,磁
滋,TƯ,Dinh dưỡng,"nourishing, more & more, be luxuriant, planting, turbidity",N1,"ジ, シ",,12,水,さんずい,water,Nước (氵) tưới cho (䒑) bởi 2 con yêu yêu (幺幺) rất nhiều dinh dưỡng (滋),0,磁,幽
鼓,CỔ,Cái trống,"drum, beat, rouse, muster",N1,コ,つづみ,13,鼓,つづみ,drum,Bán 10 (十) hạt đậu (豆) cho chi nhánh (支) để mua trống cổ (鼓),0,樹,膨
拠,CỨ,Chứng cứ,"foothold, based on, follow, therefore",N1,"キョ, コ",よ.る,8,手,てへん,hand,Tay (扌) xử lý (処) vì đã có chứng cứ (拠),2,飢,抗
坑,KHANH,Hố,"pit, hole",N1,コウ,,7,土,つち,earth,Đào xong hố (坑) đất (士) đầu (亠) tiên đặt ghế (几) ngồi nghỉ,0,抗,杭
緩,HOÃN,Trì hoãn,"slacken, loosen, relax, lessen, be moderate, ease",N1,カン,"ゆる.い, ゆる.やか, ゆる.む, ゆる.める",15,糸,いと,silk,Trì hoãn (緩) dệt tơ (糸) để ăn viên (爰) chiên,5,畿,几
汎,PHIẾM,Phù phiếm,pan-,N1,"ハン, ブ, フウ, ホウ, ホン","ただよ.う, ひろ.い",6,水,さんずい,water,Đất nước (氵) phi phàm (凡) không làm chuyện phù phiếm (汎),0,帆,筑
磯,KI,Ghềnh đá,"seashore, beach",N1,キ,いそ,17,石,いし,stone,Đá (石) qua bao nhiêu (幾) năm tích tụ tạo thành ghềnh đá (磯),0,幾,畿
飢,CƠ,Đói,"hungry, starve",N1,キ,う.える,10,食,しょくへん,"eat, food",Đói (飢) ăn (食) cả ghế (几),1,几,拠
筑,TRÚC,Trúc,an ancient musical instrument,N1,チク,,12,竹,たけ,bamboo,Trúc (竹) có công (工) lực phi phàm (凡) vẫn là trúc (筑),0,汎,伏
覇,BÁ,Bá chủ,"hegemony, supremacy, leadership, champion",N1,"ハ, ハク",はたがしら,19,西,にし,west,Phương Tây (西) tìm cách (革) để Nguyệt (月) làm bá chủ (覇),0,獣,撚
吻,VẪN,Mép,proboscis,N1,"フン, ブン","くちわき, くちさき",7,口,くち,"mouth, opening",Miệng (口) con vật (勿) nào cũng có mép (吻),0,撚,惣
惚,HỐT,Hoảng hốt,"fall in love with, admire, grow senile",N1,コツ,"ほけ.る, ぼ.ける, ほ.れる",11,心,りっしんべん,heart,Tâm (忄) + hốt (忽) = Hoảng hốt (惚),0,忽,葱
錫,TÍCH,Thiếc,"copper, tin",N1,"セキ, シャク","すず, たま.う",16,金,かね,"metal, gold",Kim loại (金) dễ dàng (易) tích tụ là thiếc (錫),0,賜,罵
篤,ĐỐC,Đôn đốc,"fervent, kind, cordial, serious, deliberate",N1,トク,あつ.い,16,竹,たけ,bamboo,Dùng cây trúc (竹) đánh vào mông ngựa (馬) để đôn đốc (篤),0,罵,架
迦,"GIÀ,CA",Thích ca,(used phonetically),N1,"カ, ケ",,8,辵,しんにょう,walk,Đức Phật Thích Ca (迦) giúp mọi người gia tăng (加) những hiểu biết đi thật xa (辶),0,賀,駕
麻,MA,Ma túy,"hemp, flax, numb",N1,"マ, マア",あさ,11,麻,あさ,"hemp, flax",Dưới mái hiên (广) có rừng (林) ma túy (麻),0,淋,摩
締,ĐẾ,Ràng buộc,"tighten, tie, shut, lock, fasten",N1,テイ,"し.まる, し.まり, し.める, -し.め, -じ.め",15,糸,いと,silk,Dùng sợi tơ (糸) trói Hoàng Đế (帝) để ràng buộc (締),7,帝,諦
凡,PHÀM,Phi phàm,"commonplace, ordinary, mediocre",N1,"ボン, ハン","およ.そ, おうよ.そ, すべ.て",3,几,きにょう,table,Cái ghế (几) của ông chủ (丶) rất phi phàm (凡),1,燕,帆
暦,LỊCH,Tấm lịch,"calendar, almanac",N1,"レキ, リャク",こよみ,14,日,がんだれ,"sun, day",Dưới sườn núi (厂) vào rừng (林) cả ngày (日) xem lịch (暦),0,魔,襟
磨,MA,Mài,"grind, polish, scour, improve, brush (teeth)",N1,マ,みが、みがく,16,⽯,いし,stone,Ma (麻) dùng đá (石) để mài (磨),3,摩,魔
磁,TỪ,Từ trường,"magnet, porcelain",N1,ジ,,14,,いしへん,stone,Viên đá (石) bên cạnh đám cỏ (䒑) và 2 con yêu (幺幺) có từ trường (磁) mạnh,0,慈,滋
讃,TÁN,Tán dương,"praise, title on a picture",N1,サン,"ほ.める, たた.える",22,言,げん,speech,Nói (言) tán thành (賛) cũng là tán dương (讃),0,襟,潜
笹,SẬY,Trúc,"bamboo grass, (kokuji)",N1,,ささ,11,竹,たけ,bamboo,Trúc (竹) khắp thế giới (世) vẫn gọi là trúc (笹),0,潜,貰
恩,ÂN,Ân nhân,"grace, kindness, goodness, favor, mercy, blessing, benefit",N1,オン,,10,⼼,こころ,"heart, mind, spirit",Ân (恩) nhân (因) thật có tâm (心),1,咽,冒
諜,ĐIỆP,Diệp viên,"spy out, reconnoiter",N1,チョウ,"ちょう.ずる, うかが.う, しめ.す",16,言,げん,speech,Điệp viên (諜) có khả năng nói chuyện (言) với thế giới (世) cây (木),1,喋,蝶
冒,MẠO,Mạo hiểm,"risk, face, defy, dare, damage, assume (a name)",N1,ボウ,おか、おかす,9,⽬,め,eye,Để mặt trời (日) chiếu thẳng vào mắt (目) rất mạo hiểm (冒),2,恩,至
緻,TRÍ,Tỉ mỉ,fine (i.e. not coarse),N1,チ,こまか.い,16,糸,いと,silk,Dệt tơ (糸) nhất trí (致) phải tỉ mỉ (緻),1,至,姪
蛭,ĐIỆT,Con đĩa,leech,N1,"シツ, チツ",ひる,12,虫,むし,insect,Côn trùng (虫) đang hút máu Chí (至) Phèo là con đỉa (蛭),0,姪,窒
尋,TẦM,"Tìm, hỏi","inquire, fathom, look for",N1,ジン,"たず.ねる, ひろ",12,寸,けいがしら,"thumb, inch",Em (ヨ) công nhân (工) mồm (口) thốn (寸) rất hay hỏi (尋),1,窒,浸
轄,HẠT,Cai quản,"control, wedge",N1,カツ,くさび,17,車,くるま,"cart, car",Xe (車) không muốn bị tổn hại (害) phải cai quản (轄) tốt,0,凝,繕
慌,HOẢNG,Hoảng hốt,"disconcerted, be confused, lose one's head",N1,コウ,"あわ.てる, あわ.ただしい",12,心,りっしんべん,heart,Trái tim (忄) ở nơi hoang vắng (荒) nên hoảng hốt (慌),3,荒,暁
膳,THIỆN,Bữa ăn,"small low table, tray",N1,"ゼン, セン","かしわ, すす.める, そな.える",16,肉,つき,meat,Bữa ăn (膳) Nguyệt (月) nấu mang đi từ thiện (善),0,繕,衡
荒,HOANG,Hoang vắng,"laid waste, rough, rude, wild",N1,コウ,あら、あ、あらい、あらす、あれる,9,⺾,くさかんむり,grass,Cô giáo Thảo (艹) tử vong (亡) trên dòng sông (川) hoang vắng (荒),5,硫,慌
浸,TẨM,Ngâm,"immersed, soak, dip, steep, moisten, wet, dunk",N1,シン,"ひた.す, ひた.る, つ.かる",10,水,さんずい,water,Dưới nước (氵) cô Tấm (夛) đang ngâm (浸) mình,4,尋,擬
勅,SẮC,Sắc lệnh,imperial order,N1,チョク,"いまし.める, みことのり",9,力,ちから,"power, force",Thúc (束) giục làm việc cật lực (力) theo sắc lệnh (勅),0,漱,爪
疎,SƠ,Sơ sài,"alienate, rough, neglect, shun, sparse, penetrate",N1,"ソ, ショ","うと.い, うと.む, まば.ら",12,疋,ひき,bolt of cloth,Bị móc (フ) dừng lại (止) sư thúc (束) buộc sơ sài (疎),2,暁,辣
爪,TRẢO,Móng tay,"claw, nail, talon",N1,ソウ,"つめ, つま-",4,爪,つめ,claw,Giống hình móng tay,0,勅,瓜
暁,HIỂU,Bình minh,"daybreak, dawn, in the event",N1,"ギョウ, キョウ","あかつき, さと.る",12,日,ひ,"sun, day","Mặt trời (日) mọc qua 10 (十) hàng rào (井), chân chạy (儿) đón bình minh (暁)",0,慌,疎
孤,CÔ,Cô độc,"orphan, alone",N1,コ,,9,子,こ,"child, seed",Đứa trẻ (子) ăn dưa (瓜) trong cô độc (孤),2,狐,弧
赦,XÁ,Xá tội,"pardon, forgiveness",N1,シャ,ゆる.す,11,赤,あか,"red, naked",Xích (赤) lại đánh (攵) xong rồi xá tội (赦),0,派,嚇
嬢,NƯƠNG,Cô nương,"lass, girl, Miss, daughter",N1,ジョウ,むすめ,16,女,おんな,"woman, female",Cô gái (女) + nương (裏) = Cô nương (嬢),0,猥,譲
隈,ÔI,Quầng thảm,"corner, nook, recess",N1,"ワイ, エ","くま, すみ",12,阜,こざとへん,"mound, dam (阝 left)",Ôi! Bồ (阝) sợ (畏)nhất quầng thâm (隈) mắt,0,畏,猥
嚇,HÁCH,Dọa nạt,"menacing, dignity, majesty, threaten",N1,カク,おど.す,17,口,くち,"mouth, opening",Miệng (口) đỏ (赤) loe loét hống hách đi dọa nạt (嚇) người khác,0,赦,亦
猥,ỔI,Bì ổi,obscene,N1,ワイ,"みだ.ら, みだり.に",12,犬,けものへん,dog,Đến chó (犭) cũng sợ (畏) người bỉ ổi (猥),0,隈,嬢
棚,BẰNG,Cái giá,"shelf, ledge, rack, mount, mantle, trellis",N1,ホウ,"たな, -だな",12,木,き,tree,Cây (木) mất 2 tháng (朋) làm thành cái giá (棚),3,醸,尺
尺,XÍCH,Cái thước,"shaku, Japanese foot, measure, scale, rule",N1,シャク,さし,4,⼫,しかばね,"corpse, awning",Xác chết (尸) dùng 1 (ヽ) cái thước (尺) để đo,0,棚,釈
尽,TẬN,Tận lực,"exhaust, use up, run out of, deplete, befriend, serve",N1,"ジン, サン","つ.きる, つ.くす, つ.かす, -づ.く, -ず.く, ことごと.く",6,尸,にすい,corpse,Tận lực (尽) để phá xích (尺) băng (゛),3,択,剛
剛,CƯƠNG,Cứng,"sturdy, strength",N1,ゴウ,,10,刀,りっとう,"knife, sword",Kim cương (岡) dùng làm đao (刂) thì rất cứng (剛),0,尽,鋼
鋼,CƯƠNG,Thép,steel,N1,コウ,はがね,16,,かねへん,"metal, gold, mineral",Kim (金) cương (岡) dùng cắt thép (鋼),0,剛,綱
牙,NHA,Răng nanh,"tusk, fang, tusk radical (no. 92)",N1,"ガ, ゲ","きば, は",5,牙,きば,fang,14 (一ム) tuổi mọc (丿) ra cái răng nanh (牙),0,礫,芽
芽,NHA,Mầm,"bud, sprout, spear, germ",N1,ガ,め,8,⺾,くさかんむり,grass,Cô giáo Thảo (艹) dùng răng nanh (牙) ăn mầm (芽) mạch nha,1,牙,冴
既,KÍ,"Đã, rồi","previously, already, long ago",N1,キ,すで.に,10,无,こん,perish,Hợp đồng đã (既) không tốt (良) thì đừng kí (旡),0,穿,慨
誇,KHOA,Khoa trương,"boast, be proud, pride, triumphantly",N1,コ,ほこ、ほこる、ほこり,13,,ごんべん,"words, to speak, say",Nói (言) to (大) 15 (一ち) lần là khoa trương (誇),5,朽,袴
茸,NHUNG,Nấm,mushroom,N1,"ジョウ, ニュ","きのこ, たけ, しげ.る",9,艸,くさかんむり,grass,Cỏ (艹) có tai (耳) là nấm (茸),0,郡,餌
餌,NHỊ,Mồi,"food, bait, prey, tempting profit",N1,"ジ, ニ","え, えば, えさ, もち",14,食,しょく,"eat, food",Ăn (食) nem tai (耳) là mồi nhậu (餌),1,茸,摂
敢,CẢM,Dũng cảm,"daring, brave, bold, sad, tragic, pitiful",N1,カン,"あ.えて, あ.えない, あ.えず",12,⺙,ぼくづくり,"activity, to strike, hit",Công nhân (工) tai (耳) bị đánh (攵) thì phải dũng cảm (敢) đứng lên,1,摂,巧
愕,NGẠC,Ngạc nhiên,"surprised, frightened",N1,ガク,おどろ.く,12,心,りっしんべん,heart,Trái tim (忄) nhìn thấy 2 miệng (口) to gấp 15 (一ち) lần thì ngạc nhiên (愕),0,顎,鰐
沃,ỐC,Màu mỡ,fertility,N1,"ヨウ, ヨク, オク",そそ.ぐ,7,水,さんずい,water,Đất nước (氵) của yêu (天) quái rất màu mỡ (沃),0,妖,添
顎,NGẠC,Cái cằm,"jaw, chin, gill",N1,ガク,"あご, あぎと",18,頁,おおがい,leaf,Cái cằm (顎 ) và 2 miệng (口) to gấp 15 (一ち) lần tờ giấy (頁),0,袴,愕
厄,ÁCH,Tai họa,"unlucky, misfortune, bad luck, disaster",N1,ヤク,,4,厂,がんだれ,cliff,Bị đẩy ra sườn núi (厂) ăn C (已) là tai họa (厄),1,詮,範
添,THIÊM,Thêm vào,"annexed, accompany, marry, suit, meet, satisfy, attach, append, garnish, imitate",N1,テン,"そ.える, そ.う",11,水,さんずい,water,Ruộng màu mỡ (沃) lại quan tâm (心) thêm vào (添) sẽ rất tốt,6,沃,呑
怨,OÁN,Oán giận,"grudge, show resentment, be jealous",N1,"エン, オン, ウン","うら.む, うらみ, うら.めしい",9,心,こころ,heart,Ta (タ) phải ăn C (已) trong tim (心) oán giận (怨),0,氾,椀
旺,VƯỢNG,Thịnh vượng,"flourishing, successful, beautiful, vigorous",N1,オウ,さかん,8,日,ひ,"sun, day",Ngày (日) nào còn vua (王) thì đất nước còn thịnh vượng (旺),1,狂,班
繍,TÚ,Thêu,"sew, figured cloth",N1,シュウ,ぬいとり,17,糸,いと,silk,Thêu (繍) tơ (糸) lụa cần nghiêm túc (粛),0,粛,庸
栓,XUYÊN,Nút chai,"plug, bolt, cork, bung, stopper",N1,セン,,10,木,き,tree,Cây (木) toàn (全) dùng làm nút chai (栓),2,斑,詮
誉,DỰ,Danh dự,"reputation, praise, honor, glory",N1,ヨ,"ほま.れ, ほ.める",13,言,しょう,speech,3 người 18 tuổi (光) nói (言) lời thề danh dự (誉),1,碗,逮
粛,TÚC,Nghiêm túc,"solemn, quietly, softly",N1,"シュク, スク",つつし.む,11,聿,ふでづくり,brush,1 Em (ヨ) cắt lúa gạo (米) 2 (ノ |) bên sông rất nghiêm túc (粛),1,隷,繍
碗,OẢN,Bát đá,"porcelain bowl, tea cup",N1,ワン,こばち,13,石,いし,stone,Bát (碗) đá (石) của Uyên (宛),1,椀,誉
璧,BÍCH,Ngọc bích,"sphere, ball",N1,ヘキ,たま,18,玉,たま,jade (king),Tích (辟) trữ ngọc (玉) bích (璧),1,避,癖
癌,NHAM,Ung thư,"cancer, cancerous evil",N1,ガン,,17,疒,やまいだれ,sickness,Ung thư (癌) là bệnh (疒) có dùng sản phẩm (品) thuốc trên núi (山) cũng không khỏi,0,謳,操
謳,ÂU,Ca ngợi,"extol, declare, express",N1,"オウ, ウ",うた.う,18,言,げん,speech,Ca ngợi (謳) hết lời (言) về tủ đựng (匚) sản phẩm (品) mang thương hiệu Châu Âu,0,臨,癌
奨,TƯỞNG,Thưởng,"exhort, urge, encourage",N1,ショウ,すす.める,13,⼤,だい,"large, big",Tương lai (将)vào đại (大) học sẽ được thưởng (奨),2,藻,醤
避,TỊ,Tị nạn,"evade, avoid, avert, ward off, shirk, shun",N1,ヒ,さ、さける,16,⻌,しんにょう,"road, walk, to advance",Tích (辟) trữ tiền để đi xa (辶) tị nạn (避),3,唐,璧
梯,THÊ,Cái thang,"ladder, stairs, insatiable drinking",N1,"テイ, タイ",はしご,11,木,き,tree,Cây (木) được em trai (弟) dùng làm thang (梯),0,剃,沸
那,NA,Nhiều,what?,N1,"ナ, ダ","なに, なんぞ, いかん",7,邑,に,town (阝 right),Giơ đao (刀) tuyên bố chia tay 2 (二) em Bồ (阝) ở China (那),0,鰯,邦
醤,TƯƠNG,Xì dầu,a kind of miso,N1,ショウ,ひしお,17,酉,ひよみのとり,"wine, alcohol",Loại xì dầu (醤) tương lai (将) sẽ ra mắt vào giờ Dậu (酉),0,奨,弓
弁,BIỆN,Biện luận,"valve, petal, braid, speech, dialect, discrimination, dispose of, distinguish, conical cap",N1,ベン,"かんむり, わきま.える, わ.ける, はなびら, あらそ.う",5,⼶,にじゅうあし,folded hands,4 (厶) người chắp tay (廾) biện luận (弁),7,蓋,弄
却,KHƯỚC,Khước từ,"instead, on the contrary, rather, step back, withdraw, retreat",N1,キャク,"かえ.って, しりぞ.く, しりぞ.ける",7,卩,ふしづくり,kneel,Quá khứ (去) thích ăn tiết (卩) canh nên bị khước từ (却),4,怯,蓋
藻,TẢO,Rong tảo,"seaweed, duckweed",N1,ソウ,も,19,艸,くさかんむり,grass,Cỏ (艹) dưới nước (氵) tạo ra sản phẩm (品) là cây (木) tảo (藻),0,繰,奨
尿,NIỆU,Nước tiểu,urine,N1,ニョウ,"ゆばり, いばり, しと",7,尸,しかばね,corpse,Xác chết (尸) ra nước (水) tiểu (尿),0,升,尾
尾,VĨ,Cái đuôi,"tail, end, counter for fish, lower slope of mountain",N1,ビ,お,7,尸,しかばね,corpse,Xác chết (尸) mọc lông (毛) đuôi (尾),0,尿,尻
翻,PHIÊN,Phiên dịch,"flip, turn over, wave, flutter, change (mind)",N1,"ホン, ハン","ひるがえ.る, ひるがえ.す",18,羽,はね,feather,Trong phiên (番) tòa người có vây cánh (羽) là phiên dịch (翻),4,眉,藩
藩,PHIÊN,Bờ rào,"clan, enclosure",N1,ハン,,18,艸,くさかんむり,grass,Ra bờ rào (藩) lấy cỏ (艹) và nước (氵) mang đến phiên (番) tòa,0,翻,審
奔,BÔN,Bôn ba,"run, bustle",N1,ホン,はし.る,8,大,だい,"big, very",Đại (大) ca thi 10 (十) lần chắp tay (廾) khấn để đỗ Đại Học Bôn Ba (奔),0,弄,升
怯,KHIẾP,Khiếp sợ,"cowardice, wince, flinch, hesitate, waver",N1,"キョウ, コウ","ひる.む, おびえ.る, おじる, おび.える, おそ.れる",8,心,りっしんべん,heart,Tim (忄) nghĩ đến chuyện quá khứ (去) thấy khiếp sợ (怯),2,鋳,却
溺,NỊCH,Chết đuối,"drown, indulge",N1,"デキ, ジョウ, ニョウ","いばり, おぼ.れる",13,水,さんずい,water,Nước (氵) yếu (弱) cũng có thể chết đuối (溺),0,沸,鰯
審,THẨM,Thẩm phán,"hearing, judge, trial",N1,シン,"つまび.らか, つぶさ.に",15,宀,うかんむり,roof,Dưới mái nhà (宀) có phiên (番) tòa phúc thẩm (審),2,藩,冥
冥,MINH,U tối,dark,N1,"メイ, ミョウ",くら.い,10,冖,わかんむり,cover,Trùm khăn (冖) che mặt trời (日) nên 6 (六) ngày u tối (冥),0,審,瞑
瞑,MINH,Nhắm mắt,"sleep, dark, close eyes",N1,"メイ, ベン, ミョウ, ミン, メン","めい.する, つぶ.る, つむ.る, くら.い",15,目,あみがしら,eye,Nhắm (瞑) mắt (目) thấy u tối (瞑),0,冥,罷
熊,HÙNG,Con gấu,bear,N1,ユウ,くま,14,火,れっか,fire,Con gấu (熊) có năng lực (能) phun ra lửa (灬),0,罷,属
虞,NGU,Sợ hãi,"fear, uneasiness, anxiety, concern, expectation, consideration",N1,グ,"おそれ, おもんぱか.る, はか.る, うれ.える, あざむ.く, あやま.る, のぞ.む, たの.しむ",13,虍,とらがしら,tiger stripes,Hổ (虍) ăn ngô (呉) trong sợ hãi (虞),0,娯,汰
駄,ĐÀ,Thồ hàng,"burdensome, pack horse, horse load, send by horse, trivial, worthless",N1,"ダ, タ",,14,馬,うま,horse,Ngựa (馬) béo (太) để thồ hàng (駄),1,汰,鰹
睨,NGHỄ,"Liếc, lườm","glaring at, authority, power, scowl at",N1,ゲイ,"にら.む, にら.み",13,目,あみがしら,eye,Liếc (睨) mắt (目) nhìn ngạo nghễ cái cối (臼) có chân (儿),0,毀,鼠
鼠,THỬ,Con chuột,"rat, mouse, dark gray",N1,"ソ, ショ","ねずみ, ねず",13,鼠,ねずみ,"rat, mouse",Dưới cối xay (臼) thấy 4 hạt gạo (= =) và 3 cái đuôi (ししし) chuột (鼠),1,睨,興
槽,TÀO,Cái máng,"vat, tub, tank",N1,ソウ,ふね,15,木,き,tree,Cái máng (槽) gỗ (木) của Tào Tháo (曹),0,曹,遭
輿,DƯ,Kiệu,"palanquin, bier, public opinion, the earth",N1,ヨ,"かご, こし",17,車,うす,"cart, car",Trên kiệu (興) có cái cối (臼) và xe (車) cần 18 (一八) người khênh,0,興,挟
峡,HẠP,Hẻm núi,"gorge, ravine",N1,"キョウ, コウ",はざま,9,山,やま,mountain,Hẻm (峡) núi (山) hẹp (来),0,挟,頬
后,HẬU,Hoàng hậu,"empress, queen, after, behind, back, later",N1,コウ,きさき,6,⼝,くち,mouth,Dưới sườn núi (厂) có 1 (一) miệng (口) đang gào thét là hoàng hậu (后),0,漕,垢
凄,THÊ,Kinh khủng,"uncanny, weird, threatening, horrible",N1,"セイ, サイ","さむ.い, すご.い, すさ.まじい",10,冫,にすい,ice,Mặt lạnh như băng (冫) vửa vợ (妻) thật kinh khủng (凄),1,畝,沿
皇,HOÀNG,Hoàng đế,emperor,N1,コウ、オウ,,9,⽩,しろ,white,Da trắng (白) như vua (王) là hoàng đế (皇),0,丹,呈
沿,DUYÊN,Men theo,"run alongside, follow along, run along, lie along",N1,エン,そ、そう,8,⺡,さんずい,water,Men theo (沿) dòng nước (氵) qua 8 (八) cửa khẩu (口),2,凄,鉛
娼,XƯỚNG,Con hát,prostitute,N1,ショウ,あそびめ,11,女,おんな,"woman, female",Người phụ nữ (女) hát ngày (日) qua ngày (日) là con hát (娼),0,唱,殖
剥,BÁC,"Bóc, gọt","come off, peel, fade, discolor",N1,"ハク, ホク","へ.ぐ, へず.る, む.く, む.ける, は.がれる, は.ぐ, は.げる, は.がす",10,刀,けいがしら,"knife, sword",Em Thủy (隶) dùng đao (刂) để gọt (剥),4,踏,禄
撫,"PHỦ, MÔ",Xoa (đầu),"stroke, pat, smooth down",N1,"ブ, フ",な.でる,15,手,てへん,hand,Tay (扌) vô (無) xoa đầu (撫),1,岬,巫
岬,GIÁP,Vệ núi,"headland, cape, spit, promontory",N1,コウ,みさき,8,山,やま,mountain,Núi (山) giáp (甲) vệ núi (岬),0,甲,撫
甲,GIÁP,Áo giáp,"armor, high (voice), A grade, first class, former, instep, carapace",N1,"コウ, カン",きのえ,5,田,ひ,field,Mặc áo giáp (甲) mất tự do (由),0,循,岬
巫,VU,Vu nữ,"sorcerer, medium, shrine maiden",N1,フ,"みこ, かんなぎ",7,工,たくみ,work,Công nhân (工) đứng giữa 2 người (人) Vu nữ (巫),0,撫,挫
囃,TẠP,Tán dương,"play (music), accompany, beat time, banter, jeer, applaud",N1,"サツ, ソウ","はや.す, はやし",21,口,くち,"mouth, opening",Miệng (口) nói lần đầu (亠) 2 người (人) trồng cây (木) nuôi chim (隹) đã thành công thật đáng tán dương (囃),0,挫,伐
托,THÁC,Nâng,"requesting, entrusting with, pretend, hint",N1,タク,"たく.する, たの.む",6,手,てへん,hand,Tay (扌) 17 (モ) tuổi có thể nâng (托) mọi thứ,0,詫,羞
閥,PHIỆT,Quân phiệt,"clique, lineage, pedigree, faction, clan",N1,バツ,,14,門,もんがまえ,gate,Quân phiệt (閥) mở cổng (門) đi chinh phạt (伐),0,伐,箋
塀,BIÊN,Tường rào,"fence, wall, (kokuji)",N1,"ヘイ, ベイ",,12,土,つち,earth,Ở tường rào (塀) đất (土) có xác chết (尸) con yêu tinh (并),0,併,暇
霞,HÀ,Sương mờ,"be hazy, grow dim, blurred",N1,"カ, ゲ","かすみ, かす.む",17,雨,あめ,rain,Mưa (雨) lên xác chết (尸) 2 (二) cô (コ) lại (又) tạo nên làn sương mờ (霞),0,暇,歪
甥,SANH,Cháu trai,nephew,N1,"セイ, ソウ, ショウ","おい, むこ",12,生,うまれる,life,Cháu trai (甥) mới sinh (生) tên Nam (男),0,歪,湧
暇,HẠ,Nhàn hạ,"spare time, rest, leisure, time, leave of absence",N1,カ,ひま,13,,ひへん,"sun, day, time",Cả ngày (日) xác chết (尸) 2 (二) cô (コ) chỉ đi lại (又) khá nhàn hạ (暇),5,塀,霞
溜,LỰU,Đọng lại,"collect, gather, be in arrears",N1,リュウ,"た.まる, たま.る, た.める, したた.る, たまり, ため",13,水,さんずい,water,Nước (氵) lưu lại (留) do bị đọng lại (溜),0,湧,瑠
瑠,LƯU,Ngọc lưu ly,lapis lazuli,N1,"ル, リュウ",,14,玉,たま,jade (king),Vua (王) lưu lại (留) rất nhiều ngọc lưu ly (瑠),0,溜,瘤
緯,VĨ,Vĩ tuyến,"horizontal, woof, left & right, (parallels of) latitude, prediction",N1,イ,"よこいと, ぬき",16,糸,いと,silk,Sợi tơ (糸) đi vi (韋) hành là vĩ tuyến (緯),2,瘤,柿
遡,TỐ,Ngược dòng,"go upstream, retrace the past",N1,"ソ, サク",さかのぼ.る,13,辵,しんにょう,walk,Cỏ non (䒑屮) dưới ánh trăng (月) mọc đi xa (辶) ngược dòng (遡) nước,0,塑,俊
俊,TUẤN,Tuấn tú,"sagacious, genius, excellence",N1,シュン,,9,人,にんべん,"man, human",Người đứng (亻) mà có 4 (厶) chân chạy (儿) phía sau (夂) là người tuấn tú (俊),0,遡,唆
唆,TOA,Xúi giục,"tempt, seduce, instigate, promote",N1,サ,"そそ.る, そそのか.す",10,口,くち,"mouth, opening",Miệng (口) và 4 (厶) chân chạy (儿) phía sau (夂) xúi giục (唆),0,俊,酸
駿,TUẤN,Tuấn mã,"a good horse, speed, a fast person",N1,"シュン, スン",すぐ.れる,17,馬,うま,horse,Con ngựa (馬) 4 (厶) chân chạy (儿) phía sau (夂) là tuấn mã (駿),0,酸,竣
遣,KHIỂN,Điều khiển,"dispatch, despatch, send, give, donate, do, undertake",N1,ケン,"つか.う, -つか.い, -づか.い, つか.わす, や.る",13,辵,しんにょう,walk,Ở trung tâm (中) có 1 (一) ông quan đeo kính (B) đi xa (辶) để điều khiển (遣) quân,4,棺,槌
獅,SƯ,Con sư tử,lion,N1,シ,しし,13,犬,けものへん,dog,Con chó (犭) của giáo sư (師) to như con sư tử (獅),0,帥,旨
埠,PHỤ,Bến tàu,wharf,N1,"フ, ホ","つか, はとば",11,土,つち,earth,Đất (土) ở tỉnh Gifu (阜) có bến tàu (埠),0,槌,帥
憾,HÁM,Hối tiếc,"remorse, regret, be sorry",N1,カン,うら.む,16,心,りっしんべん,heart,Trái tim (忄) cảm thấy (感) hối tiếc (憾),1,稽,鍼
稽,KÊ,Cãi cọ,"think, consider",N1,ケイ,"かんが.える, とど.める",15,禾,のぎへん,grain,Cãi cọ (稽) tranh chấp lúa (禾) đương nhiên (尤) chỉ (旨) thấy mất vui,0,詣,憾
隠,ẨN,Ở ẩn,"conceal, hide, cover",N1,"イン, オン","かく.す, かく.し, かく.れる, よ.る",14,阜,こざとへん,"mound, dam (阝 left)",Bồ (阝) dùng móng tay (爪) Em (ヨ) đặt lên tâm (心) quyết ở ẩn (隠),2,梁,穏
殉,TUẪN,Chết theo,"martyrdom, follow by resigning",N1,ジュン,,10,歹,がつ,"death, decay",Bị ngạt (歹) 1 tuần (旬) sẽ chết theo (殉),0,旬,絢
穏,ỔN,Yên ổn,"calm, quiet, moderation",N1,オン,おだ.やか,16,禾,のぎへん,grain,Hòa (禾) dùng móng tay (爪) Em (ヨ) đặt lên tâm (心) thấy yên ổn (穏),3,隠,痩
匂,MÙI,Mùi,"fragrant, stink, glow, insinuate, (kokuji)",N1,,"にお.う, にお.い, にお.わせる",4,勹,つつみがまえ,"wrap, embrace",Trong bao (勹) có cái thìa (匕) để lâu ngày bốc mùi (匂),2,勾,旬
痩,SẤU,Gầy,get thin,N1,"ソウ, チュウ, シュウ, シュ",や.せる,12,疒,やまいだれ,sickness,Bị bệnh (疒) thân (申) thể lại (又) gầy (痩) đi,1,穏,挿
亀,QUY,Con rùa,"tortoise, turtle",N1,"キ, キュウ, キン",かめ,11,乛,かめ,second,Móc (ク) 2 ngày (日) Lên (L) được con rùa (亀),1,挿,縄
稲,ĐẠO,Bông lúa,rice plant,N1,トウ,いね、いな,14,⽲,のぎへん,grain,Hòa (禾) sơn lại móng tay (爪) 18 (旧) lần vì phải cắt lúa (稲),0,陥,葵
廃,PHẾ,Tàn phế,"abolish, obsolete, cessation, discarding, abandon",N1,ハイ,"すた.れる, すた.る",12,广,まだれ,house on cliff,Dưới mái hiên (广) phát (発) bệnh tàn phế (廃),3,葵,庶
斉,TỀ,Ngang bằng,"adjusted, alike, equal, similar variety of",N1,"セイ, サイ","そろ.う, ひと.しい, ひと.しく, あたる, はやい",8,文,せい,"script, literature",Học văn (文) Nguyệt thiếu (月) sự chỉnh tề (斉),1,誠,弐
賦,PHÚ,Đánh thuế,"levy, ode, prose, poem, tribute, installment",N1,"フ, ブ",,15,貝,かい,shell,Đánh thuế (賦) bảo bối (貝) và vũ khí (武),0,弐,戒
載,TẢI,Đăng tải,"ride, board, get on, place, spread, 10**44, record, publish",N1,サイ,"の.せる, の.る",13,車,くるま,"cart, car",10 (十) xe (車) đi qua (戈) là xe tải (載),4,栽,戴
繊,TIÊM,Thanh mảnh,"slender, fine, thin kimono",N1,セン,,17,糸,いと,silk,Sợi tơ (糸) 10 (十) người xếp hàng (业) qua (戈) đó chọn được sợi thanh mảnh (繊),1,戴,戌
弐,NHỊ,Số 2,"II, two, second",N1,"ニ, ジ","ふた.つ, そえ",6,弋,いち,"shoot, arrow",1 (一) tên giặc (弋) gọi 2 (二) tiểu nhị (弐),0,斉,賦
戒,GIỚI,Cảnh giới,commandment,N1,カイ,いまし.める,7,戈,ほこ,"spear, halberd",Chắp tay (廾) bước qua (戈) cảnh giới (戒) mới,1,賦,賊
戌,TUẤT,Giờ tuất,"sign of the dog, 7-9PM, eleventh sign of Chinese zodiac",N1,ジュツ,いぬ,6,戈,いち,"spear, halberd",Ép (F) làm việc qua (戈) giờ Tuất (戌),0,繊,威
蔑,MIỆT,Khinh miệt,"ignore, despise, neglect, ridicule",N1,ベツ,"ないがしろ, なみ.する, くらい, さげす.む",14,艸,くさかんむり,grass,Cô giáo Thảo (艹) lái xe đánh võng (皿) vào giờ Tuất (戌) nên bị khinh miệt (蔑),0,滅,茂
賊,TẶC,Hải tặc,"burglar, rebel, traitor, robber",N1,ゾク,,13,貝,かい,shell,Bảo bối (貝) đã qua (戈) tay 10 (十) hải tặc (賊),1,戒,拭
膚,PHU,Da,"skin, body, grain, texture, disposition",N1,フ,はだ,15,,にくづき,"meat, flesh",Hổ (虍) có dạ dày (胃) mềm như da (膚) em bé,1,戯,慮
虐,NGƯỢC,Ngược đãi,"tyrannize, oppress",N1,ギャク,しいた.げる,9,虍,とらがしら,tiger stripes,Hổ (虍) bị Em (E) ngược đãi (虐),1,虜,糾
遵,TUÂN,Tuân lệnh,"abide by, follow, obey, learn",N1,ジュン,,15,辵,しんにょう,walk,Đã tôn kính (尊) thì đi xa (辶) vẫn tuân lệnh (遵),0,猶,樽
猶,DO,Do dự,"furthermore, still, yet",N1,"ユウ, ユ",なお,12,犬,けものへん,dog,Chó (犭) uống hết 2 bình rượu (酋) không do dự (猶),0,糾,遵
樽,TÔN,Thùng,"barrel, cask, keg",N1,ソン,たる,16,木,き,tree,Gỗ (木) + tôn (尊) = Thùng (樽),0,遵,噂
垣,VIÊN,Hàng rào,"hedge, fence, wall",N1,エン,かき,9,土,つち,earth,Đắp đất (土) 2 ngày (亘) ra khuôn viên hàng rào (垣),0,恒,褻
噂,ĐỒN,Tin đồn,"rumor, gossip, hearsay",N1,ソン,うわさ,15,口,くち,"mouth, opening",Miệng (口) nói tôn kính (尊) không nghe tin đồn (噂),0,樽,鱒
褻,TIẾT,Tục tỉu,filthy,N1,セツ,"けが.れる, な.れる",17,衣,ころも,clothes,Lúc đầu (亠) tiên sinh (先) chân đất (土) đi trong vòng tròn (丸) mặc y phục (衣) nhìn tục tĩu (褻),0,垣,睦
嘘,HƯ,Nói dối,"lie, falsehood",N1,"キョ, コ","うそ, ふ.く",14,口,くち,"mouth, opening",Miệng (口) hư (虚) hay nói dối (嘘),1,虚,戯
凌,LĂNG,Vượt qua,"endure, keep (rain)out, stave off, tide over, defy, slight, surpass",N1,リョウ,しの.ぐ,10,冫,にすい,ice,Đóng băng (冫) tiên sinh (先) sau (夂) đó vượt qua (凌),0,陵,喚
監,GIÁM,Giám đốc,"oversee, official, govt office, rule, administer",N1,カン,,15,皿,しん,dish,Đại thần (臣) nằm (𠂉) 1 (一) mình trên đĩa (皿) là giám đốc (監),3,姫,鑑
姫,CƠ,Chúng chúa,princess,N1,キ,"ひめ, ひめ-",10,女,おんな,"woman, female",Nữ (女) thần (臣) là công chúa (姫),2,喚,監
濫,LẠM,Lạm dụng,"excessive, overflow, spread out",N1,ラン,"みだ.りに, みだ.りがましい",18,水,さんずい,water,Thủy (氵) bị giám đốc (監) lạm dụng (濫),1,藍,徳
憲,HIẾN,Hiến pháp,"constitution, law",N1,ケン,,16,⼼,こころ,"heart, mind, spirit",Dưới mái nhà (宀) vua lòi đầu (主) nằm võng (皿) tâm (心) nghĩ về hiến pháp (憲),0,聴,懐
之,CHI,"Đây, này","of, this",N1,シ,"の, これ, ゆく, この",3,丿,なべぶた,slash,Cái này là chi (之) Zậy (Z)?,0,懐,乏
芝,CHI,Cỏ,"turf, lawn",N1,シ,しば,6,⺾,くさかんむり,grass,Cỏ (芝) này là cỏ (艹) chi (之)?,1,乏,慢
慢,MẠN,Ngạo mạn,"ridicule, laziness",N1,マン,,14,心,りっしんべん,heart,Con tim (忄) suy nghĩ miên man (曼) rồi trở nên ngạo mạn (慢),8,芝,漫
称,XƯNG,Xưng tên,"appellation, praise, admire, name, title, fame",N1,ショウ,"たた.える, とな.える, あ.げる, かな.う, はか.り, はか.る, ほめ.る",10,禾,のぎへん,grain,Hòa (禾) thượng nằm (𠂉) còn chú tiểu (小) xưng tên (称),3,鰻,弥
鰻,MAN,Con lươn,eel,N1,"マン, バン",うなぎ,22,魚,うお,fish,Cá (魚) dài miên man (曼) là con lươn (鰻),0,蔓,称
潰,HỘI,Nghiền nát,"crush, smash, break, dissipate",N1,"カイ, エ","つぶ.す, つぶ.れる, つい.える",15,水,さんずい,water,Nước (氵) quý tộc () nghiền nát (潰) nước khác,0,遺,憤
脊,TÍCH,Xương sống,"stature, height, spine",N1,セキ,"せ, せい",10,肉,ひと,meat,Xương sống (脊) người (人) chỉ có 4 (==) đốt là Nguyệt (月),0,髭,滑
享,HƯỞNG,Hưởng thụ,"enjoy, receive, undergo, answer (phone), take, get, catch",N1,"キョウ, コウ",う.ける,8,亠,なべぶた,lid,Đầu (亠) tiên miệng (口) dạy trẻ con (子) hưởng thụ (享),0,滑,郭
藍,LAM,Xanh lam,indigo,N1,ラン,あい,18,艸,くさかんむり,grass,Cỏ (艹) của giám đốc (監) có màu xanh (藍),0,艦,濫
熟,THỤC,Thuần thục,"mellow, ripen, mature, acquire skill",N1,ジュク,う、うれる,15,⺣,れっか,fire,Hưởng (享) tròn (丸) vẹn bếp lửa (灬) giúp nấu ăn thuần thục (熟),2,郭,醇
蒼,THƯƠNG,Cỏ xanh,"blue, pale",N1,ソウ,あお.い,13,艸,くさかんむり,grass,Cỏ (艹) trong nhà kho (倉) là cỏ xanh (蒼),0,槍,没
股,CỔ,"Bẹn,háng","thigh, crotch",N1,コ,"また, もも",8,肉,つき,meat,Nguyệt (月) bị kẻ thù (殳) đá vào bẹn (股),0,没,疫
槍,THƯƠNG,Cây giáo,"spear, lance, javelin",N1,"ソウ, ショウ",やり,14,木,き,tree,Cây (木) thương (倉) là cây giáo (槍),0,創,蒼
創,SÁNG,Sáng tạo,"genesis, wound, injury, hurt, start, originate",N1,ソウ,"つく.る, はじ.める, きず, けず.しける",12,⺉,りっとう,"knife, sword",Thương (倉) đao (刂) sáng (創) loáng,2,倉,槍
殻,XÁC,Vỏ,"husk, nut shell",N1,"カク, コク, バイ","から, がら",11,殳,るまた,"weapon, lance",Binh sĩ (士) trùm khăn (冖) cầm ghế (几) đập kẻ thù (殳) bay xác (殻),0,盤,穀
庇,TÍ,Che chở,"protect, shield, defend, eaves, canopy, penthouse, visor",N1,ヒ,"ひさし, おお.う, かば.う",7,广,まだれ,house on cliff,Dưới mái hiên (广) có tỉ (比) che chở (庇),1,壱,陛
陛,BỆ,Bệ hạ,"highness, steps (of throne)",N1,ヘイ,,10,⻖,こざとへん,"hill, mound",Bệ hạ (陛) cho bồ (阝) cả tỉ (比) mảnh đất (土),0,庇,蛇
耐,NẠI,Nhẫn nại,"-proof, enduring",N1,タイ,た.える,9,而,しこうして,beard,Thiếu nhi (而) nghịch rất thốn (寸) cần nhẫn nại (耐),2,濡,瑞
須,TU,Cần thiết,"ought, by all means, necessarily",N1,"ス, シュ","すべから.く, すべし, ひげ, まつ, もち.いる, もと.める",12,頁,さんづくり,leaf,Tóc (彡) trắng như giấy (頁) cần thiết (須) phải nhuộm,0,煩,謡
頃,KHOẢNH,Khoảnh khắc,"time, about, toward",N1,ケイ,ころ,11,⾴,おおがい,"head, page",Khoảnh khắc (頃) cười hihi (匕) khi nhặt được tiền giấy (頁),2,喘,煩
陶,ĐÀO,Đồ gốm,"pottery, porcelain",N1,トウ,すえ,11,阜,こざとへん,"mound, dam (阝 left)",Bồ (阝) dùng bao (勹) đất cho vào lon (缶) để làm đồ gốm (陶),0,遥,淘
薦,TIẾN,Tiến cử,"recommend, mat, advise, encourage, offer",N1,セン,すす.める,16,艸,くさかんむり,grass,Cô giáo Thảo (艹) từ mái hiên (广) ra hàng rào (井) bắt 5 (ち) con gà nướng (灬) mang đi tiến cử (薦),3,麓,慶
撤,TRIỆT,Triệt bỏ,"remove, withdraw, disarm, dismantle, reject, exclude",N1,テツ,,15,手,てへん,hand,Phải triệt bỏ (撤) mấy tay (扌) giáo dục (育) bằng cách đánh (攵) đập,0,慶,棄
棄,KHÍ,Bỏ,"abandon, throw away, discard, resign, reject, sacrifice",N1,キ,す.てる,13,木,なべぶた,tree,Đầu (亠) tư (厶) hẳn 1 (一) ngọn núi (山) để trồng cây (木) nhưng rồi cũng bỏ (棄),3,撤,叔
寂,TỊCH,Lặng yên,"loneliness, quietly, mellow, mature, death of a priest",N1,"ジャク, セキ","さび, さび.しい, さび.れる, さみ.しい",11,宀,うかんむり,roof,Dưới mái nhà (宀) thúc (叔) chỉ ngồi lặng yên (寂),1,淑,督
叔,THÚC,Chú,"uncle, youth",N1,シュク,,8,又,また,right hand,Thúc (叔) là bề trên (上) của thằng nhỏ (小) đang đi lại (又),0,棄,淑
戚,THÍCH,Thân thích,"grieve, relatives",N1,"ソク, セキ","いた.む, うれ.える, みうち",11,戈,の,"spear, halberd",Tết Mậu Thân (戊) người bề trên (上) lạc mất đứa nhỏ (小) thân thích (戚),1,督,朴
壱,NHẤT,Số 1,one (in documents),N1,"イチ, イツ",ひとつ,7,士,さむらい,"scholar, bachelor",Binh sĩ (士) trùm khăn (冖) cười hihi (匕) là sướng nhất (壱),0,刹,庇
盤,BÀN,Địa bàn,"tray, shallow bowl, platter, tub, board, phonograph record",N1,バン,,15,皿,さら,dish,Địa bàn (盤) này bình thường (般) bán bát đĩa (皿),1,搬,殻
朴,"PHÁC, BỐC",Chất phác,"crude, simple, plain, docile",N1,ボク,"ほう, ほお, えのき",6,木,き,tree,Bốc cây (木) to (卜) là người chất phác (朴),1,戚,赴
陀,ĐÀ,A di đà phật,steep,N1,"タ, ダ, イ, チ, ジ","けわ.しい, ななめ",8,阜,こざとへん,"mound, dam (阝 left)",Bồ (阝) của mãng xà (它) niệm A Di Đà Phật (陀),0,舵,而
赴,PHÓ,Tới nhận chức,"proceed, get, become, tend",N1,フ,おもむ.く,9,走,はしる,run,Chạy (走) bước to (卜) tới nhận thức (赴),3,朴,訃
墾,KHẨN,Khai khẩn,"ground-breaking, open up farmland",N1,コン,"は.る, ひら.く",16,土,むじなへん,earth,Sâu (豸) không tốt (良) cho đất (士) khai khẩn (墾),0,貌,懇
麗,LỆ,Đẹp,"lovely, beautiful, graceful, resplendent",N1,レイ,"うるわ.しい, うら.らか",19,鹿,いち,deer,Đôi mắt (而 而) con hươu (鹿) rất đẹp (麗),1,蟹,麓
寵,SỦNG,Sủng ái,"affection, love, patronage",N1,チョウ,"めぐ.み, めぐ.む",19,宀,うかんむり,roof,Dưới mái nhà (宀) con rồng (龍) được sủng ái (寵),0,襲,聾
懲,TRỪNG,Trừng phạt,"penal, chastise, punish, discipline",N1,チョウ,"こ.りる, こ.らす, こ.らしめる",18,心,こころ,heart,Đặc trưng (徴) của trái tim (心) là sợ bị trừng phạt (懲),1,徴,烏
鶴,HẠC,Con hạc,"crane, stork",N1,カク,つる,21,鳥,とり,bird,Trùm khăn (冖) lên 2 con chim (鳥 隹) biến thành con hạc (鶴),0,鵜,鶏
徴,TRƯNG,Đặc trưng,"indications, sign, omen, symptom, collect, seek, refer to, question",N1,"チョウ, チ",しるし,14,彳,ぎょうにんべん,step,Đặc trưng (徴) 2 người (彳) trên núi (山) kể cả gặp vua (王) cũng đánh (攵),1,微,懲
耗,HÁO,Tiêu hao,decrease,N1,"モウ, コウ",,10,耒,らいすき,plow,Đi cày (耒) rụng hết lông (毛) di tiêu hao (耗) sức lực,1,耕,彗
鶏,KÊ,Con gà,chicken,N1,ケイ,"にわとり, とり",19,鳥,とり,bird,"Dùng móng tay (爪) chồng (夫) vặt lông chim (鳥), lông gà (鶏)",0,鶴,鷹
鷹,ƯNG,Chim ưng,hawk,N1,"ヨウ, オウ",たか,24,鳥,まだれ,bird,Dưới mái hiên (广) người đứng (亻) ngắm 2 con chim (隹 鳥) ưng (鷹),0,鶏,鷲
傑,KIỆT,Kiệt xuất,"greatness, excellence",N1,ケツ,すぐ.れる,13,人,にんべん,"man, human",Người (亻) bị hen suyễn (舛) vẫn trèo được lên cây (木) là kiệt xuất (傑),0,鱗,瞬
脛,HĨNH,Cẳng chân,"leg, shin",N1,ケイ,"すね, はぎ",11,肉,つき,meat,Nguyệt (月) 1 (一) lần đi tắm sông (巛) bị anh công nhân (工) nhìn thấy cẳng chân (脛),0,瞥,巡
瞥,MIẾT,Liếc qua,glance at,N1,"ベツ, ヘツ",,17,目,あみがしら,eye,Tệ (敝) nhất là mắt (目) Liếc (瞥) qua,0,蔽,脛
巡,TUẦN,Tuần tra,"patrol, go around, circumference",N1,ジュン,"めぐ.る, めぐ.り",6,巛,まがりがわ,river,Tuần tra (巡) trên sông (巛) phải đi xa (辶),1,脛,拶
鬱,UẤT,Uất ức,"gloom, depression, melancholy, luxuriant",N1,ウツ,"うっ.する, ふさ.ぐ, しげ.る",29,鬯,みずがめ,"herbs, sacrificial wine",Buổi trưa (午) lên núi (山) vào rừng (林) trùm khăn (巾) xõa tóc (彡) chuồn chuồn (※) bay vào mồm (凵) Thơ hay vậy! mà vẫn bị cười hihi (匕) thật uất ức (鬱),1,璽,漆
璃,LI,Pha lê,"glassy, lapis lazuli",N1,リ,,15,玉,たま,jade (king),Vua (王) cầm chiếc li (高) pha lê (璃),0,拶,禽
皺,TRỨU,Nếp nhăn,"wrinkles, creases, folds",N1,"シュウ, スウ","しわ, しぼ",15,皮,けがわ,skin,Ăn hết 2 bao (勹) mầm non (屮) da (皮) sẽ hết nếp nhăn (皺),0,雛,爽
漆,TẤT,Cây sơn,"lacquer, varnish, seven",N1,シツ,うるし,14,水,さんずい,water,Nước (氵) trên cây gỗ (木) người (人) dùng quét là nước (水) sơn (漆),0,鬱,膝
黎,LÊ,Bình minh,"dark, black, many",N1,"レイ, リ",くろ.い,15,黍,きび,millet,Bình minh (黎) đi cắt lúa (禾) mang theo 1 (丿) con đao (刀) người (人) bắt đầu xuống nước (水),0,膝,姦
晶,TINH,Kết tinh,"sparkle, clear, crystal",N1,ショウ,,12,日,ひ,"sun, day",Kết tinh (晶) mất 3 ngày (日),0,姦,囁
贅,CHUẾ,$undefined,"Xa xỉ, thừa thãi",$undefined,"ゼイ, セイ",いぼ,18,貝,,shell,$undefined,0,吠,痒
琶,BÀ,Đàn tỳ bà,lute,N1,"ハ, ベ, ワ",,12,玉,たま,jade (king),2 ông vua (王王) đánh ba (巴) cây đàn tỳ bà (琶),0,琵,馳
琴,CẦM,Đàn,"harp, koto",N1,"キン, ゴン",こと,12,玉,たま,jade (king),2 ông vua (王王) bây giờ (今) đang cầm đàn (琴),0,囁,琵
痒,DƯỠNG,$undefined,Ngứa,$undefined,ヨウ,"かゆ.がる, かさ, かゆ.い",11,疒,,sickness,$undefined,0,贅,掻
貌,MẠO,Dung mạo,"form, appearance, countenance",N1,"ボウ, バク","かたち, かたどる",14,豸,むじなへん,"cat, badger",Con sâu (豸) màu trắng (白) khi chân chạy (儿) dung mạo (貌) rất đẹp,0,豹,墾
迄,HẤT,Cho đến,"until, up to, as far as, to the extent",N1,キツ,"まで, およ.ぶ",6,辵,しんにょう,walk,Ăn xin (乞) đi xa (辶) cho đến (迄) giờ mới quay lại,0,乞,吃
籠,LUNG,Cái giỏ,"basket, devote oneself, seclude oneself, cage, coop, implied",N1,"ロウ, ル","かご, こ.める, こも.る, こ.む",22,竹,たけ,bamboo,Cái giỏ (籠) làm trúc (竹) trên có hình con rồng (龍),0,龍,襲
吃,CẬT,Nói lắp,stammer,N1,キツ,ども.る,6,口,くち,"mouth, opening",Miệng (口) ăn xin (乞) nói lắp (吃),0,迄,又
瞬,THUẤN,Nháy mắt,"wink, blink, twinkle",N1,シュン,"またた.く, まじろ.ぐ",18,目,あみがしら,eye,Nháy (瞬) mắt (目) dùng móng tay (爪) trùm khăn (冖) để tránh bị hen suyễn (舛),2,傑,幣
